재질,외경_mm,두께_mm,길이_m,무게_kg,생산시간_분,생산단가_원
Stainless Steel 304,254.0,8.56,12.01,632.68,92.32,2864467
Carbon Steel,254.0,4.78,5.95,176.144,43.13,218922
Stainless Steel 304,25.4,3.38,5.959,10.982,40.34,56668
HDPE,76.2,2.11,8.951,4.191,27.68,12859
Stainless Steel 304,25.4,2.77,11.974,19.043,68.34,97811
Stainless Steel 304,25.4,2.77,6.002,9.491,33.76,48885
Galvanized Steel,101.6,3.05,6.039,44.809,35.85,73609
Stainless Steel 304,38.1,1.65,11.986,18.063,62.36,91627
Carbon Steel,101.6,2.11,3.049,15.678,20.58,23033
HDPE,25.4,3.38,5.962,1.337,20.56,6595
Stainless Steel 304,25.4,3.38,5.983,11.283,40.22,57977
Carbon Steel,101.6,2.11,3.006,15.718,19.79,23206
Stainless Steel 316,50.8,2.77,11.961,40.029,68.88,232604
Copper,38.1,1.65,9.026,14.977,42.37,187100
Copper,101.6,2.11,3.037,17.851,24.53,218676
HDPE,152.4,6.35,5.961,16.659,28.26,34341
HDPE,152.4,6.35,6.001,16.375,28.32,34401
Copper,38.1,1.65,11.986,20.129,56.53,250887
Stainless Steel 304,38.1,1.65,9.011,13.531,47.78,69729
Carbon Steel,25.4,2.77,12.005,18.511,46.97,30752
Stainless Steel 304,38.1,2.77,11.997,29.494,64.96,144672
Carbon Steel,50.8,1.65,9.009,18.116,34.47,27978
Stainless Steel 316,25.4,1.65,11.989,11.715,64.1,76377
HDPE,76.2,2.11,6.05,2.788,20.51,8961
Copper,25.4,1.65,9.02,9.961,43.6,127840
HDPE,203.2,3.96,12.011,28.219,42.45,57827
PVC,76.2,2.11,12.021,8.203,33.09,24388
HDPE,76.2,2.11,11.959,5.65,32.53,15640
Carbon Steel,254.0,3.4,9.039,192.23,52.51,241495
Stainless Steel 304,25.4,1.65,11.978,11.808,60.57,63970
Carbon Steel,203.2,2.77,6.041,82.61,38.21,105784
Stainless Steel 304,152.4,6.35,11.987,281.571,85.39,1282272
Copper,25.4,2.77,12.017,20.927,56.44,260770
HDPE,25.4,2.77,12.005,2.219,33.04,9095
Carbon Steel,76.2,3.05,9.0,49.802,43.76,68116
Copper,38.1,2.77,5.994,16.619,32.06,205799
Carbon Steel,304.8,4.78,6.036,214.232,41.61,265051
Carbon Steel,254.0,8.56,12.034,620.332,70.59,756459
PVC,25.4,1.65,6.002,1.045,17.34,5198
Carbon Steel,25.4,1.65,6.034,5.734,24.7,12157
Carbon Steel,25.4,2.77,12.005,18.734,51.92,32015
Stainless Steel 316,50.8,2.77,11.966,40.672,68.76,235665
Carbon Steel,25.4,2.77,6.048,9.415,28.82,16245
Stainless Steel 316,25.4,2.77,3.039,4.688,24.43,30559
Stainless Steel 316,76.2,5.16,5.953,55.199,49.26,311513
Stainless Steel 316,50.8,3.91,9.044,42.207,60.11,242904
Copper,25.4,1.65,11.96,13.129,56.29,168123
Carbon Steel,101.6,2.11,8.962,46.181,42.6,63811
Copper,101.6,2.11,2.978,17.694,22.83,215544
HDPE,38.1,2.77,12.036,3.473,37.39,12762
PVC,25.4,1.65,3.001,0.515,11.05,3002
Carbon Steel,203.2,2.77,9.046,124.914,46.89,159349
Stainless Steel 304,25.4,1.65,9.01,8.746,47.57,48826
Galvanized Steel,76.2,3.05,12.037,66.074,56.5,109873
Carbon Steel,50.8,3.91,5.965,26.544,31.36,38028
Copper,38.1,3.56,3.009,10.44,25.02,129306
Stainless Steel 304,38.1,3.56,8.975,27.535,47.64,132196
Stainless Steel 316,101.6,2.11,9.015,46.853,58.68,269020
Galvanized Steel,38.1,1.65,3.037,4.486,17.43,9915
Galvanized Steel,50.8,1.65,3.02,5.955,19.99,12147
Stainless Steel 316,203.2,2.77,8.978,128.018,63.31,715075
Stainless Steel 304,38.1,2.77,11.958,29.236,65.18,144232
Stainless Steel 304,101.6,2.11,3.041,16.163,27.84,78095
HDPE,25.4,3.38,11.988,2.659,35.51,10629
Stainless Steel 304,254.0,8.56,3.034,156.276,50.2,712224
HDPE,101.6,5.74,3.05,5.006,20.51,12859
Copper,152.4,2.77,2.995,34.464,29.13,419342
Stainless Steel 304,25.4,2.77,6.002,9.602,36.37,50531
HDPE,76.2,2.11,6.038,2.788,20.14,9388
Carbon Steel,25.4,2.77,6.011,9.374,28.99,17493
Carbon Steel,101.6,2.11,5.995,30.955,31.09,43695
HDPE,50.8,1.65,6.027,1.462,17.42,6370
Carbon Steel,76.2,5.16,9.004,83.303,43.13,108533
Carbon Steel,76.2,2.11,9.037,34.557,40.59,48782
Stainless Steel 316,38.1,1.65,2.985,4.501,21.83,29526
Stainless Steel 304,152.4,2.77,5.983,63.809,42.94,294733
Stainless Steel 304,76.2,3.05,9.042,50.644,53.43,237822
Carbon Steel,38.1,3.56,11.998,36.659,47.15,53161
Stainless Steel 304,101.6,3.05,8.975,68.191,56.23,318520
Carbon Steel,50.8,3.91,8.974,41.03,40.19,55759
Carbon Steel,38.1,3.56,5.983,18.449,31.29,27767
Carbon Steel,50.8,2.77,9.025,30.05,37.61,42735
Carbon Steel,38.1,2.77,12.007,28.573,50.86,43117
Carbon Steel,38.1,3.56,12.04,36.333,51.29,52416
Stainless Steel 304,304.8,9.53,5.99,421.179,74.56,1908977
Copper,76.2,3.05,9.034,56.181,47.57,683054
PVC,50.8,1.65,6.027,2.15,18.03,7876
Stainless Steel 316,38.1,2.77,2.956,7.305,24.16,44906
PVC,101.6,5.74,8.997,21.388,31.9,52880
Carbon Steel,25.4,2.77,12.034,18.62,49.75,31093
Carbon Steel,25.4,1.65,3.031,2.938,16.75,6976
Stainless Steel 304,101.6,5.74,11.988,165.241,68.96,755822
PVC,50.8,1.65,3.04,1.093,10.26,4369
Carbon Steel,203.2,7.04,8.983,308.29,56.62,379932
Stainless Steel 316,50.8,3.91,9.029,41.413,56.25,238312
Carbon Steel,76.2,3.05,3.038,16.572,21.61,23521
Carbon Steel,152.4,6.35,3.004,66.938,30.24,86434
PVC,76.2,5.16,6.041,9.934,22.5,26653
Stainless Steel 304,203.2,3.96,2.964,58.617,36.18,270611
Carbon Steel,203.2,2.77,11.952,166.206,61.0,210763
Stainless Steel 304,25.4,3.38,2.96,5.519,23.34,28835
HDPE,38.1,2.77,8.973,2.61,25.04,9913
PVC,38.1,1.65,3.01,0.795,10.5,2861
Copper,76.2,5.16,12.041,120.784,69.12,1461085
Carbon Steel,25.4,1.65,3.028,2.9,14.62,6151
Galvanized Steel,50.8,2.77,5.959,19.139,31.83,34517
Stainless Steel 316,25.4,3.38,8.971,16.762,55.63,103489
Carbon Steel,101.6,5.74,6.002,80.543,33.66,102090
Stainless Steel 316,25.4,1.65,12.036,11.836,67.1,77593
Stainless Steel 304,25.4,2.77,9.016,14.016,51.68,71810
Carbon Steel,25.4,3.38,2.968,5.381,19.07,9770
PVC,152.4,6.35,11.99,48.724,41.24,114924
Carbon Steel,152.4,6.35,5.959,136.736,38.6,171493
HDPE,38.1,2.77,8.988,2.62,25.11,9539
HDPE,50.8,2.77,9.03,3.6,27.27,11360
Carbon Steel,50.8,1.65,2.976,5.962,16.11,10063
Carbon Steel,38.1,3.56,6.041,18.383,30.46,27053
Carbon Steel,76.2,2.11,6.033,23.319,30.58,34320
Carbon Steel,203.2,3.96,2.988,58.729,27.65,75465
Carbon Steel,101.6,5.74,3.01,40.595,25.19,52787
PVC,38.1,3.56,5.998,3.2,21.53,11008
PVC,38.1,3.56,11.966,6.487,36.05,20520
Stainless Steel 304,38.1,1.65,3.02,4.67,19.54,25684
Carbon Steel,25.4,3.38,5.951,10.889,27.91,18422
Stainless Steel 316,25.4,3.38,12.014,22.7,72.93,138443
Stainless Steel 316,304.8,4.78,3.015,108.361,49.8,604794
Stainless Steel 316,304.8,4.78,2.997,108.145,47.59,603183
PVC,25.4,2.77,9.044,2.522,26.82,10143
HDPE,25.4,3.38,11.973,2.683,33.13,11432
PVC,25.4,3.38,12.004,3.904,36.86,15657
Stainless Steel 316,38.1,3.56,9.037,28.007,58.95,164673
HDPE,304.8,3.4,5.959,18.221,29.19,37249
Stainless Steel 304,25.4,3.38,9.002,16.934,46.61,84443
HDPE,101.6,2.11,2.978,1.861,13.2,5402
Stainless Steel 316,304.8,9.53,6.01,428.445,77.09,2370351
Stainless Steel 304,152.4,3.4,3.033,38.456,32.38,179138
Carbon Steel,50.8,2.77,2.967,9.851,19.78,15096
PVC,25.4,3.38,6.012,1.924,19.46,7645
Carbon Steel,152.4,3.4,2.983,36.612,25.02,48553
Carbon Steel,38.1,2.77,12.02,29.023,47.95,43912
Stainless Steel 316,76.2,5.16,2.977,27.436,34.78,157311
PVC,152.4,6.35,12.021,49.28,45.55,117119
PVC,25.4,2.77,6.026,1.648,18.93,6909
Stainless Steel 316,25.4,2.77,11.951,18.716,67.34,115154
Carbon Steel,25.4,1.65,12.034,11.492,45.76,22412
Carbon Steel,101.6,5.74,12.021,164.225,59.02,207344
Stainless Steel 304,76.2,5.16,6.037,55.307,46.7,258070
PVC,50.8,2.77,6.05,3.538,19.0,10104
Carbon Steel,101.6,2.11,8.972,46.562,39.55,62353
Galvanized Steel,25.4,1.65,3.041,2.946,16.45,8155
Stainless Steel 304,38.1,2.77,9.025,22.276,50.01,109495
Stainless Steel 304,50.8,2.77,3.037,10.33,25.18,51379
HDPE,101.6,5.74,2.963,4.927,19.31,11829
Carbon Steel,76.2,2.11,5.973,23.016,29.58,32446
Stainless Steel 304,76.2,5.16,11.996,110.017,64.11,505824
PVC,152.4,3.4,2.954,6.632,16.49,17535
Carbon Steel,304.8,9.53,11.998,827.533,71.92,1006016
Copper,25.4,1.65,11.986,13.118,57.59,167293
HDPE,25.4,1.65,12.014,1.431,33.22,8752
HDPE,38.1,3.56,8.958,3.31,28.43,11550
HDPE,50.8,3.91,9.003,4.908,29.61,13648
HDPE,76.2,5.16,12.006,13.065,37.47,30638
Galvanized Steel,254.0,8.56,11.97,613.156,79.72,934629
PVC,101.6,2.11,12.024,11.089,36.02,31670
Stainless Steel 316,50.8,1.65,11.953,24.745,61.59,147842
PVC,304.8,4.78,5.986,37.922,30.95,87857
HDPE,38.1,2.77,11.991,3.56,36.8,13147
Stainless Steel 304,25.4,1.65,5.96,5.733,35.72,31405
Stainless Steel 316,76.2,5.16,6.015,54.931,45.25,311124
Stainless Steel 304,38.1,3.56,9.038,28.36,47.78,135892
Stainless Steel 304,76.2,2.11,2.995,11.837,24.2,57251
Stainless Steel 304,76.2,5.16,3.003,27.305,33.17,129328
Stainless Steel 304,152.4,3.4,12.004,152.346,71.71,698539
Carbon Steel,25.4,3.38,2.96,5.407,19.97,10469
Stainless Steel 304,50.8,3.91,8.952,40.612,55.56,191694
Stainless Steel 316,25.4,2.77,2.964,4.683,24.13,30160
Carbon Steel,25.4,3.38,11.966,22.14,46.87,34979
Carbon Steel,38.1,2.77,12.036,29.106,48.57,43809
HDPE,203.2,2.77,9.044,15.062,34.79,32448
Carbon Steel,76.2,5.16,3.037,27.714,24.44,37402
Carbon Steel,76.2,3.05,6.043,33.549,30.84,45628
HDPE,38.1,2.77,6.015,1.77,21.05,6244
Stainless Steel 316,76.2,5.16,12.005,111.776,87.43,630354
Stainless Steel 316,25.4,2.77,6.026,9.49,45.2,60348
Galvanized Steel,152.4,2.77,2.984,29.886,23.83,49630
Stainless Steel 316,101.6,3.05,6.022,46.602,46.87,264888
Carbon Steel,203.2,7.04,12.043,407.053,65.46,499400
Carbon Steel,38.1,3.56,12.004,36.366,53.38,52462
PVC,38.1,2.77,3.002,1.285,12.89,5622
Carbon Steel,203.2,3.96,9.032,174.578,50.88,217514
Carbon Steel,25.4,2.77,6.002,9.402,28.4,15865
Stainless Steel 304,203.2,2.77,5.976,83.784,50.15,385599
HDPE,76.2,2.11,6.027,2.805,19.24,8289
HDPE,50.8,1.65,2.968,0.714,10.76,2852
Carbon Steel,76.2,2.11,6.013,23.337,26.82,32523
Stainless Steel 304,101.6,5.74,8.984,126.595,63.62,581731
Stainless Steel 304,203.2,2.77,5.976,84.329,51.68,387939
Stainless Steel 304,76.2,2.11,3.033,11.767,23.61,57304
Stainless Steel 316,38.1,2.77,9.003,21.884,51.17,129920
PVC,50.8,2.77,11.959,7.134,35.15,22211
PVC,25.4,2.77,5.992,1.613,18.96,6585
PVC,25.4,2.77,6.029,1.675,19.83,7755
Stainless Steel 316,25.4,1.65,5.962,5.832,33.52,37341
Carbon Steel,50.8,3.91,11.978,53.513,53.46,73573
Stainless Steel 316,76.2,3.05,12.043,67.584,72.52,385225
HDPE,101.6,5.74,12.032,19.701,40.18,42422
Galvanized Steel,76.2,3.05,3.008,16.121,22.24,27673
Copper,152.4,6.35,8.99,235.397,60.99,2835246
Carbon Steel,25.4,1.65,9.046,8.787,36.33,16183
Stainless Steel 316,50.8,3.91,5.95,27.239,43.77,157578
Stainless Steel 304,50.8,1.65,8.969,18.266,44.82,90588
Carbon Steel,50.8,1.65,8.957,18.16,35.87,28676
Carbon Steel,76.2,2.11,12.013,45.975,48.21,63551
PVC,152.4,3.4,9.029,20.016,34.98,49802
Stainless Steel 304,50.8,2.77,5.968,20.039,37.47,96637
Stainless Steel 304,101.6,2.11,6.018,31.627,40.37,148991
Stainless Steel 304,152.4,2.77,2.97,30.509,29.45,142586
Carbon Steel,25.4,2.77,12.036,19.019,50.73,31335
HDPE,76.2,2.11,5.989,2.802,19.55,8464
Copper,38.1,1.65,12.014,20.262,58.81,253879
Stainless Steel 316,76.2,5.16,12.038,110.234,78.47,620958
Carbon Steel,25.4,1.65,11.985,11.649,44.24,21278
HDPE,76.2,5.16,8.991,9.96,32.22,23665
Carbon Steel,50.8,1.65,9.028,17.926,35.83,27520
Carbon Steel,254.0,8.56,6.04,310.506,50.02,381106
Stainless Steel 304,203.2,3.96,8.954,177.434,64.98,809695
Carbon Steel,38.1,2.77,11.989,28.787,47.53,43205
Stainless Steel 304,25.4,1.65,9.017,8.926,48.72,48757
Carbon Steel,50.8,1.65,2.972,5.867,16.43,9924
PVC,38.1,1.65,2.966,0.782,11.13,3398
HDPE,38.1,3.56,9.034,3.326,30.87,11664
Carbon Steel,76.2,2.11,6.037,23.88,31.04,34580
Carbon Steel,50.8,1.65,12.023,24.356,46.91,37801
PVC,76.2,5.16,5.986,9.516,24.9,26145
Carbon Steel,101.6,3.05,12.025,87.845,50.32,114245
Copper,304.8,9.53,3.014,236.775,52.0,2850996
Carbon Steel,76.2,3.05,11.968,65.576,48.74,87955
Stainless Steel 316,101.6,2.11,11.973,63.007,70.81,359340
Stainless Steel 304,76.2,5.16,8.952,83.372,54.9,385284
PVC,304.8,3.4,9.033,40.38,33.23,95002
Carbon Steel,101.6,2.11,5.987,31.235,31.59,42729
Stainless Steel 316,50.8,3.91,9.019,41.334,59.59,237375
Galvanized Steel,25.4,3.38,3.009,5.58,21.17,11889
Stainless Steel 304,50.8,1.65,6.044,12.159,36.69,62034
Carbon Steel,203.2,7.04,3.028,102.645,34.24,129701
Stainless Steel 304,25.4,2.77,5.954,9.364,34.23,47823
HDPE,254.0,4.78,8.995,31.812,37.59,64079
Stainless Steel 304,38.1,3.56,8.952,27.352,53.11,132687
Stainless Steel 316,203.2,3.96,5.992,119.869,52.16,668113
Stainless Steel 316,50.8,1.65,3.011,6.172,22.0,37748
Carbon Steel,38.1,2.77,3.035,7.399,20.47,12416
PVC,50.8,2.77,5.996,3.514,19.06,11133
Copper,152.4,3.4,5.996,87.017,40.29,1051101
Stainless Steel 316,101.6,3.05,8.955,67.699,57.66,383025
Carbon Steel,25.4,3.38,12.026,21.754,50.36,34989
Stainless Steel 304,304.8,4.78,2.953,106.979,45.54,489235
Copper,50.8,3.91,5.987,30.217,35.63,368954
Carbon Steel,25.4,1.65,11.978,11.474,48.93,21886
Carbon Steel,152.4,3.4,5.995,73.978,35.78,94431
Copper,25.4,2.77,3.01,5.38,20.72,68129
PVC,152.4,2.77,12.03,22.005,37.64,54657
PVC,38.1,2.77,5.993,2.579,21.08,10763
PVC,152.4,3.4,6.023,13.466,24.48,34116
PVC,38.1,3.56,6.032,3.305,18.86,10362
Stainless Steel 304,152.4,3.4,5.974,75.607,49.7,349302
Carbon Steel,76.2,5.16,12.008,109.011,58.39,141633
HDPE,38.1,1.65,12.024,2.151,31.98,9863
Galvanized Steel,25.4,3.38,9.019,16.283,39.34,31569
Carbon Steel,25.4,1.65,3.015,2.935,15.63,5729
Copper,76.2,5.16,8.961,93.234,49.94,1126659
HDPE,50.8,3.91,9.048,4.942,28.03,13830
Carbon Steel,152.4,3.4,12.02,148.804,56.75,187837
Stainless Steel 316,38.1,3.56,6.024,18.561,43.06,110286
Stainless Steel 316,152.4,6.35,8.958,210.331,69.99,1169460
Galvanized Steel,152.4,6.35,2.956,66.864,34.32,107055
Stainless Steel 304,101.6,2.11,9.039,47.361,58.82,223156
Stainless Steel 316,76.2,2.11,8.974,34.918,55.3,201875
PVC,254.0,4.78,9.024,46.145,42.01,109134
Carbon Steel,38.1,1.65,2.997,4.435,14.07,8081
Carbon Steel,38.1,1.65,2.951,4.323,16.38,7847
Stainless Steel 316,50.8,3.91,6.043,27.628,43.69,159375
Stainless Steel 304,50.8,1.65,8.999,18.391,47.57,90996
Stainless Steel 304,50.8,1.65,2.976,5.993,22.22,31312
Carbon Steel,101.6,5.74,8.954,122.013,47.0,155163
PVC,101.6,3.05,2.962,3.975,14.71,11649
PVC,76.2,3.05,9.009,8.825,29.31,25070
Copper,101.6,5.74,3.04,47.112,31.42,570151
PVC,76.2,2.11,6.035,4.119,20.24,13264
Stainless Steel 316,38.1,3.56,9.036,27.961,56.53,164366
Stainless Steel 304,76.2,3.05,9.01,51.043,56.91,239392
Stainless Steel 304,25.4,1.65,3.045,2.987,20.02,15987
Stainless Steel 304,25.4,3.38,9.029,16.743,52.06,84768
HDPE,76.2,3.05,2.961,1.995,13.4,6052
Carbon Steel,38.1,3.56,11.991,35.777,48.7,51678
Carbon Steel,152.4,2.77,5.987,60.475,29.64,77295
Galvanized Steel,50.8,1.65,3.011,5.983,18.37,11647
Carbon Steel,152.4,6.35,6.033,138.154,39.65,173200
Stainless Steel 316,76.2,2.11,12.033,46.691,70.79,269705
Carbon Steel,101.6,5.74,11.98,161.983,61.61,205152
Stainless Steel 304,101.6,2.11,3.021,16.204,27.85,77634
Carbon Steel,101.6,5.74,11.956,158.835,57.35,201909
Carbon Steel,254.0,8.56,9.001,467.382,60.26,570743
Stainless Steel 304,50.8,2.77,11.994,40.073,67.49,192570
Stainless Steel 304,101.6,2.11,5.996,32.302,37.07,152672
Stainless Steel 304,304.8,3.4,3.014,77.922,40.2,357488
Stainless Steel 304,38.1,1.65,3.047,4.639,19.74,25549
Stainless Steel 316,101.6,2.11,12.023,63.725,77.14,364443
Galvanized Steel,38.1,2.77,2.959,7.182,18.17,14134
PVC,25.4,3.38,3.022,0.991,13.65,4073
Carbon Steel,38.1,3.56,6.031,18.294,31.05,27310
Stainless Steel 316,101.6,3.05,11.965,90.189,77.93,510685
Carbon Steel,152.4,6.35,11.979,272.692,60.07,338073
HDPE,50.8,2.77,2.953,1.169,12.63,3686
PVC,25.4,3.38,9.037,2.997,27.5,12569
Stainless Steel 316,50.8,2.77,11.98,40.386,71.85,234187
Carbon Steel,203.2,3.96,12.0,231.87,58.85,288575
PVC,38.1,3.56,3.001,1.625,13.45,6074
HDPE,25.4,1.65,12.024,1.397,32.16,7630
HDPE,38.1,2.77,9.044,2.62,24.8,8585
Copper,76.2,2.11,5.954,26.394,34.83,323228
Carbon Steel,38.1,3.56,2.968,9.082,18.77,14080
PVC,203.2,2.77,2.998,7.32,17.45,19737
Stainless Steel 304,25.4,2.77,8.987,14.115,52.82,72865
HDPE,38.1,1.65,5.997,1.073,18.67,5777
Carbon Steel,25.4,3.38,12.024,22.424,52.81,35730
Stainless Steel 304,101.6,3.05,3.039,22.756,26.36,106275
HDPE,25.4,1.65,5.984,0.701,17.67,3123
Stainless Steel 304,50.8,2.77,11.951,40.176,64.75,193456
Stainless Steel 304,101.6,5.74,3.002,41.604,34.77,193573
Carbon Steel,25.4,1.65,3.027,2.862,15.36,6694
Galvanized Steel,152.4,2.77,12.04,120.631,62.87,192602
Stainless Steel 304,50.8,3.91,2.973,13.685,24.78,65955
Carbon Steel,254.0,3.4,9.029,192.875,51.15,240772
Galvanized Steel,25.4,1.65,2.973,2.844,16.21,7825
Stainless Steel 316,25.4,1.65,12.014,11.898,70.42,77607
Carbon Steel,38.1,2.77,12.022,28.81,49.68,44072
Copper,50.8,1.65,8.954,20.668,40.85,255009
PVC,38.1,2.77,3.046,1.32,12.79,5347
Carbon Steel,50.8,3.91,6.036,27.719,32.99,39179
PVC,25.4,3.38,3.003,0.999,12.27,4549
Stainless Steel 304,50.8,3.91,6.002,27.43,40.33,129950
Copper,25.4,2.77,5.951,10.414,35.35,130913
Galvanized Steel,254.0,3.4,5.998,127.213,42.4,198867
Stainless Steel 316,76.2,5.16,12.007,110.611,84.76,623927
Carbon Steel,76.2,3.05,11.968,65.713,55.39,88859
Carbon Steel,38.1,1.65,9.039,13.406,37.97,21471
Stainless Steel 316,25.4,2.77,8.956,14.392,48.87,87741
Stainless Steel 316,304.8,3.4,12.007,312.723,88.46,1736143
Carbon Steel,254.0,4.78,6.018,177.963,42.53,220480
PVC,76.2,2.11,8.983,6.165,27.87,19019
HDPE,50.8,2.77,12.032,4.77,35.33,15437
Carbon Steel,38.1,3.56,12.036,35.548,51.66,52175
Stainless Steel 304,76.2,3.05,11.965,67.363,67.69,315844
Carbon Steel,50.8,1.65,8.963,18.05,32.45,27135
Stainless Steel 304,38.1,3.56,6.023,18.423,41.52,90787
HDPE,50.8,2.77,5.983,2.396,20.9,7845
Copper,101.6,5.74,12.025,184.134,75.51,2222340
PVC,25.4,3.38,6.021,1.98,19.79,8202
Carbon Steel,38.1,3.56,2.963,8.995,20.81,14696
PVC,25.4,1.65,2.995,0.514,10.34,2783
Carbon Steel,25.4,1.65,2.971,2.898,14.26,6271
Carbon Steel,101.6,5.74,3.045,40.332,27.12,53507
PVC,50.8,3.91,9.034,7.246,29.3,21443
Carbon Steel,101.6,5.74,6.005,82.968,37.65,106220
HDPE,76.2,5.16,9.037,9.913,31.26,23039
Carbon Steel,152.4,6.35,3.03,69.774,28.81,89521
Copper,25.4,1.65,2.952,3.265,16.79,41985
Stainless Steel 304,203.2,2.77,3.038,41.784,35.26,194038
Stainless Steel 304,76.2,5.16,5.971,54.881,45.91,255208
HDPE,101.6,5.74,6.028,9.946,28.12,22951
Galvanized Steel,25.4,2.77,3.048,4.669,17.94,10352
Stainless Steel 316,38.1,1.65,11.957,18.144,73.96,113476
Stainless Steel 316,76.2,3.05,9.01,51.211,57.68,291681
PVC,50.8,3.91,9.005,7.361,30.71,22226
Stainless Steel 304,76.2,3.05,3.003,16.501,29.41,79060
Carbon Steel,203.2,2.77,9.027,121.811,50.68,155367
Stainless Steel 304,203.2,2.77,12.044,167.214,77.93,766043
Stainless Steel 316,101.6,3.05,12.016,92.316,74.48,521508
Carbon Steel,101.6,5.74,9.032,122.165,41.38,154338
Galvanized Steel,38.1,3.56,3.017,9.004,22.24,18039
Carbon Steel,203.2,7.04,2.971,101.701,33.05,127574
Carbon Steel,50.8,3.91,6.011,27.021,31.77,38394
Copper,50.8,2.77,9.012,33.909,49.61,416281
Stainless Steel 316,25.4,2.77,3.042,4.844,27.33,31168
Copper,76.2,5.16,2.991,30.436,30.01,371081
HDPE,50.8,2.77,11.964,4.732,37.41,16001
Stainless Steel 316,38.1,2.77,11.991,29.493,67.54,174353
HDPE,203.2,3.96,9.022,21.031,34.4,44682
HDPE,25.4,3.38,12.005,2.69,33.52,10629
HDPE,101.6,3.05,5.987,5.401,21.48,13205
Stainless Steel 304,203.2,3.96,9.033,179.672,57.64,819041
Stainless Steel 304,50.8,2.77,2.951,9.889,23.49,47811
Stainless Steel 304,101.6,5.74,11.962,167.036,79.44,765338
Carbon Steel,25.4,3.38,12.039,22.11,48.39,34613
Carbon Steel,38.1,1.65,6.011,8.793,25.5,15652
Stainless Steel 304,50.8,3.91,9.02,42.431,52.14,200592
Stainless Steel 316,50.8,2.77,3.013,9.973,26.19,59103
Stainless Steel 304,25.4,2.77,2.971,4.693,23.33,25201
Carbon Steel,50.8,1.65,2.952,6.059,15.27,10751
Carbon Steel,25.4,1.65,12.025,11.737,49.14,22880
Carbon Steel,25.4,2.77,3.003,4.704,17.36,8562
Carbon Steel,50.8,1.65,11.952,23.299,45.53,35818
Carbon Steel,50.8,3.91,3.024,13.694,22.18,20407
Stainless Steel 316,304.8,3.4,8.954,231.431,71.93,1285771
PVC,76.2,5.16,5.987,9.609,24.4,25823
Stainless Steel 304,152.4,2.77,2.951,30.678,31.45,144046
Stainless Steel 316,25.4,1.65,6.005,5.786,36.37,38933
Carbon Steel,38.1,1.65,8.967,13.403,36.87,22661
PVC,203.2,7.04,9.01,55.154,39.65,129408
Carbon Steel,50.8,1.65,8.977,18.153,36.09,27776
Carbon Steel,38.1,2.77,6.041,14.38,28.63,22521
Carbon Steel,203.2,3.96,2.982,57.549,27.65,73529
Stainless Steel 316,38.1,3.56,3.031,9.433,28.47,57386
Carbon Steel,25.4,1.65,11.987,11.531,46.37,22017
Stainless Steel 316,25.4,2.77,11.982,18.97,70.53,116884
Galvanized Steel,152.4,3.4,11.975,147.605,62.35,233211
HDPE,152.4,2.77,8.974,11.011,31.05,25157
Carbon Steel,25.4,3.38,3.028,5.457,19.22,9407
Carbon Steel,101.6,3.05,3.026,22.586,22.94,32242
Stainless Steel 316,152.4,3.4,9.008,116.721,62.74,652582
Galvanized Steel,304.8,4.78,2.996,105.291,40.2,165642
Carbon Steel,203.2,2.77,9.019,123.048,49.66,157267
Carbon Steel,25.4,3.38,11.991,21.719,55.59,35979
Stainless Steel 304,76.2,3.05,9.014,49.903,57.09,234990
Stainless Steel 316,25.4,3.38,11.959,22.734,72.48,138187
Carbon Steel,76.2,5.16,9.0,81.962,48.4,106815
Copper,25.4,3.38,11.972,25.299,64.73,315530
HDPE,25.4,3.38,3.048,0.678,13.31,3770
Copper,25.4,3.38,5.957,12.398,33.43,153928
Carbon Steel,25.4,1.65,12.047,11.616,42.76,21405
HDPE,38.1,1.65,5.952,1.064,19.22,4698
Galvanized Steel,25.4,3.38,5.984,10.804,31.82,21509
Stainless Steel 304,76.2,3.05,2.998,16.692,27.86,80187
Stainless Steel 304,304.8,4.78,3.022,108.811,44.0,496878
Carbon Steel,38.1,2.77,9.049,21.604,40.27,33932
Copper,25.4,1.65,5.997,6.639,31.82,86374
PVC,76.2,2.11,9.03,6.232,26.76,18744
Copper,152.4,2.77,3.001,34.093,28.53,415115
HDPE,50.8,3.91,11.987,6.501,37.36,17781
Carbon Steel,38.1,1.65,6.033,8.974,26.82,15501
Galvanized Steel,76.2,2.11,5.987,22.813,33.79,40360
HDPE,101.6,3.05,12.017,10.689,36.0,25382
Copper,38.1,2.77,11.95,33.017,60.23,407722
Carbon Steel,50.8,3.91,2.959,13.471,21.58,20036
Carbon Steel,38.1,3.56,6.029,18.418,31.63,28481
Stainless Steel 316,101.6,2.11,11.988,63.632,70.98,363679
PVC,101.6,5.74,3.001,7.318,19.15,19801
Carbon Steel,25.4,1.65,2.994,3.007,14.83,6421
Carbon Steel,50.8,1.65,11.955,23.774,48.47,36495
Carbon Steel,38.1,2.77,5.956,14.483,31.0,23392
Carbon Steel,76.2,2.11,3.034,11.674,19.24,18033
Stainless Steel 304,25.4,1.65,8.992,8.784,44.52,46925
Carbon Steel,25.4,3.38,12.01,21.803,51.43,35858
Stainless Steel 316,50.8,2.77,6.041,19.898,39.77,115586
PVC,50.8,3.91,12.049,9.61,34.42,27283
Carbon Steel,38.1,1.65,9.048,13.313,36.73,22938
Carbon Steel,25.4,3.38,12.021,21.87,46.95,35120
Carbon Steel,25.4,2.77,6.04,9.327,26.11,16319
Carbon Steel,38.1,3.56,6.044,18.292,32.41,27587
PVC,152.4,3.4,12.026,26.95,37.49,65507
Carbon Steel,50.8,2.77,6.044,20.033,29.66,29170
Stainless Steel 316,76.2,3.05,2.986,16.751,28.14,98144
Stainless Steel 304,76.2,2.11,12.033,47.382,64.79,224928
Stainless Steel 316,50.8,3.91,3.009,13.91,28.92,82059
Stainless Steel 316,152.4,6.35,6.029,141.917,59.13,791982
Carbon Steel,50.8,2.77,2.953,9.621,19.11,14997
Carbon Steel,304.8,3.4,2.964,74.556,33.46,95643
PVC,25.4,3.38,3.029,0.98,13.17,4306
Copper,76.2,3.05,8.964,56.881,53.24,692373
HDPE,38.1,3.56,11.962,4.398,36.42,14217
Stainless Steel 304,50.8,2.77,9.016,30.158,51.68,145237
PVC,25.4,3.38,9.011,2.955,28.37,11499
Stainless Steel 316,50.8,1.65,2.987,6.05,22.28,37141
Stainless Steel 304,50.8,2.77,12.016,40.112,62.96,191648
HDPE,25.4,1.65,5.967,0.695,17.95,4991
Carbon Steel,50.8,3.91,9.046,41.046,41.48,57407
Stainless Steel 304,101.6,3.05,6.018,46.112,45.32,215410
HDPE,25.4,1.65,6.004,0.701,18.95,5039
Carbon Steel,152.4,3.4,11.977,149.316,55.93,189348
Copper,76.2,3.05,9.021,56.05,52.75,681734
HDPE,152.4,6.35,5.963,16.395,30.98,34353
Stainless Steel 304,101.6,2.11,11.969,61.672,62.0,288202
Carbon Steel,152.4,2.77,9.0,91.42,45.08,117291
Stainless Steel 304,101.6,3.05,3.019,23.054,27.47,108398
Carbon Steel,152.4,3.4,2.98,37.147,23.73,48364
Carbon Steel,25.4,2.77,5.971,9.216,27.67,16257
Copper,101.6,5.74,8.975,139.943,54.77,1689881
Stainless Steel 316,25.4,2.77,9.004,14.407,54.76,89115
Carbon Steel,25.4,1.65,5.966,5.702,24.56,10729
Carbon Steel,25.4,2.77,11.969,18.529,47.47,30276
Stainless Steel 304,76.2,2.11,3.023,11.762,26.54,57628
Stainless Steel 316,38.1,1.65,11.98,18.126,68.85,111668
Stainless Steel 304,25.4,2.77,3.033,4.839,20.64,25954
HDPE,25.4,2.77,5.955,1.118,19.81,6619
Carbon Steel,25.4,2.77,3.049,4.756,19.08,8937
Stainless Steel 304,76.2,3.05,6.012,33.951,40.26,161078
Stainless Steel 316,25.4,3.38,8.978,16.887,61.94,103930
Stainless Steel 304,25.4,3.38,12.028,22.125,66.67,112218
Stainless Steel 316,25.4,3.38,11.959,22.145,68.64,134139
Copper,38.1,1.65,5.972,10.073,33.01,126981
Carbon Steel,101.6,3.05,11.998,88.752,54.59,116170
Carbon Steel,38.1,3.56,12.028,36.466,54.18,53972
Stainless Steel 304,76.2,2.11,5.99,23.625,40.11,113891
HDPE,25.4,2.77,12.036,2.204,34.48,10107
Galvanized Steel,101.6,5.74,12.049,159.873,67.43,252134
Stainless Steel 316,38.1,1.65,8.958,13.69,50.61,84677
Carbon Steel,50.8,2.77,6.018,19.729,24.5,28426
Stainless Steel 316,38.1,2.77,9.039,22.162,51.56,131261
Carbon Steel,101.6,2.11,9.032,46.817,42.8,63663
PVC,304.8,9.53,2.989,37.435,29.56,87647
Carbon Steel,152.4,3.4,11.99,149.662,59.14,190109
Stainless Steel 304,50.8,2.77,11.982,39.265,66.12,188125
Carbon Steel,76.2,2.11,12.025,46.36,52.83,65514
Carbon Steel,25.4,2.77,11.994,18.809,51.34,31987
Carbon Steel,25.4,2.77,5.961,9.451,26.78,15735
Carbon Steel,25.4,3.38,8.957,16.455,39.23,26725
Copper,50.8,3.91,11.99,62.923,66.21,766442
Copper,25.4,3.38,3.05,6.399,23.58,81407
Stainless Steel 304,203.2,2.77,6.023,83.609,49.9,385271
Copper,76.2,3.05,8.987,56.637,53.2,689345
Carbon Steel,203.2,2.77,8.995,123.156,50.75,157663
Stainless Steel 304,50.8,3.91,3.044,14.082,27.5,68280
Stainless Steel 316,76.2,3.05,8.984,49.774,57.09,283551
Carbon Steel,101.6,5.74,5.956,82.571,39.63,106325
Stainless Steel 304,101.6,3.05,11.958,91.262,71.91,423692
Stainless Steel 304,38.1,3.56,9.037,28.312,48.77,135187
Stainless Steel 304,50.8,2.77,5.982,20.054,35.1,96055
Carbon Steel,76.2,5.16,6.049,54.146,32.44,71449
Stainless Steel 304,50.8,2.77,2.951,9.91,24.56,49656
Stainless Steel 304,152.4,6.35,2.978,69.291,37.83,317987
Carbon Steel,76.2,5.16,5.988,54.96,34.57,71450
Carbon Steel,152.4,6.35,5.976,135.634,41.25,168969
Carbon Steel,38.1,3.56,5.966,17.818,29.56,26682
Stainless Steel 304,25.4,2.77,12.032,18.825,66.51,96763
Stainless Steel 304,76.2,5.16,8.964,83.601,56.61,386801
Stainless Steel 316,50.8,2.77,3.045,10.147,26.99,60609
Carbon Steel,25.4,3.38,12.007,21.732,50.45,35671
Galvanized Steel,25.4,3.38,8.954,16.359,40.41,31606
Copper,152.4,2.77,3.044,35.561,29.7,432636
Carbon Steel,25.4,2.77,9.023,13.912,37.43,22951
Carbon Steel,38.1,3.56,2.992,9.119,19.6,14725
PVC,38.1,2.77,2.974,1.288,13.15,4499
Copper,25.4,2.77,8.985,16.273,47.06,203573
HDPE,38.1,1.65,2.991,0.534,11.56,2765
Stainless Steel 316,152.4,6.35,12.037,285.052,88.13,1583466
Carbon Steel,50.8,2.77,3.012,9.817,18.72,15791
Galvanized Steel,25.4,3.38,9.007,16.531,41.25,32129
Stainless Steel 304,38.1,3.56,12.023,37.429,71.95,181293
Carbon Steel,76.2,5.16,8.982,81.62,44.34,106283
Stainless Steel 304,25.4,3.38,5.983,11.131,40.53,57415
Carbon Steel,50.8,1.65,5.992,11.815,27.28,20344
Carbon Steel,25.4,2.77,8.979,13.97,38.47,23632
Carbon Steel,76.2,2.11,11.991,45.629,52.39,64211
Carbon Steel,25.4,2.77,9.009,14.069,35.51,23496
Carbon Steel,38.1,2.77,8.966,21.903,39.83,33169
Stainless Steel 304,50.8,1.65,6.009,12.316,33.52,61829
Stainless Steel 316,25.4,1.65,3.01,2.993,22.2,20303
Stainless Steel 304,38.1,1.65,11.983,18.434,62.79,94787
Copper,101.6,3.05,3.022,25.712,26.96,313215
Carbon Steel,38.1,1.65,5.976,8.822,25.64,15202
PVC,38.1,1.65,12.001,3.211,33.83,13253
Stainless Steel 316,101.6,2.11,8.989,47.836,56.26,273139
Stainless Steel 304,25.4,1.65,6.047,5.945,36.68,32831
PVC,38.1,3.56,5.971,3.263,19.46,11092
HDPE,152.4,6.35,2.982,8.258,20.94,18838
PVC,76.2,3.05,9.029,8.836,29.73,24611
Stainless Steel 316,203.2,7.04,9.029,321.22,79.89,1780970
Carbon Steel,152.4,3.4,2.955,36.498,25.65,48014
Carbon Steel,25.4,1.65,5.995,5.732,25.87,11251
Carbon Steel,203.2,7.04,11.979,410.54,68.12,504927
Carbon Steel,76.2,5.16,9.014,81.625,47.49,106285
Galvanized Steel,38.1,3.56,11.969,36.259,58.75,64352
Stainless Steel 316,38.1,1.65,9.029,13.879,51.14,85874
Stainless Steel 304,101.6,2.11,8.964,46.924,51.76,219699
Stainless Steel 304,25.4,3.38,9.036,17.054,53.51,85856
Stainless Steel 316,152.4,3.4,12.048,153.262,79.74,856651
Carbon Steel,50.8,3.91,8.962,40.565,40.33,55873
Stainless Steel 304,50.8,1.65,6.037,12.025,38.8,61717
Copper,152.4,2.77,8.996,104.589,55.87,1264711
Stainless Steel 316,38.1,2.77,3.05,7.561,25.21,45894
Carbon Steel,50.8,1.65,5.95,11.881,25.71,19146
Stainless Steel 304,76.2,3.05,3.025,16.992,27.66,81035
Carbon Steel,76.2,3.05,5.984,33.552,29.92,46217
HDPE,25.4,2.77,5.996,1.122,19.45,5669
Galvanized Steel,101.6,3.05,6.004,44.35,34.42,72010
HDPE,38.1,3.56,6.049,2.208,19.72,7604
Stainless Steel 304,25.4,3.38,5.988,10.968,37.52,56034
Carbon Steel,38.1,1.65,9.028,13.347,37.39,22304
Carbon Steel,25.4,3.38,5.969,10.976,30.81,19010
Carbon Steel,152.4,3.4,11.962,148.831,56.31,189362
Carbon Steel,101.6,5.74,12.011,164.706,58.63,209269
PVC,25.4,1.65,3.033,0.516,10.09,3832
PVC,25.4,2.77,6.029,1.652,19.0,7505
HDPE,25.4,1.65,3.0,0.355,10.57,3188
Stainless Steel 316,50.8,1.65,6.027,12.46,40.32,76564
PVC,152.4,6.35,6.042,24.034,29.39,58807
PVC,203.2,3.96,9.032,31.503,38.03,75935
Galvanized Steel,76.2,5.16,12.043,106.537,64.25,172623
PVC,101.6,3.05,9.03,11.899,31.15,31230
Carbon Steel,76.2,5.16,2.989,27.331,23.93,36973
Copper,25.4,1.65,11.962,13.257,55.13,169339
Stainless Steel 316,152.4,3.4,3.038,38.368,33.45,217580
Stainless Steel 316,38.1,2.77,2.961,7.283,24.71,45340
Carbon Steel,38.1,3.56,8.972,27.686,44.38,41147
Carbon Steel,76.2,2.11,8.985,34.69,41.15,49381
Stainless Steel 304,50.8,3.91,5.986,27.743,43.54,133036
HDPE,152.4,3.4,2.955,4.542,16.52,11957
Stainless Steel 304,76.2,5.16,2.972,27.292,32.26,128160
Stainless Steel 304,25.4,3.38,9.047,16.773,44.92,83594
PVC,38.1,2.77,11.962,5.198,35.82,17289
HDPE,76.2,5.16,6.01,6.633,25.55,16568
Stainless Steel 304,76.2,3.05,3.04,17.112,26.25,81343
HDPE,76.2,5.16,11.997,13.071,41.08,31191
Carbon Steel,50.8,2.77,3.021,9.954,20.69,15954
Carbon Steel,38.1,1.65,11.982,17.97,47.58,29763
Galvanized Steel,101.6,3.05,11.959,89.749,62.17,145880
Carbon Steel,101.6,5.74,8.998,123.361,50.48,157212
Carbon Steel,25.4,2.77,5.968,9.308,27.49,15088
Carbon Steel,38.1,2.77,11.978,29.029,47.73,43131
HDPE,50.8,1.65,6.036,1.472,19.59,6484
Carbon Steel,25.4,3.38,8.979,16.607,40.47,27007
HDPE,25.4,2.77,3.012,0.568,12.04,2962
PVC,38.1,2.77,2.978,1.262,10.86,5082
Stainless Steel 304,152.4,3.4,8.976,115.192,58.35,529427
Galvanized Steel,50.8,3.91,5.99,26.398,32.35,45610
Copper,38.1,3.56,2.989,10.527,24.55,130905
Stainless Steel 304,76.2,3.05,12.012,67.161,68.93,314725
Stainless Steel 316,38.1,1.65,12.035,18.384,62.47,112860
Carbon Steel,38.1,1.65,12.042,17.857,45.72,29760
Stainless Steel 316,38.1,1.65,9.035,13.761,53.36,86698
Carbon Steel,25.4,2.77,3.036,4.743,17.16,8643
PVC,101.6,5.74,3.004,7.263,19.53,19063
Carbon Steel,38.1,3.56,5.998,18.013,32.54,27928
Carbon Steel,38.1,3.56,12.012,35.892,50.83,52097
Stainless Steel 304,25.4,3.38,8.971,16.732,50.33,84150
Stainless Steel 316,25.4,1.65,11.995,11.988,65.43,77744
Carbon Steel,50.8,2.77,11.989,39.266,50.45,56284
Stainless Steel 304,203.2,2.77,2.972,41.643,35.07,193807
Galvanized Steel,25.4,3.38,5.981,10.752,30.97,21200
Carbon Steel,76.2,2.11,3.035,11.501,18.93,18041
PVC,38.1,2.77,11.999,5.145,33.67,17592
Carbon Steel,38.1,1.65,9.016,13.345,37.17,23233
PVC,25.4,2.77,6.03,1.659,19.15,6329
Copper,25.4,2.77,9.001,15.968,44.08,200095
Stainless Steel 316,152.4,2.77,11.986,127.087,78.3,713419
Carbon Steel,50.8,3.91,6.019,27.19,29.93,37926
Carbon Steel,101.6,5.74,6.033,81.334,37.83,104417
Carbon Steel,50.8,1.65,8.98,18.046,36.72,28142
Carbon Steel,101.6,2.11,11.973,61.685,48.73,82706
Galvanized Steel,50.8,1.65,9.039,18.051,44.96,34998
Galvanized Steel,25.4,1.65,12.046,11.715,53.08,27465
Stainless Steel 304,38.1,2.77,2.961,7.273,24.58,38140
HDPE,304.8,4.78,9.039,38.569,40.96,77136
Galvanized Steel,50.8,2.77,6.039,19.724,31.82,34460
Stainless Steel 304,254.0,8.56,12.021,642.571,95.04,2908154
PVC,38.1,1.65,8.957,2.318,27.92,10006
Stainless Steel 304,38.1,1.65,9.029,13.728,48.25,70816
Stainless Steel 316,203.2,2.77,2.952,41.94,39.96,238038
Carbon Steel,25.4,3.38,11.963,21.893,50.68,35567
Carbon Steel,152.4,2.77,8.953,91.676,39.82,116879
PVC,25.4,1.65,2.974,0.518,10.33,2831
Carbon Steel,50.8,2.77,12.007,39.812,50.6,57698
Stainless Steel 304,25.4,2.77,8.989,14.25,48.81,73184
Galvanized Steel,254.0,3.4,5.985,122.601,43.17,192648
Carbon Steel,101.6,3.05,8.955,66.561,39.18,86315
Stainless Steel 304,50.8,1.65,11.969,24.073,55.46,118456
Carbon Steel,76.2,5.16,9.011,81.498,46.27,105821
Carbon Steel,76.2,3.05,8.971,49.291,43.8,66812
Galvanized Steel,25.4,1.65,11.972,11.457,52.5,26460
Carbon Steel,101.6,3.05,8.991,65.998,44.15,86491
Galvanized Steel,254.0,8.56,11.974,606.607,78.13,923742
Carbon Steel,50.8,1.65,12.025,23.916,46.35,36692
Carbon Steel,152.4,3.4,8.964,112.785,46.39,143842
Galvanized Steel,203.2,7.04,8.955,303.523,58.32,464581
Stainless Steel 304,50.8,1.65,8.997,18.668,50.62,92216
Copper,76.2,3.05,12.002,73.893,62.04,897892
Stainless Steel 304,38.1,1.65,11.963,17.84,59.35,91122
HDPE,101.6,3.05,11.961,10.841,37.96,27276
Stainless Steel 304,50.8,3.91,6.014,27.984,40.58,132830
Carbon Steel,50.8,2.77,9.019,29.444,40.52,42666
Stainless Steel 304,25.4,3.38,12.037,22.753,66.59,114929
Carbon Steel,25.4,3.38,5.976,10.924,28.05,18446
Stainless Steel 316,152.4,3.4,11.961,152.063,75.24,850363
Stainless Steel 316,38.1,2.77,9.029,22.576,57.69,134321
Stainless Steel 304,25.4,3.38,9.015,16.628,49.19,83854
PVC,304.8,3.4,8.994,40.49,36.74,95962
Stainless Steel 304,25.4,2.77,5.997,9.531,36.5,49764
Stainless Steel 304,50.8,1.65,9.047,18.375,43.35,91175
PVC,101.6,3.05,11.984,15.671,35.87,41082
Carbon Steel,25.4,3.38,9.047,16.605,40.43,27399
Stainless Steel 316,76.2,3.05,6.044,34.097,41.89,194064
PVC,38.1,3.56,6.032,3.255,22.34,11481
Carbon Steel,101.6,2.11,5.969,30.276,29.45,41389
Carbon Steel,76.2,2.11,12.003,46.199,49.5,64318
Carbon Steel,152.4,6.35,3.018,69.365,29.99,88058
Carbon Steel,25.4,1.65,3.036,2.937,15.49,6474
Stainless Steel 316,101.6,3.05,6.033,46.16,44.17,262209
Stainless Steel 316,38.1,1.65,2.953,4.41,22.07,27805
Carbon Steel,50.8,2.77,2.971,9.802,18.87,14870
Stainless Steel 304,203.2,2.77,8.967,124.545,60.72,572008
Carbon Steel,152.4,2.77,3.045,31.277,22.31,41672
PVC,25.4,1.65,2.997,0.509,10.98,2177
Stainless Steel 316,50.8,1.65,11.992,24.854,65.79,148620
Carbon Steel,38.1,2.77,5.962,14.564,26.51,21933
Carbon Steel,25.4,3.38,8.96,16.403,36.95,25761
Stainless Steel 304,38.1,2.77,11.951,29.404,70.28,144796
Carbon Steel,25.4,3.38,11.978,22.097,48.98,35226
Stainless Steel 304,38.1,3.56,3.026,9.474,25.67,47196
PVC,38.1,2.77,2.977,1.264,11.82,5232
Carbon Steel,50.8,1.65,12.04,24.331,47.58,37856
Carbon Steel,76.2,3.05,8.968,49.268,39.75,65721
Carbon Steel,101.6,2.11,6.049,31.553,29.7,43120
PVC,50.8,2.77,12.028,6.992,33.7,21348
Stainless Steel 304,50.8,3.91,3.041,13.899,29.03,68209
HDPE,38.1,1.65,5.998,1.078,17.77,5139
Carbon Steel,76.2,5.16,2.953,27.136,25.65,37361
Stainless Steel 304,50.8,1.65,6.031,12.172,36.5,61193
Stainless Steel 316,38.1,2.77,5.985,14.733,40.58,87775
Copper,254.0,8.56,12.022,702.257,91.83,8443690
Stainless Steel 304,50.8,2.77,6.025,20.251,36.72,97958
Copper,38.1,3.56,9.009,30.974,46.88,380674
Stainless Steel 304,38.1,1.65,12.017,18.242,59.36,91317
Carbon Steel,76.2,2.11,9.001,34.332,39.2,48608
Copper,25.4,2.77,9.022,15.856,44.41,198368
Carbon Steel,38.1,2.77,5.996,14.579,28.4,22997
Stainless Steel 304,25.4,1.65,2.996,2.959,19.02,16283
Carbon Steel,50.8,1.65,3.043,6.066,16.42,10043
Stainless Steel 316,101.6,3.05,8.981,68.499,59.13,386465
Galvanized Steel,25.4,1.65,5.96,5.697,27.99,12893
Stainless Steel 316,304.8,4.78,6.035,216.517,62.98,1202240
Carbon Steel,203.2,3.96,3.047,58.534,26.95,74945
Carbon Steel,101.6,2.11,11.954,62.054,47.31,83460
Stainless Steel 304,101.6,2.11,2.99,15.756,26.45,75617
Copper,203.2,3.96,11.972,270.025,70.0,3253205
Stainless Steel 316,254.0,3.4,3.044,65.363,39.5,366797
Carbon Steel,50.8,3.91,12.004,54.221,47.92,73700
PVC,25.4,2.77,9.01,2.494,26.66,10427
HDPE,76.2,2.11,6.027,2.827,19.73,8108
HDPE,50.8,1.65,2.971,0.714,11.48,3981
Stainless Steel 316,38.1,1.65,8.962,13.639,52.78,84602
Carbon Steel,101.6,2.11,12.002,62.769,52.71,84369
Carbon Steel,254.0,4.78,11.958,347.653,61.14,428128
Carbon Steel,76.2,5.16,12.029,109.462,52.68,141227
Copper,25.4,3.38,12.009,24.916,59.47,309182
Carbon Steel,101.6,5.74,2.961,40.726,26.96,53735
Galvanized Steel,50.8,2.77,9.03,29.656,46.02,52486
Stainless Steel 304,25.4,2.77,2.983,4.829,22.08,26070
Stainless Steel 304,38.1,2.77,6.027,14.728,37.51,72872
Carbon Steel,50.8,1.65,12.019,23.948,49.51,37531
PVC,38.1,1.65,11.974,3.152,35.59,13212
Carbon Steel,101.6,2.11,5.992,30.811,32.02,42042
PVC,25.4,2.77,2.97,0.821,11.84,4371
PVC,38.1,3.56,2.963,1.602,12.68,6147
Stainless Steel 316,38.1,2.77,3.016,7.403,24.72,45239
Carbon Steel,25.4,3.38,9.03,16.583,42.59,27161
Carbon Steel,38.1,3.56,3.004,9.067,19.35,13922
Copper,76.2,3.05,8.997,56.044,48.97,681491
Carbon Steel,50.8,2.77,6.013,19.806,29.29,29348
Stainless Steel 304,38.1,1.65,2.975,4.509,17.69,23321
Galvanized Steel,25.4,2.77,5.955,9.098,30.65,19186
Stainless Steel 316,76.2,2.11,5.982,23.799,37.84,137922
Carbon Steel,254.0,4.78,2.952,86.105,32.19,108924
Carbon Steel,25.4,3.38,9.019,16.516,38.67,26467
HDPE,38.1,3.56,9.039,3.26,28.69,10039
HDPE,76.2,3.05,3.019,2.007,14.12,5900
Stainless Steel 316,76.2,3.05,3.028,16.78,26.22,96777
Carbon Steel,25.4,2.77,11.957,18.705,48.78,30114
Stainless Steel 304,25.4,3.38,8.988,16.883,53.91,86123
Copper,203.2,3.96,6.004,133.831,48.94,1615186
Stainless Steel 316,25.4,2.77,3.022,4.757,23.3,30106
Carbon Steel,50.8,3.91,9.012,40.337,43.93,56547
Stainless Steel 316,38.1,1.65,8.957,13.458,56.82,84846
PVC,38.1,1.65,9.035,2.423,26.02,9649
Stainless Steel 304,50.8,1.65,2.993,6.101,21.16,31515
Carbon Steel,50.8,3.91,8.982,40.345,41.3,55378
HDPE,50.8,3.91,9.028,4.995,27.89,12968
Stainless Steel 304,38.1,3.56,12.035,37.177,69.82,179406
Stainless Steel 304,25.4,1.65,2.981,2.969,19.75,16635
PVC,38.1,1.65,8.958,2.349,22.51,9376
Stainless Steel 316,38.1,3.56,11.967,37.642,70.66,219070
Carbon Steel,38.1,1.65,12.015,17.765,50.16,30260
Galvanized Steel,76.2,2.11,11.951,45.632,53.32,78057
Stainless Steel 316,203.2,3.96,12.046,238.301,86.55,1326473
Copper,50.8,3.91,2.976,15.297,25.58,188762
Stainless Steel 316,25.4,2.77,12.012,19.005,64.15,116220
PVC,76.2,2.11,11.955,8.385,36.73,25740
Copper,101.6,5.74,6.024,93.768,41.35,1132574
PVC,76.2,3.05,11.978,11.658,32.52,31490
Stainless Steel 304,152.4,2.77,12.038,125.827,70.91,578377
Stainless Steel 316,203.2,3.96,8.985,176.17,68.28,981749
Carbon Steel,50.8,1.65,9.026,18.107,37.44,28121
Carbon Steel,50.8,2.77,3.045,9.985,18.01,15669
Stainless Steel 316,101.6,5.74,6.038,84.788,53.0,476745
Carbon Steel,25.4,2.77,9.012,13.694,37.28,22870
Carbon Steel,25.4,3.38,6.01,11.045,29.25,18394
Carbon Steel,76.2,2.11,12.019,47.216,49.79,65424
Carbon Steel,203.2,7.04,8.972,308.521,59.55,380824
Stainless Steel 316,76.2,2.11,2.962,11.513,25.86,67736
Stainless Steel 316,25.4,2.77,11.999,19.384,67.87,119088
Stainless Steel 304,101.6,2.11,6.021,31.58,36.76,149206
Stainless Steel 304,25.4,2.77,3.046,4.792,22.93,25713
HDPE,25.4,3.38,8.979,1.96,28.26,8923
Carbon Steel,152.4,3.4,8.959,111.683,46.61,142906
PVC,38.1,1.65,9.024,2.375,28.67,10430
Copper,101.6,5.74,8.987,139.517,58.17,1685274
Copper,203.2,2.77,5.958,93.854,41.28,1133627
Stainless Steel 316,25.4,1.65,3.047,3.031,21.29,19625
Carbon Steel,76.2,5.16,5.964,52.874,33.82,70812
Carbon Steel,101.6,3.05,8.987,67.051,40.52,87478
Stainless Steel 316,25.4,2.77,11.962,18.604,72.44,115524
Stainless Steel 304,25.4,1.65,3.047,3.05,20.47,17313
Stainless Steel 316,76.2,3.05,9.037,49.212,58.4,281809
Carbon Steel,38.1,1.65,11.968,17.587,49.23,30729
Stainless Steel 304,50.8,3.91,5.953,27.513,40.97,132133
Copper,38.1,1.65,2.997,4.972,19.54,62896
Copper,101.6,5.74,8.959,137.934,57.91,1665809
PVC,76.2,5.16,5.97,9.819,24.81,25107
PVC,101.6,2.11,12.047,11.082,35.69,31432
Stainless Steel 304,101.6,5.74,3.043,41.747,39.32,194495
Carbon Steel,50.8,2.77,5.973,19.911,30.18,29323
Carbon Steel,101.6,3.05,9.039,66.405,39.93,86719
Stainless Steel 304,50.8,2.77,12.009,39.678,65.38,190381
Stainless Steel 316,38.1,3.56,5.989,18.465,40.63,109362
Carbon Steel,203.2,3.96,2.963,58.283,27.67,74252
Stainless Steel 316,50.8,2.77,2.973,10.013,25.35,60026
PVC,25.4,3.38,5.985,1.944,20.36,7621
Stainless Steel 304,38.1,3.56,8.988,27.669,47.71,134105
Copper,25.4,1.65,12.021,13.335,56.77,170367
Stainless Steel 304,25.4,2.77,8.973,14.274,47.82,73794
Carbon Steel,38.1,1.65,3.046,4.453,15.72,8859
Carbon Steel,203.2,2.77,12.021,162.742,57.25,205959
Stainless Steel 316,152.4,3.4,3.038,38.937,37.84,220754
Galvanized Steel,101.6,3.05,6.002,43.672,35.98,71622
Stainless Steel 316,76.2,2.11,9.047,35.525,61.75,207321
Stainless Steel 316,76.2,3.05,11.961,67.295,75.8,383641
Carbon Steel,101.6,2.11,9.049,46.283,40.65,62613
Stainless Steel 304,50.8,1.65,12.037,24.575,65.98,122194
Stainless Steel 304,38.1,3.56,2.975,9.276,27.62,47293
Stainless Steel 304,50.8,3.91,3.024,13.678,26.12,66789
Carbon Steel,25.4,1.65,5.963,5.721,25.99,11913
Stainless Steel 304,50.8,3.91,6.047,28.033,39.84,133026
PVC,50.8,2.77,2.989,1.738,13.28,6120
Stainless Steel 304,50.8,2.77,9.017,30.351,47.3,145890
PVC,50.8,2.77,9.034,5.321,27.9,15746
Stainless Steel 304,152.4,6.35,11.989,281.88,87.5,1284220
PVC,304.8,9.53,11.987,146.898,54.58,332835
HDPE,38.1,3.56,8.989,3.309,26.56,10739
Carbon Steel,76.2,3.05,6.036,33.408,28.97,45162
Carbon Steel,101.6,2.11,2.951,15.288,18.85,21708
PVC,50.8,1.65,6.033,2.178,18.77,8986
Carbon Steel,25.4,2.77,12.003,18.927,48.32,31586
PVC,101.6,3.05,2.977,3.974,14.75,12005
Copper,25.4,3.38,11.972,24.868,58.3,309288
Stainless Steel 316,50.8,3.91,3.035,13.954,29.57,82586
PVC,50.8,1.65,3.022,1.082,12.01,3925
Carbon Steel,50.8,1.65,6.007,12.019,28.71,19277
Stainless Steel 304,76.2,3.05,2.95,16.509,25.78,78597
Copper,25.4,1.65,12.039,13.38,52.97,170992
Carbon Steel,38.1,1.65,8.982,13.293,38.53,23193
HDPE,50.8,3.91,11.958,6.562,39.96,19509
HDPE,38.1,1.65,8.988,1.599,25.2,7466
PVC,38.1,1.65,5.997,1.619,17.87,7367
HDPE,101.6,2.11,6.019,3.731,18.85,10547
Carbon Steel,76.2,5.16,2.987,27.155,23.45,37584
Stainless Steel 304,152.4,6.35,12.018,281.143,76.48,1279285
Stainless Steel 304,152.4,2.77,11.99,123.837,72.3,570119
Stainless Steel 316,25.4,3.38,12.031,22.675,65.49,137054
Copper,304.8,3.4,9.016,259.71,62.73,3128475
Stainless Steel 316,25.4,2.77,8.988,14.151,49.69,86812
Copper,50.8,2.77,5.962,22.562,33.65,277174
Copper,203.2,7.04,5.978,237.012,51.63,2852444
Carbon Steel,50.8,1.65,11.98,23.98,46.72,36281
Carbon Steel,304.8,3.4,12.026,304.535,62.27,376620
Stainless Steel 304,38.1,1.65,6.015,9.079,30.77,46571
Galvanized Steel,101.6,2.11,8.961,47.049,42.78,78515
HDPE,38.1,3.56,2.951,1.076,13.78,4394
HDPE,76.2,3.05,6.027,4.076,21.66,10850
Carbon Steel,101.6,3.05,6.005,45.218,32.46,60535
PVC,50.8,3.91,11.955,9.712,39.2,29137
Copper,50.8,1.65,2.981,6.722,20.24,84722
Stainless Steel 316,50.8,2.77,9.023,29.999,58.31,175042
Carbon Steel,152.4,2.77,8.994,93.37,47.76,120829
Carbon Steel,203.2,7.04,11.985,405.958,64.45,499314
Carbon Steel,254.0,4.78,11.996,346.643,61.17,426905
Stainless Steel 304,50.8,2.77,2.964,9.714,24.39,48005
Carbon Steel,101.6,2.11,3.031,15.64,20.44,22352
Carbon Steel,101.6,5.74,6.037,80.673,37.53,102625
Stainless Steel 304,101.6,3.05,8.996,67.595,53.37,313193
Stainless Steel 316,76.2,2.11,3.044,11.964,25.45,70195
Stainless Steel 304,152.4,2.77,3.005,30.711,32.07,143592
PVC,38.1,3.56,8.987,4.866,28.95,15519
Carbon Steel,101.6,3.05,12.028,89.217,52.46,116953
Carbon Steel,50.8,3.91,5.967,27.125,30.26,37058
HDPE,203.2,7.04,5.989,24.521,33.35,49962
Stainless Steel 304,101.6,2.11,8.955,47.832,47.58,222857
Copper,25.4,2.77,11.952,21.305,57.81,265779
PVC,76.2,3.05,2.955,2.892,14.42,8462
Carbon Steel,50.8,1.65,11.978,23.864,48.25,37313
Carbon Steel,254.0,3.4,8.999,187.246,54.54,233834
Carbon Steel,50.8,1.65,3.017,6.027,16.22,10067
Stainless Steel 304,152.4,2.77,5.998,62.236,44.81,287840
PVC,25.4,2.77,8.972,2.458,23.83,9834
Carbon Steel,25.4,3.38,12.015,22.203,50.21,36481
Stainless Steel 304,50.8,2.77,8.995,29.82,56.19,144173
Copper,38.1,1.65,9.0,15.045,44.42,188725
Stainless Steel 304,50.8,1.65,5.998,12.31,34.67,60467
Stainless Steel 316,25.4,3.38,6.002,11.154,37.18,67515
Carbon Steel,38.1,1.65,9.018,13.256,36.8,23531
PVC,25.4,2.77,6.004,1.654,19.25,7044
Carbon Steel,152.4,3.4,8.975,112.336,44.87,141927
Stainless Steel 304,38.1,3.56,5.983,18.757,35.16,90288
Stainless Steel 316,38.1,2.77,8.98,21.89,56.13,130045
Stainless Steel 304,50.8,3.91,3.023,14.148,25.89,68675
Carbon Steel,50.8,3.91,12.034,55.03,52.65,75567
Stainless Steel 304,101.6,2.11,6.027,31.849,40.44,150908
Carbon Steel,152.4,6.35,3.039,70.868,30.25,90030
Carbon Steel,304.8,3.4,5.976,151.017,38.09,187901
Copper,38.1,1.65,3.037,5.159,19.32,64847
Stainless Steel 304,38.1,3.56,3.008,9.391,26.43,47241
Carbon Steel,50.8,1.65,8.96,17.925,37.1,28299
Carbon Steel,152.4,2.77,12.01,122.233,54.87,156603
Stainless Steel 304,38.1,2.77,12.036,29.486,66.01,144822
HDPE,25.4,1.65,6.006,0.716,17.81,4798
Stainless Steel 304,76.2,2.11,12.034,47.402,62.27,224234
Carbon Steel,101.6,5.74,11.987,164.035,66.97,209036
PVC,38.1,3.56,6.009,3.318,21.78,11045
Carbon Steel,38.1,3.56,3.034,9.182,20.6,15065
Stainless Steel 304,50.8,1.65,2.969,6.06,20.42,31297
PVC,203.2,3.96,12.016,41.477,46.74,99365
Stainless Steel 304,25.4,1.65,12.003,11.893,62.96,64467
PVC,50.8,3.91,12.033,9.735,38.47,27884
Carbon Steel,254.0,4.78,3.025,90.339,33.87,114623
PVC,50.8,1.65,2.962,1.062,12.47,4777
Stainless Steel 304,101.6,5.74,2.957,41.07,34.29,191256
Carbon Steel,304.8,3.4,11.951,302.952,60.68,374724
Stainless Steel 316,203.2,3.96,3.017,60.106,37.75,336821
Stainless Steel 304,25.4,1.65,11.99,11.734,59.52,62724
Stainless Steel 304,101.6,5.74,2.969,40.799,35.52,189562
PVC,38.1,1.65,2.991,0.801,11.08,3280
PVC,76.2,3.05,11.998,11.703,38.25,32982
Carbon Steel,152.4,6.35,3.031,68.963,31.73,88630
Carbon Steel,152.4,6.35,12.034,273.653,59.16,338456
PVC,25.4,1.65,6.034,1.055,17.56,5220
Galvanized Steel,304.8,4.78,6.025,209.696,56.33,324985
Stainless Steel 304,25.4,3.38,6.025,11.143,35.78,56413
Stainless Steel 316,203.2,2.77,8.991,126.126,62.5,705594
Carbon Steel,304.8,3.4,6.014,151.311,42.78,189301
PVC,50.8,3.91,2.953,2.37,13.55,7324
Stainless Steel 304,25.4,1.65,8.972,8.824,48.57,48467
Copper,25.4,2.77,12.04,21.309,60.81,266593
Stainless Steel 316,50.8,3.91,11.989,55.706,71.95,319689
PVC,76.2,2.11,12.024,8.495,34.48,23959
Stainless Steel 316,25.4,1.65,6.042,5.941,34.1,40168
PVC,254.0,4.78,6.006,31.723,31.33,75491
HDPE,304.8,4.78,12.029,51.709,49.17,101734
HDPE,38.1,1.65,5.973,1.05,18.92,5967
PVC,50.8,2.77,6.013,3.55,18.98,10724
Stainless Steel 304,152.4,2.77,3.018,31.112,28.57,144810
Galvanized Steel,76.2,5.16,11.97,106.462,63.38,171519
Stainless Steel 304,76.2,5.16,11.988,109.735,77.36,507744
Carbon Steel,50.8,3.91,11.998,53.085,50.7,73724
PVC,25.4,3.38,12.045,3.992,38.27,15841
Stainless Steel 316,152.4,6.35,8.984,207.553,72.95,1154482
Carbon Steel,152.4,6.35,8.996,203.035,55.93,254148
Stainless Steel 304,152.4,3.4,8.994,114.444,57.43,525544
HDPE,50.8,3.91,2.951,1.634,15.27,5152
HDPE,38.1,3.56,2.992,1.082,13.32,4196
Carbon Steel,25.4,1.65,12.013,11.568,45.33,21492
Stainless Steel 304,25.4,3.38,9.044,16.932,54.1,86959
Stainless Steel 304,76.2,3.05,6.025,33.981,40.35,159722
Stainless Steel 316,50.8,3.91,11.988,55.223,75.74,317982
Carbon Steel,25.4,1.65,5.998,5.812,23.67,10350
Stainless Steel 304,38.1,3.56,9.026,27.724,52.73,133691
HDPE,25.4,3.38,11.991,2.636,33.89,10871
Carbon Steel,38.1,1.65,5.962,8.824,24.85,15728
Carbon Steel,25.4,3.38,2.976,5.513,17.89,10085
HDPE,101.6,2.11,11.984,7.465,35.23,21097
Stainless Steel 304,50.8,3.91,12.014,55.526,64.71,261349
Stainless Steel 316,101.6,5.74,8.978,123.411,67.65,690974
PVC,152.4,3.4,8.954,20.144,31.45,50349
Carbon Steel,50.8,1.65,11.953,24.123,47.24,36846
Copper,101.6,3.05,3.021,25.575,25.33,311151
PVC,38.1,2.77,3.028,1.322,12.49,5382
Carbon Steel,38.1,2.77,5.962,14.531,27.08,21972
Stainless Steel 304,203.2,2.77,5.98,83.268,45.55,383041
Carbon Steel,76.2,2.11,2.99,11.454,16.21,16940
Stainless Steel 304,101.6,3.05,6.022,45.192,40.31,211095
Stainless Steel 304,101.6,3.05,2.951,21.904,28.82,104020
Carbon Steel,76.2,5.16,6.029,54.104,36.78,71618
Carbon Steel,50.8,2.77,6.039,20.083,29.62,29207
HDPE,38.1,1.65,12.021,2.137,32.84,10015
PVC,101.6,5.74,5.968,14.48,24.4,36820
HDPE,25.4,2.77,8.967,1.643,26.42,8786
Stainless Steel 304,50.8,2.77,6.019,19.815,36.92,96155
Stainless Steel 316,76.2,5.16,5.999,54.814,48.13,310011
PVC,76.2,2.11,9.023,6.192,27.49,19120
Stainless Steel 316,254.0,8.56,12.041,648.885,93.5,3585440
HDPE,76.2,5.16,2.999,3.277,17.96,9509
Stainless Steel 304,38.1,3.56,6.016,18.296,37.81,88686
Carbon Steel,50.8,2.77,9.013,29.811,40.28,42617
Carbon Steel,25.4,1.65,9.043,8.707,37.13,17393
Galvanized Steel,38.1,2.77,2.981,7.244,21.18,15144
Stainless Steel 304,152.4,2.77,5.99,62.433,43.2,288406
Stainless Steel 304,101.6,5.74,2.974,41.269,33.23,191988
Copper,25.4,3.38,12.0,25.325,65.48,314984
PVC,203.2,3.96,8.952,30.054,34.38,72355
Galvanized Steel,76.2,3.05,5.999,33.111,31.62,54871
PVC,25.4,1.65,8.951,1.531,24.58,7495
Copper,50.8,2.77,9.037,33.29,45.17,407351
Stainless Steel 304,76.2,2.11,12.008,46.592,67.21,221692
Stainless Steel 304,76.2,3.05,2.963,16.589,25.91,79151
PVC,25.4,1.65,12.001,2.061,29.62,10174
Carbon Steel,101.6,3.05,2.969,22.161,19.38,29639
Stainless Steel 316,50.8,3.91,11.995,55.087,74.75,317094
Carbon Steel,50.8,3.91,6.029,26.98,32.06,38645
Carbon Steel,50.8,2.77,9.017,29.935,40.51,42529
Copper,101.6,3.05,5.97,50.319,36.92,610468
Stainless Steel 304,203.2,7.04,11.982,409.723,93.11,1861273
Stainless Steel 304,101.6,3.05,5.961,45.097,40.19,211017
Stainless Steel 316,50.8,1.65,2.953,6.027,22.23,37553
Stainless Steel 316,152.4,2.77,6.017,62.601,50.14,354048
Carbon Steel,50.8,2.77,9.046,29.586,37.8,42638
Carbon Steel,50.8,2.77,11.974,39.377,47.5,56175
Stainless Steel 316,304.8,4.78,3.036,110.142,47.85,614295
Carbon Steel,25.4,3.38,3.02,5.528,17.3,9694
PVC,76.2,3.05,2.993,2.97,14.13,9813
Copper,50.8,2.77,3.029,11.368,23.86,140644
Galvanized Steel,101.6,5.74,5.953,79.205,45.54,126770
HDPE,25.4,1.65,6.005,0.698,17.01,4445
Carbon Steel,25.4,1.65,11.973,11.364,48.91,21014
PVC,50.8,1.65,5.995,2.137,18.09,8409
Stainless Steel 316,50.8,2.77,5.978,20.306,38.08,118538
Stainless Steel 304,38.1,3.56,9.035,27.905,48.35,133871
Stainless Steel 316,25.4,3.38,9.022,16.908,57.34,103796
Stainless Steel 316,50.8,3.91,3.0,13.842,30.23,80457
Carbon Steel,25.4,1.65,6.001,5.909,24.41,10420
Galvanized Steel,38.1,3.56,8.963,27.416,45.35,49403
Carbon Steel,38.1,3.56,5.963,17.877,28.84,26468
Galvanized Steel,38.1,1.65,2.97,4.348,17.28,9475
Carbon Steel,76.2,5.16,8.977,79.858,46.91,103705
Stainless Steel 304,25.4,2.77,3.007,4.769,23.76,25911
Stainless Steel 304,203.2,7.04,2.97,102.375,44.11,468864
PVC,76.2,2.11,6.03,4.182,17.63,12014
Stainless Steel 304,25.4,3.38,3.018,5.593,25.99,29907
Carbon Steel,50.8,1.65,2.961,5.818,15.58,9831
Copper,152.4,2.77,11.983,139.899,62.54,1689935
Carbon Steel,152.4,6.35,9.011,206.537,53.29,257945
Carbon Steel,38.1,1.65,2.969,4.433,16.62,8779
PVC,38.1,1.65,2.998,0.787,10.27,3560
HDPE,76.2,5.16,5.999,6.481,24.94,17102
Stainless Steel 304,76.2,2.11,8.959,34.692,46.85,163979
Carbon Steel,38.1,1.65,12.023,17.877,49.74,30671
Carbon Steel,152.4,6.35,12.001,273.111,66.05,339218
Copper,25.4,2.77,2.991,5.266,22.48,66796
Carbon Steel,76.2,5.16,9.033,82.322,46.5,108624
Copper,152.4,6.35,8.977,231.941,57.22,2792845
Carbon Steel,38.1,3.56,5.957,17.892,30.65,26734
Carbon Steel,101.6,2.11,11.972,61.868,46.23,81371
Copper,101.6,2.11,9.017,53.719,48.55,653516
Stainless Steel 316,38.1,2.77,3.016,7.542,27.28,46077
HDPE,25.4,1.65,12.013,1.405,31.27,7963
Stainless Steel 304,50.8,2.77,6.04,19.988,38.44,96839
PVC,50.8,2.77,2.96,1.737,13.65,6498
Stainless Steel 304,38.1,3.56,6.017,18.686,35.94,90207
HDPE,101.6,3.05,9.011,8.178,30.46,19383
Carbon Steel,50.8,2.77,11.994,39.137,50.71,55850
Carbon Steel,25.4,3.38,5.973,10.764,30.65,19280
Carbon Steel,25.4,1.65,5.993,5.657,24.95,11235
Stainless Steel 304,76.2,3.05,9.021,50.303,51.99,235718
Carbon Steel,25.4,3.38,6.009,10.905,28.61,17699
Copper,304.8,9.53,9.038,727.361,75.54,8742834
Stainless Steel 304,76.2,2.11,11.952,46.482,62.88,220403
Copper,50.8,1.65,11.985,27.702,58.96,343672
Copper,152.4,3.4,5.971,85.793,42.59,1038316
PVC,152.4,6.35,6.035,24.725,28.62,59814
PVC,101.6,3.05,12.033,16.059,40.12,43113
Carbon Steel,76.2,5.16,2.965,26.816,26.22,35509
Carbon Steel,50.8,3.91,11.966,53.545,49.77,72826
PVC,25.4,1.65,12.026,2.089,32.61,10971
Carbon Steel,101.6,5.74,6.035,82.587,36.33,105081
Carbon Steel,50.8,3.91,6.017,27.463,31.51,38839
HDPE,25.4,2.77,2.967,0.552,11.52,2622
Stainless Steel 316,50.8,3.91,5.963,27.288,46.27,158947
Stainless Steel 316,50.8,1.65,6.023,12.118,38.17,73204
Copper,25.4,2.77,6.022,10.41,31.25,130556
Carbon Steel,50.8,3.91,11.976,53.536,52.92,73764
PVC,152.4,3.4,6.027,13.371,23.24,33385
PVC,101.6,2.11,8.986,8.377,25.9,23540
Carbon Steel,304.8,9.53,5.964,406.357,51.53,497513
Stainless Steel 316,25.4,3.38,6.001,11.239,46.07,70156
Copper,25.4,1.65,6.006,6.612,30.35,84931
PVC,25.4,1.65,6.0,1.034,18.01,5509
Stainless Steel 304,76.2,3.05,2.995,16.901,25.85,80998
PVC,152.4,6.35,12.015,49.258,45.09,116366
Carbon Steel,76.2,2.11,9.042,34.467,36.73,48177
Stainless Steel 304,25.4,2.77,9.031,14.032,52.72,73103
PVC,38.1,2.77,5.967,2.556,20.63,9373
Carbon Steel,203.2,2.77,8.983,126.127,46.08,159169
Carbon Steel,25.4,3.38,3.001,5.526,18.34,10559
Stainless Steel 316,50.8,3.91,9.012,41.388,59.6,239173
Carbon Steel,25.4,3.38,11.992,22.371,48.65,35758
Carbon Steel,25.4,1.65,11.989,11.541,42.05,21920
Copper,38.1,3.56,9.028,31.153,44.78,382175
HDPE,25.4,3.38,5.984,1.344,18.89,5984
HDPE,38.1,3.56,8.995,3.336,28.4,10988
PVC,76.2,5.16,12.007,19.058,40.62,49173
Stainless Steel 316,38.1,2.77,3.014,7.355,26.67,44867
Stainless Steel 316,76.2,5.16,8.951,81.694,68.35,460864
Carbon Steel,38.1,3.56,11.98,36.523,47.73,52447
Galvanized Steel,25.4,2.77,12.041,18.823,54.39,39023
Stainless Steel 304,38.1,1.65,8.962,13.413,52.39,69522
Copper,25.4,2.77,9.012,15.648,47.77,196886
Carbon Steel,50.8,3.91,6.037,27.47,33.68,39044
Stainless Steel 304,25.4,3.38,5.978,11.223,34.7,56758
Stainless Steel 304,76.2,3.05,3.013,16.824,24.15,79196
Stainless Steel 304,76.2,3.05,6.002,33.712,40.15,158827
Carbon Steel,152.4,6.35,9.045,207.831,50.96,258828
Carbon Steel,38.1,3.56,9.035,27.253,43.4,38905
Carbon Steel,50.8,3.91,8.963,40.686,42.38,56689
Stainless Steel 304,50.8,3.91,6.028,27.995,42.8,133380
Galvanized Steel,38.1,1.65,11.993,17.671,49.87,35545
Copper,38.1,3.56,12.044,42.478,65.06,520501
HDPE,38.1,2.77,8.964,2.598,26.57,9175
PVC,203.2,2.77,12.004,29.499,36.4,71228
Stainless Steel 304,76.2,5.16,9.044,85.06,58.25,393138
Galvanized Steel,50.8,3.91,6.021,27.284,34.82,48030
Carbon Steel,101.6,2.11,9.016,46.576,36.73,61814
Carbon Steel,254.0,4.78,3.023,90.321,29.93,113229
Stainless Steel 304,50.8,2.77,9.004,29.77,51.45,142584
Carbon Steel,203.2,2.77,3.016,41.288,27.32,54366
Stainless Steel 316,101.6,2.11,12.0,63.486,65.49,360519
Carbon Steel,50.8,2.77,9.012,29.461,41.63,43962
Stainless Steel 316,203.2,2.77,11.955,166.051,78.85,927743
Stainless Steel 304,304.8,3.4,2.981,76.008,47.54,349895
HDPE,50.8,2.77,9.033,3.544,27.97,10094
Copper,25.4,2.77,8.99,15.89,47.08,198733
Copper,38.1,2.77,3.005,8.382,23.39,104539
Carbon Steel,101.6,3.05,6.009,43.692,29.45,57849
Copper,203.2,7.04,5.995,231.784,53.33,2791125
Carbon Steel,25.4,3.38,11.952,21.858,49.84,34727
PVC,38.1,1.65,6.02,1.591,20.13,7112
Stainless Steel 304,25.4,1.65,8.954,8.895,43.59,48226
Stainless Steel 304,101.6,5.74,5.974,83.023,47.26,382043
Stainless Steel 316,76.2,5.16,12.031,109.65,78.57,617171
Carbon Steel,25.4,2.77,5.981,9.439,28.13,17123
Stainless Steel 304,38.1,1.65,9.05,13.571,48.02,70202
HDPE,101.6,3.05,3.023,2.744,15.54,7049
Stainless Steel 316,50.8,2.77,3.007,10.007,26.36,59934
Copper,25.4,1.65,8.976,9.85,42.78,126174
Stainless Steel 304,152.4,6.35,8.977,207.861,71.66,947805
Stainless Steel 316,203.2,2.77,9.031,127.841,62.03,713853
Copper,76.2,3.05,8.968,56.704,48.03,688538
HDPE,76.2,2.11,9.003,4.186,26.35,11875
Stainless Steel 316,76.2,5.16,12.019,111.337,78.38,626971
Stainless Steel 304,38.1,3.56,12.038,36.843,61.08,177457
Carbon Steel,152.4,3.4,12.021,147.101,63.88,188221
Carbon Steel,101.6,3.05,8.961,67.618,43.4,89226
Carbon Steel,76.2,5.16,12.036,109.386,64.26,142675
PVC,203.2,2.77,11.953,29.42,43.29,72791
Stainless Steel 304,25.4,2.77,3.022,4.811,22.88,25391
Carbon Steel,101.6,3.05,2.963,21.436,22.21,29909
Stainless Steel 316,25.4,2.77,2.955,4.648,23.59,29949
Stainless Steel 304,304.8,3.4,3.05,79.32,46.9,365338
Copper,38.1,1.65,9.05,15.295,45.39,190915
PVC,25.4,2.77,11.996,3.357,32.79,13305
Stainless Steel 316,25.4,2.77,12.029,18.919,67.33,116474
Stainless Steel 304,38.1,1.65,12.017,18.066,64.21,92538
Stainless Steel 304,50.8,1.65,3.022,6.281,20.31,32413
HDPE,38.1,1.65,11.962,2.136,31.43,10368
Stainless Steel 304,25.4,2.77,3.019,4.809,21.53,25751
Carbon Steel,152.4,3.4,3.008,37.198,27.79,49292
Carbon Steel,254.0,4.78,12.005,350.374,64.7,432549
Carbon Steel,38.1,1.65,11.978,17.668,45.47,28981
Stainless Steel 304,254.0,8.56,5.957,317.623,65.55,1441009
HDPE,50.8,3.91,9.013,4.961,27.5,14066
Stainless Steel 304,38.1,2.77,5.954,14.437,33.47,71627
Carbon Steel,101.6,5.74,5.981,81.005,34.98,103927
Stainless Steel 316,101.6,3.05,9.034,67.21,61.41,381341
Carbon Steel,50.8,1.65,8.981,18.136,38.48,28183
Stainless Steel 304,101.6,5.74,2.975,40.438,33.32,187613
Stainless Steel 316,50.8,1.65,5.995,12.203,38.94,73677
PVC,25.4,2.77,5.956,1.643,20.22,6923
Stainless Steel 304,38.1,3.56,5.952,18.523,37.62,89898
HDPE,50.8,1.65,11.995,2.873,35.19,10683
Stainless Steel 304,203.2,2.77,9.006,124.946,60.4,573798
Carbon Steel,304.8,9.53,12.02,836.684,73.58,1016816
Copper,25.4,3.38,11.952,24.88,60.54,307613
Stainless Steel 304,25.4,2.77,6.017,9.495,38.94,49080
Carbon Steel,25.4,2.77,11.972,18.581,55.34,32681
Copper,25.4,2.77,9.032,15.681,47.02,197172
Stainless Steel 316,50.8,2.77,9.001,29.892,62.42,176237
Carbon Steel,203.2,2.77,8.995,122.006,44.83,153947
Stainless Steel 304,152.4,2.77,8.994,94.705,57.06,437203
Carbon Steel,101.6,5.74,3.031,40.251,26.25,53358
PVC,101.6,2.11,5.967,5.509,21.09,16291
Carbon Steel,152.4,3.4,11.973,146.571,55.72,184114
Carbon Steel,38.1,1.65,9.029,13.399,34.77,21976
Carbon Steel,38.1,1.65,5.969,8.928,25.83,16189
HDPE,101.6,3.05,12.019,10.66,38.93,26703
Stainless Steel 304,25.4,3.38,11.985,22.565,64.91,112737
PVC,38.1,3.56,5.958,3.229,20.29,11198
PVC,38.1,3.56,12.026,6.586,34.5,21288
Carbon Steel,50.8,3.91,8.996,40.742,41.87,57246
Stainless Steel 304,50.8,2.77,12.044,39.696,70.34,191415
Carbon Steel,38.1,1.65,2.958,4.408,16.7,8288
PVC,152.4,2.77,2.991,5.422,16.25,14713
PVC,76.2,3.05,9.024,8.766,29.17,24270
HDPE,254.0,8.56,9.01,56.894,38.31,108990
Stainless Steel 304,76.2,3.05,3.018,16.918,24.72,80520
Stainless Steel 316,101.6,3.05,11.975,91.783,77.04,519443
Copper,25.4,1.65,3.029,3.313,17.92,43588
PVC,101.6,2.11,2.958,2.722,14.94,8778
HDPE,203.2,2.77,5.998,9.846,25.11,21403
Stainless Steel 316,76.2,3.05,6.023,33.349,40.41,191291
Carbon Steel,38.1,3.56,11.971,36.529,55.16,53495
Stainless Steel 304,50.8,3.91,3.023,13.826,28.93,67569
Stainless Steel 316,254.0,8.56,11.987,627.723,97.61,3469319
Carbon Steel,304.8,9.53,12.025,836.722,70.92,1017019
HDPE,101.6,2.11,8.997,5.677,28.34,15460
Copper,76.2,3.05,11.987,75.209,61.67,914422
Carbon Steel,38.1,1.65,11.953,17.431,45.86,29312
Stainless Steel 316,50.8,3.91,11.995,55.816,72.47,319873
Carbon Steel,38.1,3.56,5.997,18.328,30.57,26864
Carbon Steel,38.1,2.77,6.001,14.623,29.29,21400
PVC,50.8,2.77,11.994,7.099,33.4,21921
Galvanized Steel,101.6,5.74,6.036,81.875,42.76,131260
Carbon Steel,38.1,2.77,9.007,21.88,39.9,32265
Stainless Steel 304,76.2,5.16,12.008,109.924,70.42,508292
Galvanized Steel,76.2,5.16,11.998,106.495,65.37,171586
Copper,50.8,2.77,12.034,44.72,61.61,547345
Stainless Steel 304,38.1,3.56,9.024,28.002,52.34,135172
PVC,101.6,2.11,11.999,11.062,36.07,30656
Stainless Steel 304,76.2,2.11,3.047,12.145,25.04,59229
Carbon Steel,25.4,1.65,3.039,2.956,16.2,7049
Carbon Steel,304.8,4.78,3.044,108.797,34.14,136731
Galvanized Steel,25.4,2.77,6.012,9.337,29.07,19197
Stainless Steel 304,25.4,3.38,12.039,22.598,67.4,114360
Carbon Steel,38.1,2.77,12.032,28.152,49.74,43162
PVC,25.4,2.77,12.02,3.261,33.72,13422
Copper,101.6,2.11,2.969,17.641,23.33,215572
Carbon Steel,50.8,2.77,9.008,29.672,39.15,43124
Stainless Steel 304,25.4,1.65,5.956,5.911,33.53,32245
Stainless Steel 304,38.1,1.65,9.033,13.837,43.65,69651
Carbon Steel,254.0,4.78,12.048,356.804,68.5,439990
Carbon Steel,38.1,1.65,8.982,13.252,35.3,21800
Carbon Steel,25.4,2.77,8.959,13.847,39.04,23496
PVC,25.4,1.65,5.999,1.037,18.88,5985
Stainless Steel 304,25.4,1.65,6.033,5.863,32.62,32350
Stainless Steel 304,38.1,3.56,2.99,9.358,26.06,46853
HDPE,50.8,2.77,8.974,3.617,27.49,11431
HDPE,50.8,2.77,11.993,4.756,33.14,14758
Stainless Steel 304,50.8,3.91,2.992,13.847,27.05,66100
Stainless Steel 304,50.8,3.91,3.001,13.731,26.35,67495
PVC,76.2,5.16,5.989,9.549,26.39,25101
Stainless Steel 304,152.4,6.35,2.964,68.09,41.79,314404
Carbon Steel,38.1,3.56,8.967,27.406,38.23,39180
Carbon Steel,38.1,3.56,11.967,36.318,50.18,52706
Copper,101.6,3.05,2.982,24.98,24.8,304269
PVC,101.6,2.11,3.037,2.791,15.52,9436
Stainless Steel 304,38.1,1.65,3.009,4.622,19.77,25385
Galvanized Steel,25.4,1.65,5.992,5.757,25.6,13862
Stainless Steel 316,25.4,2.77,2.96,4.622,24.66,29751
HDPE,203.2,2.77,5.974,9.83,24.51,22177
PVC,203.2,7.04,11.997,71.462,42.61,164452
Stainless Steel 304,50.8,2.77,9.048,30.957,50.71,148210
Stainless Steel 304,50.8,3.91,9.043,42.111,54.14,198776
Carbon Steel,76.2,3.05,9.002,49.44,45.61,67325
HDPE,203.2,7.04,8.987,36.991,39.4,73467
Carbon Steel,25.4,3.38,9.015,16.268,38.22,26703
Stainless Steel 304,76.2,2.11,9.029,35.421,54.97,169117
Carbon Steel,50.8,2.77,6.047,19.933,26.57,29111
Stainless Steel 304,38.1,3.56,8.965,27.286,50.64,132373
Stainless Steel 304,101.6,2.11,5.996,31.53,40.26,149130
Stainless Steel 316,38.1,3.56,6.032,18.594,40.6,109518
HDPE,38.1,2.77,6.013,1.748,21.06,7737
Carbon Steel,50.8,2.77,9.028,29.823,41.56,43570
Copper,25.4,2.77,3.048,5.356,21.09,68567
Galvanized Steel,76.2,5.16,9.015,81.668,53.28,131894
Stainless Steel 316,25.4,3.38,3.029,5.627,27.05,35968
HDPE,76.2,3.05,8.992,5.979,27.05,15757
Stainless Steel 304,76.2,3.05,3.028,16.898,27.88,80932
Carbon Steel,76.2,5.16,3.041,27.559,23.05,36774
Stainless Steel 316,50.8,3.91,3.019,13.993,29.93,81973
PVC,50.8,1.65,6.023,2.181,17.3,7778
Stainless Steel 304,25.4,1.65,9.001,8.905,46.95,47975
Stainless Steel 304,101.6,3.05,6.007,44.521,42.58,208206
Carbon Steel,101.6,5.74,5.979,81.118,36.27,103227
PVC,101.6,5.74,2.955,7.098,18.99,19327
Stainless Steel 304,38.1,1.65,12.01,17.97,64.75,93358
Stainless Steel 304,76.2,3.05,2.972,16.676,26.48,79437
Carbon Steel,101.6,2.11,3.038,15.636,20.12,22764
Carbon Steel,76.2,5.16,8.983,80.713,46.97,104367
HDPE,38.1,3.56,6.049,2.225,21.34,8722
HDPE,25.4,2.77,12.045,2.243,34.5,9952
Stainless Steel 304,38.1,3.56,6.006,18.382,38.96,90456
PVC,203.2,7.04,9.045,55.314,38.32,128957
Carbon Steel,50.8,3.91,5.963,26.8,31.56,38576
Carbon Steel,76.2,3.05,11.951,65.196,52.09,87614
Stainless Steel 316,50.8,1.65,11.981,24.23,62.76,143878
Carbon Steel,38.1,3.56,12.015,36.37,49.95,53006
Carbon Steel,38.1,1.65,6.005,8.729,26.66,15085
HDPE,76.2,5.16,5.975,6.557,25.06,16699
Stainless Steel 316,76.2,3.05,5.997,33.437,41.98,191788
Stainless Steel 304,38.1,1.65,9.037,13.695,49.25,70684
Stainless Steel 316,101.6,5.74,2.985,41.382,33.2,233485
Stainless Steel 304,38.1,3.56,9.015,27.802,53.0,135270
Carbon Steel,50.8,2.77,9.024,29.434,37.18,42211
Stainless Steel 304,101.6,2.11,11.977,63.116,69.67,296647
Stainless Steel 304,203.2,3.96,6.019,116.426,46.39,532246
Stainless Steel 304,38.1,1.65,9.0,13.629,44.83,69589
Stainless Steel 316,38.1,1.65,6.033,9.21,38.56,58519
Stainless Steel 304,76.2,3.05,11.957,67.119,63.78,312336
Carbon Steel,101.6,2.11,11.972,61.731,55.26,84310
Galvanized Steel,76.2,2.11,8.985,35.018,42.9,59825
Carbon Steel,152.4,3.4,11.957,149.62,56.82,189760
PVC,38.1,2.77,11.994,5.189,34.92,17276
Stainless Steel 316,50.8,1.65,11.962,23.953,68.31,143594
Carbon Steel,38.1,2.77,5.973,14.326,29.78,22563
PVC,50.8,3.91,12.002,9.682,37.32,28054
Carbon Steel,101.6,2.11,8.998,46.431,39.8,63075
Stainless Steel 304,50.8,3.91,11.954,54.952,68.34,259396
Stainless Steel 316,38.1,2.77,11.982,29.585,65.84,175066
PVC,25.4,1.65,6.0,1.025,18.66,6009
Carbon Steel,203.2,3.96,9.05,173.804,53.64,218208
Carbon Steel,152.4,3.4,8.98,113.066,47.36,144630
PVC,101.6,3.05,5.972,7.895,23.75,21332
Stainless Steel 304,101.6,5.74,2.967,40.621,31.99,189165
Carbon Steel,38.1,2.77,11.957,28.655,48.66,42892
Stainless Steel 304,101.6,3.05,12.014,90.327,70.3,419385
Stainless Steel 316,152.4,2.77,2.97,31.199,32.59,176066
Carbon Steel,254.0,4.78,3.02,88.317,32.84,111115
Carbon Steel,38.1,1.65,6.001,8.913,26.31,15667
Copper,76.2,3.05,11.997,75.041,64.49,912564
Carbon Steel,76.2,2.11,5.963,23.084,30.66,33147
HDPE,50.8,2.77,12.05,4.743,36.64,14967
Galvanized Steel,25.4,2.77,3.006,4.671,17.79,9989
Stainless Steel 316,101.6,2.11,6.023,31.545,41.37,181375
Stainless Steel 304,50.8,1.65,2.999,6.142,21.87,32109
Stainless Steel 316,101.6,3.05,11.991,88.311,71.55,498360
Carbon Steel,76.2,2.11,8.975,34.803,40.76,50229
Carbon Steel,25.4,2.77,9.022,13.712,40.14,23953
Stainless Steel 304,76.2,5.16,12.036,110.369,68.64,508744
HDPE,50.8,3.91,6.04,3.307,21.84,9249
Stainless Steel 304,38.1,3.56,8.956,27.978,50.59,135361
Carbon Steel,152.4,2.77,8.966,92.728,43.81,118625
PVC,152.4,6.35,5.988,24.825,29.27,59643
Carbon Steel,50.8,3.91,8.966,41.007,39.58,56751
Stainless Steel 316,38.1,2.77,6.019,14.686,36.78,87621
HDPE,25.4,1.65,8.998,1.049,26.38,6740
Carbon Steel,76.2,5.16,2.964,26.914,22.44,36752
Carbon Steel,203.2,7.04,9.038,304.354,59.73,376995
Stainless Steel 304,254.0,4.78,8.954,267.989,72.83,1220233
Carbon Steel,50.8,2.77,8.952,28.961,42.55,42118
HDPE,203.2,3.96,5.975,14.315,28.2,30945
Stainless Steel 304,101.6,2.11,3.027,16.036,26.51,76622
PVC,50.8,1.65,5.963,2.102,20.74,7585
Stainless Steel 304,25.4,3.38,2.977,5.542,22.56,29322
Carbon Steel,38.1,2.77,9.005,21.8,38.78,33109
HDPE,25.4,3.38,3.024,0.675,12.9,2946
Stainless Steel 316,50.8,2.77,11.997,39.974,70.94,232998
PVC,101.6,3.05,5.971,7.977,23.11,21732
Stainless Steel 316,25.4,3.38,9.049,16.968,55.37,102867
Stainless Steel 316,25.4,2.77,3.002,4.649,25.61,30127
Carbon Steel,38.1,3.56,3.039,9.179,21.0,15464
Copper,50.8,1.65,6.037,13.759,33.32,170291
PVC,38.1,3.56,5.962,3.213,20.7,10653
Carbon Steel,76.2,2.11,5.966,22.904,29.48,32568
Carbon Steel,76.2,2.11,9.026,35.359,39.89,49245
Copper,25.4,2.77,11.985,20.844,59.74,260969
Stainless Steel 304,76.2,5.16,8.984,82.268,65.29,382634
Stainless Steel 304,38.1,1.65,2.953,4.485,20.47,24058
PVC,304.8,9.53,12.017,150.723,55.81,340953
Stainless Steel 316,25.4,1.65,11.963,11.869,63.35,76612
Copper,38.1,1.65,3.011,4.993,19.25,63500
Copper,101.6,2.11,2.952,17.267,23.17,211859
Carbon Steel,152.4,6.35,2.993,69.32,29.6,89438
Stainless Steel 304,25.4,2.77,6.026,9.478,37.71,50295
Copper,38.1,3.56,12.03,41.37,58.64,507120
Stainless Steel 316,25.4,3.38,3.003,5.611,27.32,35312
Copper,25.4,3.38,11.969,24.884,59.47,310084
Stainless Steel 304,38.1,2.77,6.005,14.851,37.56,73446
Galvanized Steel,25.4,3.38,2.99,5.49,18.3,11814
Carbon Steel,38.1,3.56,9.01,27.366,41.71,40689
Carbon Steel,38.1,2.77,3.038,7.278,16.32,12020
Stainless Steel 304,76.2,5.16,5.954,55.756,45.41,258939
Carbon Steel,76.2,2.11,5.993,23.156,27.0,32866
Carbon Steel,25.4,3.38,2.996,5.458,18.97,10641
Stainless Steel 304,38.1,1.65,12.01,17.888,62.74,91503
Carbon Steel,152.4,3.4,6.033,73.975,34.2,95183
Stainless Steel 316,38.1,3.56,6.036,18.349,38.93,107728
Copper,38.1,1.65,9.045,15.14,43.63,189383
HDPE,50.8,1.65,11.977,2.936,34.14,11498
Stainless Steel 316,101.6,3.05,12.026,91.057,69.6,513007
PVC,50.8,1.65,2.964,1.061,10.55,4180
Carbon Steel,38.1,2.77,6.038,14.469,29.59,22890
Stainless Steel 304,38.1,2.77,5.952,14.512,39.16,72785
Stainless Steel 304,304.8,4.78,9.011,319.439,80.78,1451594
Carbon Steel,101.6,5.74,11.995,164.716,57.75,207953
Copper,152.4,3.4,6.029,87.962,41.33,1063113
PVC,76.2,5.16,5.979,9.725,23.57,25457
PVC,25.4,1.65,3.017,0.512,10.58,2911
Carbon Steel,76.2,5.16,2.996,27.093,26.27,37627
Copper,101.6,5.74,6.005,93.001,44.41,1123264
Stainless Steel 304,152.4,2.77,8.991,94.054,54.74,433061
Galvanized Steel,25.4,2.77,12.041,18.434,52.87,37424
Carbon Steel,76.2,2.11,12.017,45.852,51.76,65215
Carbon Steel,76.2,5.16,11.981,107.684,57.09,140079
Stainless Steel 304,76.2,5.16,11.967,108.379,68.98,500835
Stainless Steel 316,25.4,1.65,5.977,5.907,37.01,39428
Stainless Steel 316,152.4,6.35,3.024,69.486,46.41,390744
HDPE,76.2,2.11,11.972,5.544,35.16,15943
PVC,25.4,3.38,12.019,3.976,34.5,14964
Stainless Steel 316,101.6,3.05,2.962,22.58,30.04,130286
Stainless Steel 304,50.8,1.65,8.962,18.302,50.97,91930
Stainless Steel 304,101.6,2.11,8.972,47.568,52.58,222462
Stainless Steel 304,38.1,1.65,8.962,13.504,45.69,68365
Copper,101.6,5.74,9.022,140.264,56.71,1693323
Copper,25.4,1.65,6.007,6.623,27.73,84249
Stainless Steel 304,101.6,3.05,8.974,67.794,57.76,315273
Stainless Steel 316,50.8,1.65,2.982,6.161,22.69,37568
Carbon Steel,101.6,3.05,9.042,67.621,42.0,88312
Carbon Steel,101.6,5.74,2.985,40.832,26.7,53437
Galvanized Steel,25.4,3.38,11.981,21.708,59.35,42838
Carbon Steel,101.6,2.11,12.029,63.128,56.32,85017
Stainless Steel 304,50.8,2.77,12.041,40.131,67.31,192879
Stainless Steel 304,50.8,1.65,6.027,12.287,37.33,61977
Stainless Steel 316,76.2,3.05,8.975,50.187,57.91,285253
Galvanized Steel,101.6,2.11,5.955,30.582,31.07,51241
Stainless Steel 316,152.4,3.4,2.972,38.287,34.63,216731
PVC,254.0,8.56,2.953,27.376,28.81,64807
Carbon Steel,76.2,2.11,2.966,11.399,18.43,16195
Carbon Steel,203.2,2.77,5.956,80.82,38.73,103308
Stainless Steel 316,101.6,3.05,11.976,91.286,72.7,514141
Copper,203.2,3.96,2.963,65.161,34.12,787603
Stainless Steel 316,203.2,3.96,11.988,236.734,88.5,1318114
Carbon Steel,76.2,5.16,2.977,26.672,25.01,37294
Carbon Steel,101.6,5.74,12.007,163.109,52.94,206007
Carbon Steel,101.6,3.05,2.96,21.737,22.27,29970
Stainless Steel 304,101.6,3.05,12.014,89.01,65.73,412893
Stainless Steel 304,50.8,1.65,6.048,12.275,35.81,61452
Stainless Steel 316,152.4,2.77,3.008,31.238,32.14,177470
Copper,50.8,3.91,6.032,31.237,39.49,382939
PVC,152.4,2.77,8.951,16.213,30.7,40983
Carbon Steel,304.8,4.78,5.963,213.283,46.0,263630
Stainless Steel 304,76.2,2.11,2.951,11.719,23.76,56947
Carbon Steel,50.8,1.65,11.986,23.603,46.72,36530
Carbon Steel,50.8,1.65,3.027,6.002,16.56,11138
Copper,25.4,1.65,2.963,3.218,17.22,41316
Copper,25.4,2.77,5.996,10.643,33.99,134348
Carbon Steel,25.4,2.77,11.993,18.614,51.06,30248
Stainless Steel 304,76.2,5.16,9.047,83.782,52.97,386340
Stainless Steel 316,101.6,3.05,12.013,91.967,76.52,520018
Stainless Steel 304,76.2,5.16,12.029,111.863,76.96,517050
Stainless Steel 304,50.8,1.65,9.044,18.759,47.95,93714
Stainless Steel 316,152.4,3.4,2.972,37.617,35.33,212848
Stainless Steel 316,50.8,1.65,11.956,24.119,66.75,144136
Stainless Steel 304,38.1,3.56,12.04,36.939,67.73,178019
PVC,101.6,3.05,8.993,12.096,27.94,31864
Copper,203.2,7.04,8.955,342.746,68.04,4125645
HDPE,76.2,3.05,9.024,6.043,30.44,15331
HDPE,50.8,1.65,9.039,2.165,25.93,8778
Carbon Steel,38.1,2.77,11.987,28.687,48.41,43374
Carbon Steel,25.4,1.65,6.034,5.78,24.89,11287
PVC,38.1,3.56,3.035,1.625,13.33,4985
Copper,25.4,1.65,3.025,3.404,17.93,43757
Stainless Steel 304,76.2,5.16,3.036,28.201,32.02,131789
Carbon Steel,25.4,3.38,11.99,21.952,51.16,35516
PVC,50.8,3.91,3.018,2.446,15.25,7919
Galvanized Steel,304.8,4.78,5.957,209.165,52.65,323275
PVC,101.6,3.05,8.961,12.019,29.97,31570
Copper,38.1,1.65,11.976,20.4,59.98,255090
PVC,101.6,5.74,5.956,14.473,28.25,35996
Stainless Steel 316,38.1,1.65,12.004,18.052,66.51,111780
Carbon Steel,152.4,6.35,5.97,135.694,45.57,171774
Galvanized Steel,76.2,3.05,2.961,16.303,22.71,29647
Copper,101.6,3.05,8.99,75.003,49.93,909047
Carbon Steel,38.1,3.56,2.969,8.976,19.44,14243
Stainless Steel 316,76.2,3.05,5.97,33.441,41.53,191824
Stainless Steel 316,101.6,3.05,9.024,67.589,58.72,382758
Stainless Steel 304,152.4,3.4,8.985,114.203,56.75,523562
HDPE,50.8,2.77,3.045,1.221,13.51,4786
Carbon Steel,38.1,3.56,6.029,18.152,31.98,28660
Galvanized Steel,38.1,3.56,11.977,35.695,62.43,64413
Carbon Steel,38.1,1.65,9.034,13.461,39.08,23284
Stainless Steel 304,101.6,2.11,2.995,15.663,26.65,75707
PVC,50.8,3.91,8.957,7.18,30.11,21328
HDPE,152.4,3.4,5.99,8.873,25.34,21152
Stainless Steel 304,25.4,1.65,5.986,5.947,32.66,33266
Carbon Steel,76.2,5.16,2.961,27.072,25.19,36859
Stainless Steel 316,50.8,1.65,9.021,18.544,56.37,110738
Stainless Steel 316,38.1,1.65,6.009,9.122,35.81,55680
HDPE,25.4,1.65,6.047,0.698,18.02,4867
Carbon Steel,76.2,5.16,9.036,82.445,43.27,106711
Carbon Steel,76.2,3.05,2.983,16.392,19.06,22956
Stainless Steel 304,50.8,1.65,12.005,24.296,64.5,120211
Galvanized Steel,25.4,2.77,2.997,4.59,19.7,10350
Galvanized Steel,76.2,2.11,3.028,11.574,21.95,21396
Stainless Steel 316,38.1,2.77,12.003,29.951,67.54,176981
Stainless Steel 304,25.4,2.77,9.011,14.158,47.35,72844
Stainless Steel 304,101.6,2.11,9.044,47.148,54.87,222463
Galvanized Steel,38.1,2.77,5.979,14.527,28.27,26117
Galvanized Steel,50.8,3.91,12.039,55.455,57.09,93343
Copper,76.2,5.16,9.013,92.258,54.14,1117065
Stainless Steel 316,254.0,3.4,2.952,63.293,41.98,355494
Stainless Steel 304,25.4,3.38,2.996,5.66,23.9,29634
Carbon Steel,254.0,3.4,8.984,187.287,49.87,234752
HDPE,25.4,1.65,2.955,0.346,9.65,2358
Stainless Steel 304,50.8,2.77,2.998,10.086,23.73,50373
Carbon Steel,38.1,1.65,12.0,17.857,46.33,30505
Galvanized Steel,152.4,6.35,3.007,68.035,35.55,109191
Carbon Steel,101.6,2.11,11.976,60.814,56.44,83316
Stainless Steel 316,254.0,3.4,3.024,65.243,41.48,365828
Stainless Steel 316,101.6,2.11,8.976,48.293,63.55,276348
Stainless Steel 316,25.4,3.38,9.008,17.016,53.34,103369
Carbon Steel,76.2,3.05,8.99,49.689,42.92,67582
PVC,203.2,2.77,12.018,29.898,40.12,73626
Stainless Steel 316,38.1,3.56,12.049,36.644,73.11,214691
Stainless Steel 304,25.4,2.77,3.033,4.808,23.51,25972
Carbon Steel,25.4,2.77,12.001,18.688,47.91,30763
Carbon Steel,38.1,3.56,5.992,18.336,28.74,26906
PVC,304.8,4.78,8.98,56.202,37.98,130559
Stainless Steel 316,101.6,5.74,2.979,40.743,40.09,230732
Stainless Steel 304,38.1,3.56,5.977,18.397,39.91,90011
Carbon Steel,50.8,3.91,5.973,26.967,32.19,38439
Carbon Steel,38.1,2.77,11.957,29.307,49.9,44349
Carbon Steel,25.4,3.38,5.988,11.039,28.4,18770
Galvanized Steel,25.4,1.65,9.029,8.568,34.83,19102
Stainless Steel 316,25.4,3.38,6.015,11.28,40.25,69262
Stainless Steel 316,25.4,2.77,3.012,4.721,23.66,29997
Stainless Steel 304,25.4,1.65,3.016,2.975,18.72,17189
Carbon Steel,25.4,1.65,6.045,5.801,24.67,11514
PVC,76.2,5.16,11.992,19.17,37.28,48918
Galvanized Steel,38.1,2.77,9.008,21.452,44.93,39949
Stainless Steel 304,76.2,5.16,12.017,112.235,71.97,518286
Copper,25.4,2.77,3.005,5.198,20.73,65482
Stainless Steel 304,25.4,3.38,5.96,11.15,38.85,57442
Carbon Steel,38.1,2.77,12.003,28.635,51.25,42361
Carbon Steel,76.2,3.05,2.978,16.347,21.89,23483
HDPE,76.2,5.16,12.008,13.012,38.74,30703
Stainless Steel 316,203.2,3.96,11.965,231.754,87.67,1290942
Galvanized Steel,50.8,1.65,12.008,23.954,54.35,46160
PVC,50.8,2.77,8.986,5.361,27.88,17219
PVC,50.8,3.91,11.956,9.812,37.11,28617
HDPE,50.8,1.65,2.99,0.717,12.05,3835
Galvanized Steel,38.1,3.56,2.967,8.998,20.3,17056
Carbon Steel,38.1,1.65,11.979,17.901,48.95,29856
Carbon Steel,50.8,2.77,9.022,29.549,41.69,43340
Carbon Steel,152.4,2.77,5.998,61.347,34.99,79243
Stainless Steel 316,50.8,2.77,6.025,20.348,39.24,118553
PVC,101.6,5.74,8.971,21.888,34.95,54465
Stainless Steel 316,25.4,2.77,8.993,14.387,55.22,89749
PVC,76.2,3.05,3.034,2.979,13.15,8879
PVC,101.6,3.05,9.038,12.009,29.16,30680
Carbon Steel,25.4,2.77,9.005,13.852,38.56,23455
Stainless Steel 316,38.1,3.56,11.983,37.193,67.41,216912
Carbon Steel,50.8,2.77,9.009,29.6,40.08,43177
Stainless Steel 304,25.4,1.65,5.975,5.99,33.48,32805
Carbon Steel,38.1,3.56,2.964,9.077,19.84,14922
Carbon Steel,38.1,1.65,12.012,17.761,51.61,29949
PVC,50.8,1.65,8.98,3.247,24.94,11046
Stainless Steel 304,50.8,2.77,5.968,20.036,37.75,96996
Stainless Steel 304,76.2,5.16,2.964,27.383,29.27,128477
Stainless Steel 304,38.1,1.65,6.029,9.144,34.02,47542
Galvanized Steel,152.4,6.35,9.017,208.544,51.48,322157
Carbon Steel,101.6,5.74,8.974,121.367,47.45,153169
Stainless Steel 316,38.1,2.77,8.98,22.115,53.96,131305
Stainless Steel 316,25.4,3.38,11.964,22.495,72.12,136787
Carbon Steel,101.6,3.05,11.988,88.594,51.01,115279
Stainless Steel 304,38.1,3.56,12.042,36.8,62.34,176618
Carbon Steel,152.4,6.35,8.996,205.409,48.79,255359
Copper,25.4,2.77,3.03,5.342,20.05,67898
Stainless Steel 304,38.1,2.77,8.979,22.157,48.48,109195
Stainless Steel 316,152.4,6.35,5.956,137.905,54.02,768309
Galvanized Steel,50.8,1.65,3.041,5.954,18.98,12355
HDPE,101.6,2.11,5.957,3.661,20.73,10222
PVC,25.4,1.65,9.006,1.577,24.42,6512
Stainless Steel 304,152.4,6.35,8.983,208.395,63.65,948947
HDPE,25.4,1.65,11.978,1.403,32.83,9324
Stainless Steel 304,76.2,2.11,5.99,23.737,36.24,113737
HDPE,38.1,3.56,6.044,2.242,22.57,8325
Carbon Steel,76.2,3.05,8.951,49.363,40.48,66127
Stainless Steel 316,152.4,6.35,9.005,209.483,71.16,1165646
Carbon Steel,50.8,2.77,12.021,38.853,51.73,56448
Carbon Steel,25.4,3.38,3.02,5.471,18.89,9768
Carbon Steel,38.1,1.65,8.962,13.304,37.23,22365
Stainless Steel 316,50.8,3.91,12.048,55.009,74.9,316770
Galvanized Steel,152.4,2.77,2.961,30.659,27.68,51393
Carbon Steel,76.2,5.16,3.023,27.342,23.04,37301
Copper,25.4,3.38,11.952,24.974,59.95,310926
HDPE,25.4,2.77,6.038,1.135,19.98,6221
Galvanized Steel,101.6,2.11,9.024,46.885,45.87,77415
Galvanized Steel,76.2,3.05,6.045,33.41,35.1,57401
Carbon Steel,25.4,2.77,5.961,9.11,28.86,15182
Stainless Steel 304,38.1,3.56,11.987,36.959,65.16,178908
Stainless Steel 316,50.8,1.65,11.987,24.524,65.68,146917
Carbon Steel,203.2,7.04,9.008,303.914,56.04,374523
Carbon Steel,25.4,1.65,2.992,2.883,14.84,6502
Carbon Steel,50.8,1.65,2.99,5.937,16.1,10163
Stainless Steel 316,254.0,8.56,9.032,481.632,87.93,2664784
Carbon Steel,50.8,3.91,5.973,27.027,29.3,37504
Stainless Steel 304,25.4,3.38,2.963,5.5,24.74,28745
HDPE,101.6,2.11,12.007,7.38,34.73,19410
Stainless Steel 304,101.6,2.11,6.004,31.562,39.65,149210
Carbon Steel,25.4,2.77,9.006,13.821,36.52,23482
PVC,25.4,2.77,5.991,1.639,19.23,7233
Copper,76.2,5.16,12.026,123.387,66.89,1492611
Copper,25.4,2.77,12.026,21.265,54.5,265074
Copper,25.4,2.77,3.006,5.378,21.83,68703
PVC,101.6,2.11,11.989,11.167,39.64,32165
HDPE,203.2,2.77,2.957,4.807,16.54,10941
Galvanized Steel,50.8,3.91,2.987,13.58,22.46,24293
Galvanized Steel,25.4,3.38,2.986,5.416,19.43,11711
Stainless Steel 304,50.8,3.91,9.004,41.753,51.21,197367
Stainless Steel 316,25.4,2.77,5.971,9.367,40.31,59296
Stainless Steel 304,152.4,2.77,5.965,62.41,42.33,288800
Stainless Steel 304,76.2,2.11,2.988,11.757,24.13,57115
Stainless Steel 304,50.8,1.65,8.994,18.335,46.37,91009
Carbon Steel,50.8,3.91,11.993,54.18,51.13,73961
Carbon Steel,38.1,3.56,8.969,27.062,41.04,39875
Stainless Steel 304,76.2,2.11,9.01,35.048,54.4,168458
Stainless Steel 304,152.4,6.35,2.956,69.171,37.2,318272
Stainless Steel 316,254.0,3.4,12.006,256.173,93.05,1425421
PVC,203.2,7.04,9.034,54.968,40.42,127308
Stainless Steel 316,76.2,2.11,2.973,11.785,24.47,69150
Carbon Steel,25.4,1.65,11.962,11.409,45.76,21829
Stainless Steel 304,25.4,1.65,3.023,2.943,20.64,17220
Stainless Steel 304,38.1,2.77,8.975,22.122,53.09,109338
Stainless Steel 304,76.2,5.16,11.954,109.877,74.57,507549
Carbon Steel,101.6,3.05,11.994,87.668,49.45,114195
Stainless Steel 304,50.8,2.77,5.976,20.053,39.4,97137
Carbon Steel,50.8,2.77,5.953,19.671,29.34,29265
PVC,25.4,1.65,9.035,1.545,28.14,8917
Stainless Steel 304,50.8,3.91,3.011,13.939,25.6,66764
Copper,25.4,3.38,3.005,6.25,21.57,78870
Copper,25.4,1.65,11.962,13.02,53.48,165828
Galvanized Steel,152.4,6.35,3.043,69.543,33.27,110685
HDPE,38.1,2.77,5.976,1.752,19.14,6441
Copper,38.1,1.65,2.989,5.055,19.07,64344
Stainless Steel 304,38.1,2.77,3.041,7.509,22.59,38226
Copper,50.8,2.77,9.033,34.016,46.19,416952
Carbon Steel,50.8,3.91,5.952,26.97,30.43,37287
PVC,76.2,2.11,6.003,4.109,20.93,12217
Stainless Steel 316,38.1,3.56,5.997,18.496,40.58,109929
HDPE,76.2,5.16,6.037,6.542,24.92,15910
Carbon Steel,50.8,1.65,8.994,17.825,39.69,29078
Copper,25.4,1.65,12.028,13.132,58.28,167816
Stainless Steel 316,76.2,3.05,6.043,33.887,41.05,194352
Carbon Steel,152.4,6.35,2.966,67.867,28.46,87172
Carbon Steel,152.4,6.35,12.049,278.43,59.24,344670
Galvanized Steel,304.8,4.78,3.036,105.024,36.16,164155
Copper,101.6,5.74,3.036,47.295,32.16,572957
Stainless Steel 316,101.6,5.74,6.03,82.354,51.68,462098
Stainless Steel 316,25.4,1.65,6.01,5.931,32.05,39012
Stainless Steel 304,38.1,2.77,8.99,22.282,54.38,110523
PVC,76.2,5.16,6.047,9.622,23.58,25638
Carbon Steel,38.1,2.77,5.98,14.322,27.29,22488
Copper,50.8,2.77,6.006,22.46,34.7,275061
Stainless Steel 304,25.4,3.38,2.988,5.529,24.91,30132
Copper,38.1,1.65,11.999,19.895,55.29,248843
Stainless Steel 304,25.4,2.77,8.998,14.292,48.61,72561
Stainless Steel 304,50.8,3.91,11.968,56.376,72.18,267310
HDPE,101.6,3.05,9.011,8.094,32.85,21573
Stainless Steel 316,76.2,3.05,5.984,33.431,47.63,192440
Galvanized Steel,25.4,1.65,5.978,5.806,31.18,15174
Stainless Steel 304,38.1,3.56,8.972,27.847,52.8,134079
Stainless Steel 316,38.1,1.65,3.024,4.593,23.48,29643
Carbon Steel,152.4,3.4,9.02,111.63,46.1,141927
Stainless Steel 304,38.1,2.77,11.95,29.036,54.41,140378
Stainless Steel 304,304.8,4.78,5.997,218.531,63.65,994837
Stainless Steel 304,50.8,3.91,11.957,54.983,71.5,261042
Carbon Steel,152.4,3.4,2.999,37.645,24.52,49918
Stainless Steel 304,38.1,3.56,9.041,27.616,51.93,132295
Carbon Steel,101.6,3.05,5.96,44.33,32.21,59380
Carbon Steel,38.1,2.77,2.992,7.204,16.98,11910
HDPE,50.8,1.65,3.044,0.73,10.76,3945
Stainless Steel 304,152.4,6.35,6.008,141.608,55.77,646850
Galvanized Steel,25.4,3.38,11.999,21.788,56.52,43170
Copper,25.4,1.65,11.978,13.208,58.97,169437
Copper,38.1,1.65,8.976,14.842,42.3,185564
PVC,38.1,3.56,8.972,4.81,26.83,15212
HDPE,101.6,5.74,3.026,5.043,19.28,12074
Carbon Steel,38.1,2.77,6.048,14.756,29.04,22101
Copper,38.1,3.56,5.962,20.936,34.21,257123
Stainless Steel 316,38.1,2.77,9.015,22.159,54.39,132441
Carbon Steel,50.8,2.77,8.953,28.901,34.73,40565
Carbon Steel,76.2,2.11,5.99,23.185,29.15,32999
PVC,25.4,3.38,8.978,2.976,27.26,10863
Carbon Steel,76.2,2.11,12.003,46.39,50.15,64555
HDPE,25.4,3.38,6.002,1.326,18.63,5337
Carbon Steel,38.1,3.56,8.983,27.148,40.47,40219
Stainless Steel 316,76.2,5.16,8.973,81.154,60.87,456817
Stainless Steel 304,25.4,2.77,12.017,19.064,66.51,97687
Carbon Steel,25.4,2.77,5.975,9.13,29.31,16699
Copper,101.6,5.74,8.987,138.167,53.38,1668511
PVC,50.8,3.91,6.002,4.848,21.68,14621
PVC,76.2,2.11,8.955,6.161,26.21,17895
Stainless Steel 304,203.2,7.04,11.96,419.989,91.25,1905981
Stainless Steel 316,50.8,1.65,12.023,24.511,66.82,147174
Stainless Steel 304,152.4,6.35,12.026,277.537,85.53,1264206
Carbon Steel,38.1,3.56,2.971,9.028,19.3,14241
Stainless Steel 316,152.4,6.35,9.025,208.726,72.04,1160586
Stainless Steel 316,38.1,3.56,9.008,28.051,59.39,165033
Carbon Steel,50.8,2.77,9.04,30.135,38.52,43382
Stainless Steel 316,38.1,3.56,5.97,18.288,39.83,107696
Carbon Steel,38.1,2.77,2.96,7.175,17.95,11470
Carbon Steel,38.1,3.56,8.992,27.267,42.24,41051
Carbon Steel,25.4,3.38,5.999,10.946,31.12,17901
Stainless Steel 316,304.8,3.4,3.041,78.968,44.05,441833
Copper,25.4,2.77,6.019,10.549,31.37,132379
Stainless Steel 304,25.4,2.77,5.982,9.658,39.3,49765
HDPE,25.4,2.77,2.995,0.569,10.83,3192
Carbon Steel,203.2,3.96,12.013,234.87,63.75,293896
Carbon Steel,38.1,1.65,2.97,4.407,15.32,9087
Carbon Steel,152.4,3.4,6.039,75.1,39.05,96154
Copper,38.1,3.56,2.995,10.385,21.51,128827
Stainless Steel 316,25.4,1.65,8.983,8.811,47.89,56309
Stainless Steel 316,50.8,1.65,11.965,24.593,63.67,146253
Stainless Steel 316,101.6,2.11,3.04,16.209,29.17,93891
HDPE,38.1,1.65,5.975,1.061,18.61,5841
Carbon Steel,50.8,1.65,5.982,11.9,26.53,18473
Stainless Steel 316,38.1,3.56,12.023,37.702,69.07,219965
Stainless Steel 304,25.4,2.77,12.007,19.127,67.69,97770
Stainless Steel 316,50.8,3.91,6.014,27.359,46.09,158717
Stainless Steel 316,152.4,3.4,3.027,38.497,36.6,218083
HDPE,76.2,5.16,9.02,9.767,34.51,24125
Stainless Steel 304,203.2,2.77,5.985,83.767,46.53,385143
Stainless Steel 316,152.4,6.35,3.05,71.291,43.52,399600
PVC,101.6,5.74,11.98,28.37,38.56,70283
Carbon Steel,50.8,3.91,5.96,27.159,32.66,37859
Copper,101.6,5.74,9.031,143.37,56.01,1731578
HDPE,203.2,2.77,5.955,9.839,26.8,22297
Stainless Steel 304,101.6,5.74,3.048,41.876,36.94,195260
Stainless Steel 316,76.2,2.11,3.02,11.955,23.71,69185
Copper,152.4,2.77,8.96,106.506,51.73,1287410
Stainless Steel 304,152.4,3.4,3.003,37.733,32.32,175682
Carbon Steel,101.6,3.05,6.033,44.763,33.78,59331
Carbon Steel,152.4,2.77,8.996,92.634,44.47,118999
HDPE,152.4,2.77,3.019,3.852,17.04,9571
Carbon Steel,203.2,7.04,2.964,101.778,37.39,129101
Stainless Steel 316,38.1,1.65,9.02,13.548,48.08,83262
PVC,101.6,2.11,8.993,8.176,28.28,22572
Stainless Steel 304,50.8,3.91,12.014,55.546,70.63,262799
Stainless Steel 316,101.6,5.74,9.019,126.328,67.91,707188
Carbon Steel,38.1,2.77,3.013,7.288,18.02,11881
Stainless Steel 304,38.1,3.56,5.964,18.603,37.34,89906
Galvanized Steel,76.2,2.11,11.987,45.018,53.68,77029
Copper,304.8,4.78,12.022,483.915,84.85,5822123
PVC,101.6,5.74,5.959,14.498,24.15,36049
Carbon Steel,152.4,2.77,12.002,122.623,57.54,157100
HDPE,50.8,2.77,3.021,1.201,14.1,4930
Stainless Steel 304,25.4,1.65,9.009,8.954,45.06,48175
HDPE,152.4,6.35,3.015,8.226,20.56,18622
Stainless Steel 316,50.8,1.65,12.027,24.336,64.79,145455
HDPE,50.8,1.65,8.954,2.194,26.61,9624
HDPE,76.2,5.16,3.011,3.228,18.47,9516
Stainless Steel 316,254.0,4.78,9.045,276.206,77.16,1532901
PVC,101.6,5.74,6.005,14.415,28.05,36318
Stainless Steel 304,76.2,2.11,11.982,46.555,64.19,220818
Stainless Steel 304,152.4,6.35,9.046,213.01,69.19,970986
Stainless Steel 316,38.1,1.65,9.049,13.64,52.98,83362
Copper,254.0,8.56,11.971,708.796,82.61,8520403
Copper,101.6,3.05,9.012,77.128,48.24,934294
PVC,101.6,3.05,11.951,15.876,36.95,41492
PVC,203.2,7.04,8.953,54.191,39.62,126268
HDPE,38.1,3.56,9.041,3.298,27.15,11377
Stainless Steel 304,50.8,1.65,6.001,12.107,39.12,62053
Stainless Steel 304,25.4,2.77,9.027,14.361,52.76,75012
Carbon Steel,76.2,3.05,3.042,16.522,21.48,24294
Stainless Steel 304,50.8,2.77,9.007,30.089,48.11,144587
Carbon Steel,101.6,5.74,11.976,162.445,50.89,205131
Carbon Steel,101.6,3.05,8.997,66.981,42.27,88620
Carbon Steel,304.8,9.53,3.027,207.436,44.11,256889
HDPE,38.1,2.77,9.049,2.661,25.81,9470
Carbon Steel,50.8,2.77,5.996,19.951,28.47,29241
Carbon Steel,101.6,2.11,12.032,61.523,49.42,84140
HDPE,203.2,2.77,2.99,4.937,18.12,12599
HDPE,101.6,3.05,6.001,5.342,21.62,14276
HDPE,76.2,2.11,8.975,4.242,26.84,12967
Stainless Steel 304,38.1,3.56,2.983,9.217,25.47,45869
Stainless Steel 304,25.4,3.38,9.007,16.872,46.31,84544
Stainless Steel 304,38.1,1.65,11.952,17.994,58.83,90857
Copper,254.0,3.4,2.999,71.137,39.23,860809
Carbon Steel,38.1,1.65,2.953,4.376,15.55,7834
Stainless Steel 304,50.8,1.65,3.049,6.21,19.57,30878
Stainless Steel 316,25.4,2.77,11.955,19.112,69.1,117436
Carbon Steel,76.2,5.16,12.006,107.512,55.62,139236
Carbon Steel,76.2,3.05,9.033,49.961,40.43,66689
Stainless Steel 304,25.4,3.38,8.97,16.872,51.31,85016
Stainless Steel 316,203.2,2.77,3.004,41.189,36.31,233012
Carbon Steel,76.2,2.11,6.003,23.002,30.7,32339
Carbon Steel,38.1,1.65,2.977,4.379,15.99,8176
Stainless Steel 316,25.4,1.65,3.007,2.933,20.65,19425
HDPE,50.8,2.77,5.96,2.322,19.45,7976
Carbon Steel,152.4,6.35,3.04,69.68,28.46,89575
Stainless Steel 304,152.4,6.35,8.966,209.463,66.37,954523
Carbon Steel,76.2,3.05,6.007,33.584,31.4,45921
PVC,254.0,3.4,12.016,45.306,43.42,107530
Galvanized Steel,254.0,3.4,2.988,62.195,31.34,100248
Stainless Steel 304,50.8,3.91,12.017,56.303,69.93,265727
Carbon Steel,25.4,3.38,6.023,11.066,28.01,18742
PVC,254.0,4.78,5.963,31.075,31.4,73906
Carbon Steel,101.6,2.11,12.032,62.627,52.68,84589
Stainless Steel 304,152.4,2.77,3.043,31.23,33.99,146369
Carbon Steel,50.8,2.77,5.992,19.529,29.83,28227
Stainless Steel 304,38.1,1.65,6.018,9.035,33.6,47049
Carbon Steel,76.2,5.16,3.023,27.121,25.48,37695
Stainless Steel 316,76.2,2.11,12.034,47.235,72.26,271964
Carbon Steel,76.2,3.05,8.954,48.849,44.85,66585
Carbon Steel,50.8,1.65,12.024,23.807,49.19,38101
Carbon Steel,203.2,3.96,11.953,231.415,61.51,288255
Stainless Steel 304,152.4,6.35,11.978,286.018,78.26,1300724
Stainless Steel 316,25.4,1.65,11.958,11.785,62.54,75540
Carbon Steel,25.4,3.38,9.022,16.522,39.19,27558
Stainless Steel 316,25.4,2.77,12.044,19.057,67.82,117567
Carbon Steel,76.2,2.11,3.001,11.492,18.92,17317
Copper,50.8,2.77,11.977,44.822,62.18,548963
Carbon Steel,50.8,2.77,5.984,19.43,29.86,28924
Stainless Steel 304,101.6,5.74,8.97,123.615,59.72,566977
Stainless Steel 304,38.1,2.77,2.993,7.317,22.36,37848
Copper,38.1,3.56,9.031,30.901,50.64,378755
Copper,76.2,2.11,3.0,13.316,22.68,164299
HDPE,38.1,3.56,9.026,3.284,30.25,11504
HDPE,38.1,1.65,8.983,1.626,27.92,6766
Stainless Steel 316,50.8,3.91,11.967,55.529,71.93,319375
Stainless Steel 304,50.8,1.65,6.005,12.42,33.01,61669
HDPE,25.4,2.77,9.024,1.66,27.3,8043
PVC,76.2,5.16,5.997,9.679,26.89,26186
Carbon Steel,76.2,5.16,12.033,108.857,55.94,141214
Stainless Steel 304,38.1,1.65,3.045,4.542,21.89,24598
Stainless Steel 304,50.8,1.65,2.991,6.072,21.23,31356
PVC,76.2,5.16,5.995,9.567,24.5,24345
Copper,101.6,2.11,9.039,54.307,48.65,660645
Carbon Steel,50.8,1.65,5.965,11.827,26.46,18803
Carbon Steel,76.2,2.11,3.012,11.574,18.65,17266
Carbon Steel,38.1,1.65,3.038,4.54,16.67,8552
Stainless Steel 304,25.4,2.77,5.999,9.573,36.86,49499
Carbon Steel,203.2,3.96,3.036,58.231,28.24,74609
Carbon Steel,50.8,3.91,11.994,53.574,50.67,73635
Carbon Steel,101.6,5.74,3.048,41.419,26.72,54643
Carbon Steel,38.1,2.77,6.032,14.465,30.93,23418
Copper,25.4,2.77,3.035,5.398,23.03,68943
Carbon Steel,76.2,2.11,2.983,11.647,16.11,16675
Carbon Steel,25.4,1.65,8.97,8.409,38.46,17212
Carbon Steel,25.4,3.38,9.03,16.724,38.11,27842
Carbon Steel,38.1,3.56,11.978,37.019,52.1,53511
PVC,25.4,1.65,6.006,1.045,17.44,5583
Stainless Steel 316,38.1,3.56,5.959,18.454,38.89,108258
Carbon Steel,76.2,5.16,2.968,26.556,24.67,36224
Copper,38.1,2.77,11.971,33.092,56.53,406974
Carbon Steel,152.4,3.4,3.049,38.485,24.5,50953
Stainless Steel 304,25.4,2.77,8.988,14.189,45.82,73097
Carbon Steel,304.8,4.78,5.997,213.186,44.6,264254
Carbon Steel,25.4,2.77,2.97,4.562,17.81,9319
Copper,101.6,5.74,6.03,94.69,47.83,1145024
Stainless Steel 304,76.2,2.11,5.957,23.688,39.08,113961
Stainless Steel 304,50.8,2.77,9.042,30.456,49.85,145501
Stainless Steel 304,25.4,1.65,6.012,5.943,31.02,31522
Stainless Steel 316,25.4,2.77,2.99,4.732,24.16,31009
Stainless Steel 304,152.4,3.4,8.974,112.739,58.35,517919
Galvanized Steel,38.1,3.56,2.982,8.801,22.09,16232
Stainless Steel 304,50.8,3.91,9.004,41.176,51.8,194108
PVC,25.4,2.77,11.991,3.374,33.83,12893
Copper,304.8,9.53,5.967,469.978,66.19,5651870
Carbon Steel,203.2,2.77,9.02,125.055,47.49,158211
PVC,50.8,3.91,11.95,9.631,37.97,28283
Stainless Steel 304,76.2,5.16,9.012,83.02,58.45,384442
Stainless Steel 304,101.6,2.11,12.043,63.683,61.42,297170
Copper,25.4,1.65,8.958,9.867,45.51,126828
PVC,50.8,3.91,12.016,9.576,37.59,28215
Stainless Steel 304,152.4,2.77,3.033,31.335,32.3,146518
Copper,50.8,2.77,6.03,23.025,35.57,282181
HDPE,25.4,3.38,11.975,2.67,33.37,11308
Stainless Steel 304,38.1,3.56,9.006,27.734,54.56,135160
Carbon Steel,50.8,1.65,5.986,12.069,28.37,19027
Carbon Steel,101.6,3.05,9.011,67.331,39.52,87941
PVC,50.8,1.65,12.03,4.304,33.65,14912
Stainless Steel 316,50.8,1.65,5.997,12.15,34.13,73427
Carbon Steel,304.8,4.78,2.969,102.952,37.14,130193
Carbon Steel,76.2,2.11,11.987,46.609,48.64,65076
Stainless Steel 316,101.6,5.74,2.955,40.975,38.69,232991
Carbon Steel,50.8,2.77,9.024,29.787,39.79,43108
Carbon Steel,76.2,2.11,6.022,22.937,29.61,33009
Carbon Steel,38.1,3.56,9.0,27.355,37.8,38776
HDPE,50.8,3.91,2.956,1.594,13.75,6055
Copper,76.2,2.11,12.027,52.707,53.13,641753
HDPE,152.4,2.77,11.997,14.709,37.37,32090
Stainless Steel 316,25.4,3.38,3.035,5.615,26.25,35932
Stainless Steel 316,50.8,3.91,9.016,41.927,60.01,241267
Carbon Steel,76.2,3.05,12.01,64.968,50.1,87388
Stainless Steel 316,38.1,2.77,12.031,29.939,62.62,175891
Carbon Steel,25.4,1.65,12.03,11.451,47.02,21902
Carbon Steel,38.1,3.56,3.045,9.292,20.56,15304
Carbon Steel,152.4,6.35,9.016,204.882,51.81,254346
Copper,50.8,2.77,3.036,11.369,22.45,140651
Stainless Steel 304,25.4,2.77,9.011,14.172,48.3,71955
Carbon Steel,76.2,5.16,5.996,54.093,34.78,71248
Carbon Steel,25.4,2.77,12.021,18.647,46.66,30932
PVC,76.2,3.05,3.05,2.992,14.43,9371
Stainless Steel 304,50.8,2.77,9.003,30.202,51.02,145708
Stainless Steel 304,101.6,3.05,3.012,22.746,24.99,106841
Copper,25.4,3.38,2.969,6.194,22.77,77894
Stainless Steel 304,152.4,2.77,11.979,125.314,73.36,577354
Carbon Steel,25.4,3.38,2.974,5.419,19.15,9490
Stainless Steel 304,304.8,3.4,2.988,77.61,40.88,356438
Stainless Steel 304,38.1,3.56,5.964,18.304,43.2,90065
Stainless Steel 304,76.2,2.11,2.987,11.811,24.84,57414
Carbon Steel,38.1,3.56,8.966,27.182,41.06,39443
Carbon Steel,76.2,3.05,3.028,16.715,21.38,23267
Carbon Steel,76.2,3.05,9.005,49.547,40.78,66573
Copper,50.8,2.77,8.961,33.628,49.02,412328
Carbon Steel,25.4,2.77,11.95,18.346,51.77,31023
Carbon Steel,101.6,2.11,6.042,31.751,30.4,43247
PVC,50.8,2.77,6.028,3.52,21.12,10409
Carbon Steel,101.6,5.74,5.993,81.407,40.52,104622
Copper,76.2,3.05,9.028,56.392,50.24,686389
Stainless Steel 304,50.8,2.77,3.034,10.128,22.82,50116
Carbon Steel,25.4,2.77,2.979,4.572,17.31,8482
Stainless Steel 316,76.2,2.11,11.975,46.921,67.2,270037
Carbon Steel,152.4,6.35,2.96,67.938,28.36,86640
Carbon Steel,76.2,5.16,2.989,27.209,23.44,37463
HDPE,38.1,3.56,3.038,1.095,14.03,4587
Carbon Steel,76.2,3.05,9.02,49.835,43.0,66915
Stainless Steel 316,152.4,3.4,6.02,77.228,45.4,432502
PVC,152.4,2.77,6.021,11.115,24.87,28821
Carbon Steel,38.1,1.65,6.015,8.965,26.9,16334
Carbon Steel,25.4,2.77,11.995,18.634,49.42,31099
Stainless Steel 316,203.2,2.77,9.044,126.424,69.38,707724
Stainless Steel 304,25.4,3.38,9.022,16.956,50.1,85531
Stainless Steel 304,25.4,2.77,5.966,9.381,36.51,49173
Stainless Steel 304,25.4,3.38,2.958,5.508,23.95,29211
Carbon Steel,76.2,3.05,12.03,65.34,48.98,87271
Copper,101.6,5.74,11.979,183.818,65.58,2216287
Carbon Steel,25.4,1.65,9.006,8.686,35.4,18075
PVC,101.6,3.05,5.962,7.701,23.09,21799
Stainless Steel 304,25.4,1.65,3.013,2.924,18.85,16149
Galvanized Steel,50.8,1.65,11.984,23.396,54.84,44940
Carbon Steel,76.2,3.05,11.954,65.486,49.99,86759
Stainless Steel 316,38.1,1.65,12.048,18.205,66.1,111445
Carbon Steel,38.1,2.77,2.988,7.21,19.47,12439
PVC,76.2,2.11,2.961,2.017,12.44,6462
Carbon Steel,203.2,3.96,5.971,115.362,39.42,145746
Stainless Steel 304,25.4,1.65,2.994,2.926,20.42,17273
Carbon Steel,76.2,3.05,11.953,64.696,53.69,87212
Carbon Steel,38.1,2.77,6.012,14.451,29.87,22935
Stainless Steel 304,38.1,1.65,6.002,9.216,32.72,47381
Stainless Steel 316,152.4,3.4,5.951,77.039,50.73,433046
Carbon Steel,25.4,3.38,5.953,10.953,27.83,18131
Stainless Steel 316,38.1,1.65,8.984,13.61,47.63,84393
Carbon Steel,50.8,1.65,9.001,17.983,39.28,29077
Carbon Steel,152.4,3.4,5.971,74.423,37.17,96153
Stainless Steel 304,101.6,3.05,5.989,45.972,44.62,214222
Stainless Steel 304,152.4,3.4,5.994,75.953,50.71,351387
Copper,38.1,2.77,8.977,24.85,46.81,306349
Carbon Steel,101.6,3.05,12.006,88.317,51.02,114762
Galvanized Steel,101.6,2.11,3.007,15.522,22.77,27347
Stainless Steel 316,76.2,5.16,6.038,55.706,49.36,315471
Stainless Steel 304,50.8,3.91,12.007,55.425,64.76,261312
Stainless Steel 304,152.4,3.4,9.022,113.739,61.4,523770
Carbon Steel,76.2,2.11,12.038,46.325,51.43,64343
HDPE,76.2,3.05,8.988,5.939,33.71,17150
Copper,50.8,1.65,5.994,13.705,32.33,170223
Stainless Steel 304,25.4,2.77,6.029,9.403,38.75,50279
Carbon Steel,76.2,5.16,8.98,82.596,45.44,107246
Carbon Steel,50.8,3.91,11.966,53.42,53.91,74470
Stainless Steel 316,38.1,1.65,6.044,9.103,34.26,57329
Stainless Steel 316,25.4,2.77,9.041,13.996,52.76,86686
Stainless Steel 304,203.2,7.04,3.015,103.78,43.9,474950
Copper,76.2,3.05,9.027,56.028,50.13,681858
Copper,38.1,2.77,12.05,32.596,62.55,401850
Stainless Steel 304,254.0,3.4,6.0,126.138,50.66,576292
PVC,304.8,9.53,3.036,37.707,29.25,87661
Stainless Steel 316,25.4,1.65,5.964,5.854,36.17,39195
Stainless Steel 316,25.4,2.77,11.995,18.709,68.34,116071
Stainless Steel 316,38.1,1.65,3.004,4.447,20.77,28802
Carbon Steel,38.1,2.77,2.96,7.222,17.38,12650
HDPE,203.2,2.77,11.969,20.181,41.88,43302
PVC,203.2,2.77,9.029,21.707,32.31,53295
Stainless Steel 316,25.4,1.65,5.979,5.923,36.69,38520
Stainless Steel 316,304.8,4.78,8.954,322.243,80.67,1786600
HDPE,38.1,1.65,11.974,2.149,34.46,9587
Stainless Steel 316,50.8,3.91,3.013,14.132,26.88,82924
Carbon Steel,38.1,1.65,3.013,4.436,15.27,6672
PVC,38.1,3.56,12.038,6.516,36.25,20942
Carbon Steel,25.4,2.77,6.02,9.378,28.03,16408
Stainless Steel 304,152.4,2.77,11.988,123.804,74.62,570971
Stainless Steel 304,50.8,2.77,2.952,9.769,24.14,48373
Carbon Steel,254.0,4.78,12.042,352.988,59.41,433966
Carbon Steel,101.6,2.11,6.036,31.224,30.39,43742
Carbon Steel,50.8,1.65,2.983,5.898,16.73,10014
Carbon Steel,50.8,3.91,3.026,13.662,21.19,19705
Stainless Steel 304,25.4,2.77,11.971,18.824,63.63,96032
Stainless Steel 304,25.4,3.38,5.981,11.061,38.42,56430
Stainless Steel 304,254.0,8.56,5.989,308.084,61.83,1396987
HDPE,50.8,1.65,5.977,1.431,19.0,5585
Stainless Steel 316,38.1,2.77,3.015,7.341,27.07,44965
Copper,50.8,2.77,6.002,22.221,36.48,272617
Stainless Steel 316,38.1,3.56,6.031,19.033,40.34,111415
PVC,76.2,5.16,12.018,19.078,36.26,48163
PVC,25.4,1.65,9.033,1.549,26.74,8074
Carbon Steel,25.4,1.65,8.966,8.684,37.12,16799
Carbon Steel,101.6,2.11,12.02,61.999,48.08,83017
PVC,38.1,3.56,11.958,6.427,36.51,21176
Stainless Steel 316,254.0,8.56,11.971,633.294,96.99,3500520
Stainless Steel 316,254.0,8.56,2.962,156.813,58.09,872756
Stainless Steel 304,101.6,2.11,5.956,31.455,40.95,148983
Carbon Steel,76.2,3.05,11.971,66.368,45.41,86933
Stainless Steel 316,38.1,2.77,11.974,29.147,68.59,172623
Carbon Steel,50.8,3.91,3.002,13.551,21.58,20186
Copper,152.4,2.77,2.982,34.684,26.69,421606
Stainless Steel 304,76.2,5.16,11.953,111.702,78.48,516635
Stainless Steel 316,76.2,3.05,12.049,67.553,70.44,383687
Galvanized Steel,203.2,7.04,6.014,202.774,53.16,313801
Stainless Steel 316,25.4,3.38,12.025,22.702,70.24,137530
Stainless Steel 316,304.8,4.78,2.982,108.44,48.19,605238
Galvanized Steel,101.6,2.11,8.955,46.95,44.81,79491
HDPE,38.1,3.56,5.966,2.201,19.54,6725
HDPE,76.2,2.11,12.015,5.688,37.36,16718
PVC,76.2,5.16,8.972,14.666,35.33,39175
Galvanized Steel,38.1,3.56,11.985,35.546,56.49,63534
Stainless Steel 304,25.4,1.65,11.955,11.706,60.65,63887
HDPE,50.8,3.91,12.01,6.597,34.96,17958
Stainless Steel 304,38.1,2.77,8.952,22.18,50.15,109115
HDPE,25.4,3.38,6.032,1.322,21.36,6213
Stainless Steel 304,254.0,3.4,2.983,64.655,40.11,298095
Copper,50.8,2.77,2.951,10.985,22.57,136058
Carbon Steel,25.4,3.38,6.04,11.186,27.85,19089
Stainless Steel 316,38.1,2.77,3.025,7.346,27.63,44604
Carbon Steel,50.8,1.65,12.013,24.303,45.72,36985
Carbon Steel,76.2,5.16,5.999,53.706,37.14,70839
HDPE,76.2,2.11,11.998,5.626,33.98,16360
HDPE,25.4,1.65,9.008,1.051,25.47,6260
PVC,38.1,2.77,11.982,5.283,34.43,18209
Carbon Steel,50.8,3.91,5.986,27.233,29.26,37892
HDPE,50.8,1.65,12.02,2.95,33.04,11586
Stainless Steel 304,38.1,1.65,3.005,4.549,21.72,24838
HDPE,203.2,7.04,3.002,12.377,23.65,26794
HDPE,76.2,5.16,8.997,9.947,34.23,24515
Stainless Steel 316,50.8,2.77,12.016,40.113,63.24,231592
PVC,38.1,1.65,6.018,1.562,19.41,7260
Galvanized Steel,50.8,3.91,9.02,40.333,43.58,68727
Carbon Steel,50.8,1.65,12.001,23.624,46.62,36851
Stainless Steel 304,25.4,2.77,2.978,4.672,22.17,25049
Stainless Steel 316,25.4,2.77,12.004,18.54,66.73,114481
Carbon Steel,76.2,3.05,9.002,49.784,42.79,68536
Stainless Steel 304,50.8,3.91,5.991,27.68,41.0,131847
PVC,254.0,3.4,12.009,45.992,45.66,109435
HDPE,101.6,2.11,9.009,5.62,28.28,15245
HDPE,203.2,2.77,6.024,10.125,27.13,23392
Stainless Steel 304,38.1,3.56,2.952,9.22,25.36,46089
PVC,304.8,3.4,8.953,40.133,38.91,94365
Carbon Steel,50.8,3.91,3.001,13.496,20.08,19859
Carbon Steel,76.2,5.16,9.006,81.13,43.17,105360
Galvanized Steel,101.6,2.11,9.026,46.514,42.86,76991
PVC,152.4,6.35,11.984,49.099,44.4,115257
Stainless Steel 316,76.2,3.05,3.012,17.095,28.22,99253
Stainless Steel 304,76.2,2.11,6.048,23.711,34.72,113089
Carbon Steel,203.2,7.04,11.954,412.267,56.36,504514
Stainless Steel 304,254.0,4.78,9.016,271.306,67.41,1232742
Copper,25.4,3.38,8.956,19.069,48.46,238169
Stainless Steel 304,25.4,3.38,8.967,16.504,50.48,83638
Stainless Steel 316,101.6,3.05,6.045,45.5,46.12,258297
Stainless Steel 316,152.4,3.4,3.046,39.27,36.1,222668
Stainless Steel 316,38.1,2.77,11.998,29.703,66.79,175489
Stainless Steel 304,76.2,5.16,8.995,82.276,56.21,379860
Stainless Steel 316,76.2,5.16,2.956,27.431,34.29,156549
Stainless Steel 316,25.4,1.65,2.999,2.915,19.92,19463
Carbon Steel,38.1,2.77,2.951,7.148,16.84,11120
Copper,254.0,8.56,2.997,175.672,48.63,2116065
Stainless Steel 316,76.2,3.05,9.006,49.99,64.83,287103
Stainless Steel 304,25.4,3.38,5.988,11.219,38.31,56925
Carbon Steel,254.0,4.78,12.025,354.194,63.4,436929
PVC,101.6,3.05,5.961,7.981,22.92,21094
Stainless Steel 316,152.4,3.4,3.033,38.774,35.51,218860
PVC,152.4,2.77,5.988,10.978,23.06,28630
Carbon Steel,25.4,2.77,2.978,4.558,16.36,8633
Copper,76.2,2.11,6.007,26.3,34.97,321189
Carbon Steel,203.2,2.77,9.008,125.825,48.13,159836
PVC,38.1,1.65,9.024,2.385,26.83,9689
Copper,76.2,2.11,12.029,53.081,60.76,647071
Galvanized Steel,25.4,3.38,11.979,22.155,55.36,44286
Stainless Steel 304,76.2,2.11,3.035,11.879,22.52,58152
Carbon Steel,101.6,5.74,12.041,164.646,60.28,208785
Stainless Steel 304,203.2,2.77,8.99,127.136,60.59,582782
Stainless Steel 316,38.1,1.65,2.967,4.481,23.38,28294
Carbon Steel,304.8,3.4,12.006,306.306,66.07,379942
Galvanized Steel,76.2,3.05,12.035,66.499,60.67,111106
Carbon Steel,38.1,2.77,6.001,14.495,28.44,23164
Stainless Steel 304,152.4,6.35,12.02,281.584,82.84,1281136
Stainless Steel 316,76.2,3.05,6.04,33.872,43.54,193875
Carbon Steel,25.4,2.77,5.95,9.048,26.86,16522
Stainless Steel 304,101.6,3.05,5.97,44.614,43.15,208047
Carbon Steel,38.1,1.65,2.985,4.4,14.74,7862
Stainless Steel 304,25.4,2.77,11.96,18.903,67.71,96957
Stainless Steel 304,25.4,3.38,3.001,5.704,26.12,30258
HDPE,101.6,5.74,3.012,4.958,18.49,11768
HDPE,76.2,5.16,11.974,13.059,40.09,30525
Carbon Steel,76.2,3.05,9.045,50.18,42.01,68397
HDPE,101.6,2.11,8.952,5.586,29.05,16133
Stainless Steel 316,38.1,2.77,2.971,7.417,24.21,45578
Stainless Steel 304,152.4,6.35,8.995,207.45,66.4,945134
Stainless Steel 316,101.6,2.11,8.972,46.692,61.32,268472
Stainless Steel 304,76.2,3.05,9.03,50.6,52.42,237227
Stainless Steel 304,304.8,9.53,12.002,837.707,95.66,3787121
PVC,25.4,2.77,2.988,0.803,11.33,3000
HDPE,38.1,2.77,6.012,1.769,19.0,5558
HDPE,38.1,1.65,12.011,2.196,33.35,10056
Stainless Steel 316,101.6,3.05,3.005,22.805,29.59,131632
HDPE,50.8,1.65,6.004,1.476,17.76,5986
PVC,25.4,1.65,9.012,1.558,24.76,7770
Stainless Steel 304,50.8,3.91,12.022,56.554,65.75,265903
PVC,25.4,3.38,5.952,1.964,21.69,7722
PVC,76.2,2.11,11.994,8.303,34.52,25885
Stainless Steel 316,25.4,2.77,2.995,4.63,21.32,29352
Stainless Steel 316,101.6,2.11,6.024,31.82,38.28,181824
Carbon Steel,25.4,1.65,5.966,5.725,23.75,11362
Stainless Steel 304,25.4,1.65,5.984,5.955,32.46,32309
Carbon Steel,76.2,3.05,9.026,49.984,40.23,67525
Stainless Steel 304,76.2,3.05,3.0,16.679,26.47,79227
Carbon Steel,50.8,2.77,12.02,39.736,51.96,56430
Stainless Steel 304,25.4,2.77,11.974,19.053,60.16,96343
Carbon Steel,25.4,2.77,9.003,14.028,33.84,23264
Carbon Steel,38.1,3.56,11.987,36.425,51.94,52961
Galvanized Steel,76.2,3.05,8.958,47.738,44.27,78984
Copper,50.8,2.77,11.965,45.73,58.87,559233
Carbon Steel,50.8,2.77,8.992,29.231,39.74,42380
Copper,50.8,1.65,5.989,13.401,31.5,166212
Stainless Steel 316,25.4,3.38,11.988,22.406,70.75,135814
Copper,50.8,3.91,11.97,61.372,65.23,747363
Stainless Steel 304,101.6,5.74,3.037,41.123,35.37,192077
Carbon Steel,50.8,2.77,11.964,39.135,52.94,56260
Stainless Steel 316,76.2,5.16,6.032,55.301,50.52,314025
Stainless Steel 316,50.8,1.65,5.964,12.371,36.05,74445
Stainless Steel 316,76.2,3.05,6.024,34.03,43.55,196352
Stainless Steel 316,50.8,2.77,8.969,29.705,60.0,174389
Copper,152.4,3.4,3.014,42.676,26.44,517021
HDPE,76.2,5.16,11.996,12.83,41.08,30823
Stainless Steel 304,152.4,2.77,2.991,31.083,29.37,145328
Carbon Steel,38.1,2.77,12.019,29.062,49.79,44023
Stainless Steel 316,76.2,5.16,11.965,110.881,82.35,624737
Carbon Steel,25.4,2.77,5.96,9.162,25.59,15798
HDPE,152.4,6.35,6.012,16.629,29.06,34978
HDPE,50.8,1.65,9.034,2.199,26.12,8523
HDPE,101.6,3.05,8.967,7.982,30.47,19507
PVC,50.8,3.91,12.008,9.758,34.11,28311
PVC,50.8,2.77,3.011,1.753,13.45,6538
HDPE,38.1,2.77,6.043,1.741,19.37,6212
PVC,254.0,8.56,11.994,110.666,47.08,251130
Stainless Steel 316,25.4,3.38,11.959,22.599,71.06,136403
Carbon Steel,38.1,1.65,5.964,8.791,27.22,15091
Carbon Steel,76.2,2.11,5.957,23.07,28.15,32696
Carbon Steel,203.2,3.96,9.036,176.286,49.12,220906
Carbon Steel,101.6,2.11,6.021,31.204,29.42,42914
Stainless Steel 316,76.2,3.05,8.959,49.518,60.16,283954
PVC,25.4,2.77,9.047,2.495,27.17,10293
PVC,101.6,3.05,11.979,15.796,38.54,41762
Carbon Steel,101.6,2.11,12.037,61.915,50.62,83525
Stainless Steel 304,101.6,5.74,9.047,125.645,60.64,576373
Carbon Steel,38.1,3.56,2.983,9.146,20.04,13879
Copper,38.1,2.77,6.034,16.654,34.46,205939
Stainless Steel 316,76.2,2.11,3.01,11.801,25.88,68898
PVC,50.8,2.77,11.995,6.932,33.2,21056
PVC,152.4,2.77,2.955,5.383,16.19,14299
PVC,38.1,1.65,5.992,1.58,17.62,7017
Carbon Steel,25.4,2.77,3.031,4.755,18.37,8154
Carbon Steel,38.1,2.77,12.027,29.382,48.59,44427
Carbon Steel,25.4,1.65,3.022,2.936,16.13,6039
Carbon Steel,76.2,3.05,8.952,48.87,39.26,65854
Carbon Steel,38.1,2.77,5.997,14.351,30.58,22363
Copper,25.4,1.65,3.042,3.367,16.78,43649
Carbon Steel,50.8,1.65,12.008,23.75,47.51,36973
PVC,101.6,3.05,12.031,15.894,37.99,42820
HDPE,38.1,3.56,3.016,1.099,12.54,4431
HDPE,25.4,1.65,8.986,1.038,26.09,5293
Carbon Steel,25.4,2.77,3.029,4.635,18.04,9023
Carbon Steel,254.0,4.78,9.049,265.339,49.46,326647
HDPE,101.6,3.05,6.031,5.338,22.53,13718
Stainless Steel 316,25.4,1.65,5.959,5.879,36.54,39195
Copper,76.2,2.11,8.991,39.198,45.09,479306
Stainless Steel 304,25.4,2.77,9.008,14.08,47.67,70601
Carbon Steel,101.6,5.74,9.015,121.971,48.47,154408
Stainless Steel 304,50.8,2.77,9.027,30.594,48.95,146564
Carbon Steel,76.2,3.05,3.037,16.804,18.08,23593
Carbon Steel,50.8,2.77,11.952,39.515,49.8,55722
Stainless Steel 316,50.8,1.65,5.952,11.897,38.69,72492
Carbon Steel,38.1,1.65,6.031,8.997,25.86,16421
Stainless Steel 304,101.6,5.74,5.955,82.963,51.2,382393
PVC,50.8,2.77,5.963,3.505,20.79,11228
Copper,101.6,5.74,3.049,47.805,33.33,580104
PVC,38.1,1.65,5.982,1.613,15.37,5896
Carbon Steel,38.1,3.56,11.965,36.333,49.78,52610
Stainless Steel 316,25.4,1.65,3.025,2.974,21.47,19910
Carbon Steel,50.8,3.91,5.967,26.924,30.01,36863
PVC,101.6,2.11,9.044,8.455,27.67,23288
Stainless Steel 316,76.2,2.11,8.997,35.579,56.36,205392
Copper,76.2,3.05,12.016,74.51,59.88,905233
Copper,50.8,1.65,11.983,27.344,55.26,338539
Galvanized Steel,76.2,5.16,11.995,106.676,63.49,171669
Stainless Steel 316,152.4,6.35,12.049,284.295,89.33,1579623
HDPE,203.2,2.77,5.998,9.966,23.86,21828
Carbon Steel,25.4,2.77,12.042,18.693,51.37,32127
HDPE,38.1,1.65,3.033,0.546,11.67,2802
PVC,38.1,3.56,9.043,4.883,28.11,15242
Copper,38.1,3.56,2.989,10.457,22.97,129321
Stainless Steel 304,38.1,1.65,8.97,13.184,48.32,68933
Copper,101.6,2.11,6.001,35.195,37.47,429044
HDPE,38.1,3.56,6.032,2.233,21.25,7462
Stainless Steel 316,25.4,3.38,5.991,11.05,40.76,68719
Stainless Steel 316,101.6,5.74,8.974,124.639,63.33,696810
Carbon Steel,25.4,2.77,5.959,9.141,27.21,15860
Stainless Steel 316,50.8,2.77,6.016,20.371,41.79,119708
Stainless Steel 304,25.4,3.38,2.993,5.658,23.22,30239
HDPE,101.6,3.05,11.994,10.854,37.29,26400
Carbon Steel,38.1,1.65,2.993,4.468,17.09,9077
HDPE,101.6,5.74,6.03,9.874,26.52,22535
Stainless Steel 316,50.8,1.65,9.007,18.166,51.86,108624
PVC,254.0,8.56,6.013,55.49,33.67,128035
Galvanized Steel,25.4,3.38,6.016,10.849,31.15,21642
Carbon Steel,38.1,1.65,8.968,13.449,36.78,22446
PVC,38.1,1.65,5.955,1.58,17.7,7387
HDPE,152.4,6.35,9.018,24.682,34.53,50453
Stainless Steel 304,38.1,2.77,12.024,29.373,63.39,143096
Carbon Steel,25.4,3.38,11.994,22.25,51.42,35638
Copper,101.6,3.05,8.983,76.444,50.97,926900
Carbon Steel,76.2,3.05,2.998,16.585,22.11,23614
Stainless Steel 316,304.8,3.4,9.044,236.299,76.09,1313437
Carbon Steel,76.2,2.11,8.991,35.402,41.98,50326
PVC,76.2,2.11,8.985,6.175,26.43,18425
Carbon Steel,254.0,4.78,8.963,266.301,53.38,329571
Stainless Steel 304,50.8,1.65,12.016,24.6,60.27,120981
Carbon Steel,152.4,2.77,9.015,92.603,48.68,119902
Stainless Steel 304,38.1,3.56,6.036,18.378,38.87,89269
Carbon Steel,76.2,2.11,2.97,11.507,18.91,17374
Carbon Steel,25.4,1.65,3.028,2.86,15.18,5175
Galvanized Steel,101.6,5.74,5.988,79.765,45.85,128333
Stainless Steel 304,101.6,5.74,3.001,41.681,36.26,193636
Stainless Steel 316,25.4,1.65,2.951,2.865,22.24,19605
Carbon Steel,203.2,2.77,8.983,122.141,48.17,155742
PVC,76.2,2.11,9.049,6.242,29.44,19643
Carbon Steel,38.1,2.77,9.003,22.019,41.57,33594
Stainless Steel 316,25.4,1.65,9.023,8.866,46.79,57308
Stainless Steel 304,38.1,2.77,5.951,14.503,37.36,72669
Galvanized Steel,76.2,5.16,11.955,108.656,56.82,173472
Copper,304.8,3.4,2.951,85.114,40.14,1028228
PVC,76.2,5.16,11.989,19.004,41.85,48864
Copper,101.6,5.74,12.027,185.673,75.04,2240776
Stainless Steel 304,101.6,3.05,11.965,89.734,70.5,416169
Carbon Steel,50.8,2.77,6.006,19.329,28.39,28396
Copper,25.4,3.38,12.016,25.158,50.1,311038
Stainless Steel 316,25.4,1.65,12.031,11.814,62.26,76266
Stainless Steel 304,38.1,2.77,12.034,29.042,58.64,141325
Stainless Steel 316,38.1,2.77,12.008,29.789,70.41,176767
Stainless Steel 316,50.8,2.77,2.981,9.942,27.88,60803
Stainless Steel 316,152.4,3.4,11.962,152.494,74.71,852903
PVC,50.8,1.65,9.027,3.279,29.13,12370
Stainless Steel 316,50.8,2.77,6.041,20.036,40.01,117967
PVC,50.8,1.65,3.024,1.077,12.18,5120
HDPE,76.2,2.11,6.008,2.812,21.02,8771
Carbon Steel,152.4,6.35,12.049,272.918,58.92,338004
Stainless Steel 316,101.6,2.11,2.996,15.856,29.26,92376
Carbon Steel,152.4,2.77,6.001,59.953,33.89,78895
Copper,101.6,5.74,9.026,140.98,61.71,1702882
HDPE,38.1,1.65,12.039,2.185,33.26,10558
Carbon Steel,38.1,1.65,3.009,4.54,16.85,8908
PVC,152.4,2.77,9.014,16.427,30.27,41219
Stainless Steel 304,25.4,1.65,12.049,11.697,63.96,63701
Stainless Steel 316,38.1,1.65,2.951,4.413,22.8,28656
Carbon Steel,76.2,5.16,12.013,106.441,55.17,137841
Copper,50.8,3.91,8.971,45.594,54.25,557156
Stainless Steel 304,203.2,3.96,5.972,120.032,54.7,550683
Stainless Steel 304,50.8,1.65,12.023,24.453,61.4,120966
PVC,101.6,3.05,9.005,11.968,29.38,32770
HDPE,152.4,3.4,2.957,4.533,16.77,10546
HDPE,152.4,3.4,3.046,4.578,18.16,11839
Stainless Steel 316,152.4,2.77,3.01,31.313,34.18,177847
Stainless Steel 316,76.2,2.11,6.048,23.781,40.7,138254
Galvanized Steel,50.8,3.91,5.972,26.972,34.4,46720
HDPE,25.4,2.77,9.012,1.692,27.27,7676
Carbon Steel,50.8,3.91,12.005,54.836,55.38,74306
Stainless Steel 304,152.4,6.35,11.974,282.656,79.47,1287067
PVC,152.4,2.77,5.984,10.826,24.92,28223
Galvanized Steel,304.8,3.4,8.952,223.628,59.44,346068
Copper,101.6,5.74,3.031,46.954,30.13,569205
Stainless Steel 316,152.4,6.35,5.978,139.591,57.16,778411
Stainless Steel 316,38.1,1.65,11.981,18.263,66.41,113351
Stainless Steel 304,25.4,1.65,5.979,5.857,33.74,32186
Carbon Steel,38.1,3.56,3.009,9.087,18.06,14540
HDPE,76.2,2.11,3.02,1.404,13.22,5467
HDPE,101.6,5.74,5.958,9.766,27.84,22407
Stainless Steel 304,25.4,3.38,5.995,11.253,38.74,57929
Carbon Steel,25.4,2.77,12.028,18.632,46.57,31077
Copper,254.0,8.56,5.955,353.338,61.77,4251637
PVC,38.1,3.56,2.954,1.641,13.27,5115
Carbon Steel,38.1,1.65,5.964,8.692,26.09,15381
Stainless Steel 304,25.4,3.38,2.996,5.527,23.16,29057
Stainless Steel 304,101.6,2.11,2.983,15.62,24.13,75051
PVC,25.4,2.77,8.975,2.462,25.26,10417
Carbon Steel,38.1,3.56,8.964,27.22,36.02,38690
HDPE,25.4,3.38,11.982,2.618,34.07,10520
Carbon Steel,101.6,3.05,9.01,66.866,38.08,87672
Carbon Steel,101.6,5.74,11.981,163.169,55.26,206366
Carbon Steel,76.2,5.16,5.985,54.758,36.23,71881
Carbon Steel,38.1,2.77,2.977,7.137,17.74,11778
Stainless Steel 316,38.1,3.56,11.993,37.466,73.8,219621
PVC,50.8,2.77,8.999,5.236,28.7,17634
Carbon Steel,101.6,3.05,3.004,22.079,20.68,30295
Stainless Steel 304,25.4,3.38,9.04,17.176,52.82,86138
Stainless Steel 316,50.8,2.77,9.027,30.254,56.53,176978
Carbon Steel,76.2,5.16,5.966,53.94,34.61,70167
Carbon Steel,76.2,3.05,6.04,33.663,30.6,46431
Stainless Steel 316,25.4,3.38,2.969,5.535,24.25,34648
Carbon Steel,38.1,1.65,11.998,17.501,47.22,30072
Stainless Steel 304,152.4,6.35,11.978,282.083,80.36,1283897
Stainless Steel 304,76.2,2.11,3.036,11.903,22.93,57579
Carbon Steel,152.4,3.4,12.035,149.129,54.63,188069
HDPE,50.8,2.77,5.956,2.368,20.07,8724
PVC,25.4,3.38,2.967,0.967,13.82,5267
Carbon Steel,304.8,4.78,8.973,314.206,55.61,387399
Stainless Steel 304,76.2,2.11,12.012,47.259,65.4,224808
Copper,38.1,1.65,8.955,15.046,46.78,189322
Stainless Steel 316,304.8,3.4,2.991,76.642,43.56,429149
Carbon Steel,254.0,4.78,5.998,176.602,44.78,219676
Carbon Steel,25.4,2.77,11.991,18.524,43.96,29807
Stainless Steel 304,50.8,2.77,9.044,30.247,54.7,145593
HDPE,203.2,2.77,11.961,19.954,40.6,43329
PVC,25.4,3.38,2.964,0.974,11.96,4720
Stainless Steel 316,25.4,2.77,5.993,9.325,38.91,58691
Stainless Steel 304,254.0,3.4,5.973,127.222,56.42,582746
Stainless Steel 304,101.6,3.05,9.0,68.858,57.05,320381
PVC,152.4,6.35,3.04,12.358,20.53,29955
PVC,203.2,3.96,3.044,10.528,22.85,28288
Stainless Steel 316,38.1,1.65,6.005,9.092,37.66,56782
Copper,50.8,3.91,3.002,15.552,24.3,191163
Carbon Steel,254.0,8.56,12.011,619.139,72.61,755351
Stainless Steel 304,25.4,1.65,12.032,11.906,62.11,64829
Carbon Steel,101.6,5.74,5.976,81.849,39.33,106252
Stainless Steel 304,38.1,3.56,9.04,27.822,49.15,133204
Stainless Steel 316,101.6,5.74,5.952,81.901,57.28,462090
PVC,152.4,6.35,6.006,24.752,27.53,59240
Galvanized Steel,50.8,3.91,9.025,40.8,47.7,69798
Carbon Steel,76.2,5.16,5.962,53.673,34.16,71480
HDPE,50.8,1.65,2.983,0.721,11.93,3200
Stainless Steel 304,152.4,2.77,11.972,124.586,66.91,572494
Galvanized Steel,76.2,3.05,2.969,16.348,20.22,28091
Stainless Steel 316,25.4,2.77,12.043,19.309,76.1,120214
Galvanized Steel,304.8,9.53,12.023,837.998,77.77,1270637
Carbon Steel,101.6,3.05,9.039,67.298,42.41,88352
Stainless Steel 316,76.2,5.16,3.018,28.341,34.98,162109
Carbon Steel,25.4,1.65,11.969,11.516,47.87,22192
Stainless Steel 304,50.8,3.91,2.992,13.621,25.76,66074
Stainless Steel 304,50.8,3.91,9.037,41.111,57.08,195712
Galvanized Steel,101.6,5.74,9.045,121.946,49.86,191001
HDPE,101.6,2.11,8.978,5.672,26.4,15624
HDPE,254.0,3.4,8.966,22.792,35.11,47544
Carbon Steel,152.4,3.4,8.956,113.457,46.26,145047
Carbon Steel,38.1,2.77,6.019,14.201,28.53,22420
Stainless Steel 316,76.2,2.11,6.035,23.983,41.93,139150
PVC,25.4,3.38,5.971,1.966,21.04,8198
HDPE,25.4,3.38,2.973,0.663,12.76,3409
Stainless Steel 316,152.4,3.4,11.988,152.112,76.06,850829
Carbon Steel,101.6,2.11,11.975,60.502,51.82,82269
Carbon Steel,101.6,3.05,6.033,44.372,30.62,59343
Stainless Steel 304,152.4,6.35,3.039,71.186,41.21,327542
Carbon Steel,76.2,5.16,6.022,54.475,40.13,72593
PVC,101.6,3.05,8.965,11.86,27.0,31362
Carbon Steel,50.8,1.65,9.003,17.665,34.25,27065
Stainless Steel 304,25.4,2.77,8.987,14.007,50.9,72283
Carbon Steel,38.1,3.56,8.996,27.196,43.53,40489
Stainless Steel 316,25.4,2.77,11.993,19.087,68.44,117689
Carbon Steel,38.1,1.65,6.012,8.733,24.73,14161
Carbon Steel,25.4,3.38,9.023,16.626,42.1,26964
Stainless Steel 316,50.8,2.77,3.021,10.068,26.88,60820
Galvanized Steel,38.1,3.56,3.004,8.914,22.18,17785
Galvanized Steel,101.6,5.74,9.014,121.181,52.01,191279
Carbon Steel,76.2,5.16,6.048,54.057,34.29,71524
Stainless Steel 304,38.1,2.77,9.041,22.64,48.43,110479
Stainless Steel 316,50.8,2.77,11.95,39.472,70.46,229846
Galvanized Steel,101.6,3.05,8.993,65.698,45.27,106096
Copper,50.8,1.65,5.972,13.693,30.51,170125
Carbon Steel,76.2,2.11,9.026,34.615,40.18,48297
Stainless Steel 304,76.2,5.16,8.961,82.41,57.58,381136
Carbon Steel,38.1,3.56,6.021,18.331,29.18,27449
Carbon Steel,50.8,2.77,6.048,20.029,29.07,29535
Stainless Steel 316,152.4,2.77,11.983,124.479,80.33,698889
Stainless Steel 316,50.8,1.65,12.035,24.584,72.21,148086
Carbon Steel,76.2,3.05,5.985,33.175,29.42,45934
Stainless Steel 316,25.4,3.38,9.033,16.886,55.94,103381
Carbon Steel,38.1,3.56,9.028,27.705,40.98,40861
Stainless Steel 316,38.1,1.65,3.048,4.55,22.12,28859
Stainless Steel 316,203.2,3.96,11.981,236.374,87.55,1315797
Stainless Steel 304,38.1,1.65,12.03,18.204,55.77,91430
Carbon Steel,203.2,2.77,9.023,126.247,41.87,158367
Stainless Steel 304,38.1,2.77,6.048,14.818,38.65,73322
Copper,38.1,2.77,3.04,8.348,23.09,104141
Stainless Steel 304,101.6,5.74,9.019,124.994,57.55,572570
HDPE,152.4,2.77,5.987,7.546,23.81,18631
Copper,76.2,2.11,12.007,53.154,56.64,647835
Stainless Steel 304,25.4,2.77,5.981,9.355,35.38,48328
Carbon Steel,152.4,2.77,11.96,118.445,55.61,152727
Stainless Steel 304,25.4,1.65,6.047,5.937,33.2,32959
Galvanized Steel,50.8,2.77,11.996,38.507,55.34,67328
Stainless Steel 304,25.4,2.77,11.95,18.66,62.53,94347
Stainless Steel 304,50.8,3.91,3.02,13.959,28.18,68466
Stainless Steel 304,50.8,1.65,6.008,12.167,31.96,61779
Carbon Steel,25.4,1.65,8.958,8.626,38.14,17265
Carbon Steel,25.4,2.77,3.035,4.627,16.43,8597
Stainless Steel 316,50.8,2.77,8.982,29.783,50.18,172405
PVC,38.1,2.77,5.994,2.58,19.72,9094
Stainless Steel 304,152.4,2.77,12.035,126.132,73.69,580123
PVC,203.2,7.04,2.995,17.944,24.71,43446
Stainless Steel 316,76.2,5.16,9.028,83.654,63.05,471299
Stainless Steel 316,76.2,5.16,9.025,83.879,59.28,471725
Carbon Steel,101.6,2.11,8.974,46.17,36.61,62382
HDPE,50.8,1.65,12.049,2.923,32.83,10383
PVC,25.4,3.38,5.975,1.948,21.63,7472
HDPE,101.6,5.74,12.044,19.816,39.54,41997
Stainless Steel 316,101.6,5.74,5.997,82.377,54.4,463083
Stainless Steel 304,203.2,2.77,6.026,82.925,46.35,381563
Carbon Steel,38.1,2.77,2.983,7.332,19.16,11767
Stainless Steel 316,50.8,2.77,3.041,10.191,27.21,61450
Carbon Steel,25.4,3.38,11.993,22.272,49.59,35078
Carbon Steel,25.4,3.38,5.999,11.059,30.16,19147
Carbon Steel,76.2,5.16,6.048,54.934,38.04,72679
Carbon Steel,76.2,2.11,5.962,23.027,27.65,33070
Stainless Steel 316,203.2,7.04,6.001,209.196,61.27,1160786
Carbon Steel,25.4,2.77,9.048,13.84,38.02,23250
Carbon Steel,38.1,1.65,6.001,8.789,25.9,15426
Stainless Steel 304,25.4,2.77,8.99,14.005,52.1,72512
Stainless Steel 304,152.4,2.77,8.967,94.193,56.13,434120
Carbon Steel,50.8,2.77,9.008,29.746,42.32,42112
Carbon Steel,25.4,3.38,2.996,5.534,18.54,10765
Carbon Steel,304.8,3.4,12.034,308.824,62.49,381955
Carbon Steel,38.1,2.77,9.005,21.595,38.18,32677
Stainless Steel 304,152.4,6.35,3.026,71.002,39.56,326533
Stainless Steel 304,152.4,3.4,8.98,115.206,63.07,528854
PVC,101.6,2.11,9.035,8.268,27.76,23203
Galvanized Steel,101.6,2.11,2.971,15.289,20.62,26963
Stainless Steel 316,101.6,2.11,6.016,32.138,41.07,184067
Carbon Steel,101.6,5.74,11.978,162.76,59.46,205626
Stainless Steel 304,25.4,2.77,2.973,4.669,22.52,26112
Stainless Steel 304,76.2,2.11,9.026,35.129,53.32,167717
Carbon Steel,38.1,2.77,5.96,14.742,30.0,23101
Stainless Steel 304,38.1,1.65,2.98,4.562,21.14,24618
Copper,203.2,2.77,12.028,190.034,71.51,2292828
Carbon Steel,38.1,2.77,5.993,14.599,26.46,23156
PVC,38.1,2.77,3.047,1.303,13.37,4563
Carbon Steel,38.1,2.77,9.006,21.707,39.31,32794
Carbon Steel,76.2,3.05,3.045,16.854,21.84,25413
PVC,152.4,2.77,9.008,16.403,30.21,41345
PVC,254.0,3.4,11.983,44.542,42.85,106393
Galvanized Steel,254.0,4.78,3.011,87.014,37.12,136737
Carbon Steel,38.1,1.65,3.033,4.473,14.99,8523
Stainless Steel 316,254.0,3.4,9.01,192.888,72.96,1074487
HDPE,25.4,3.38,6.011,1.334,19.51,5391
Stainless Steel 316,203.2,7.04,3.028,103.644,46.8,579149
Stainless Steel 304,152.4,6.35,5.957,138.567,50.93,632567
Copper,25.4,3.38,11.968,25.124,61.43,311750
Carbon Steel,38.1,1.65,2.954,4.381,15.65,7799
Stainless Steel 316,76.2,5.16,9.036,82.624,66.56,467555
Copper,76.2,5.16,3.028,31.923,31.1,389511
Carbon Steel,38.1,2.77,8.993,22.009,38.08,32844
Stainless Steel 316,76.2,2.11,11.95,46.681,69.04,269603
PVC,25.4,2.77,8.968,2.439,25.94,10126
Stainless Steel 304,38.1,3.56,12.038,37.266,64.82,179782
Carbon Steel,101.6,3.05,9.028,65.974,44.02,86306
HDPE,50.8,1.65,11.988,2.906,32.6,11599
Stainless Steel 304,76.2,2.11,6.045,23.82,43.16,114992
Stainless Steel 316,203.2,3.96,11.961,237.327,76.76,1319681
Stainless Steel 304,38.1,3.56,12.016,37.049,62.34,178095
Stainless Steel 316,50.8,1.65,2.99,6.047,23.52,37846
PVC,101.6,2.11,2.96,2.737,13.87,8988
Stainless Steel 304,38.1,1.65,3.041,4.671,18.76,24110
Carbon Steel,25.4,3.38,3.049,5.576,20.89,10439
Copper,101.6,3.05,3.0,25.441,24.73,309586
Stainless Steel 304,152.4,2.77,8.978,94.786,53.52,436219
PVC,50.8,1.65,3.002,1.042,10.67,3747
Stainless Steel 304,50.8,3.91,9.023,41.431,60.1,197043
Stainless Steel 316,38.1,2.77,11.994,29.855,62.37,176017
Carbon Steel,203.2,7.04,5.978,200.946,43.25,249262
HDPE,50.8,3.91,11.992,6.572,34.67,17475
Galvanized Steel,25.4,3.38,6.044,11.008,32.11,21863
Stainless Steel 304,101.6,2.11,5.993,31.532,43.46,150442
HDPE,38.1,3.56,6.007,2.181,19.94,8175
Carbon Steel,203.2,7.04,2.981,100.007,37.46,127023
Stainless Steel 304,25.4,2.77,11.994,18.856,60.36,95912
PVC,38.1,1.65,9.021,2.412,23.56,8644
Copper,76.2,3.05,8.983,55.727,51.48,677560
HDPE,25.4,2.77,6.039,1.145,18.69,4582
HDPE,76.2,3.05,11.98,7.784,35.68,20602
Carbon Steel,25.4,2.77,9.03,13.863,36.81,23485
HDPE,25.4,2.77,11.954,2.23,34.54,10147
HDPE,101.6,5.74,11.982,19.742,42.61,43039
Copper,203.2,7.04,2.954,112.711,44.82,1361043
Carbon Steel,152.4,2.77,11.974,122.938,57.63,158475
Carbon Steel,101.6,2.11,8.959,46.507,40.55,63684
Stainless Steel 304,203.2,3.96,2.999,58.962,37.11,271638
Stainless Steel 304,101.6,3.05,8.969,67.307,53.19,312710
Galvanized Steel,76.2,3.05,12.036,65.118,58.66,107801
Galvanized Steel,76.2,5.16,5.963,53.918,39.56,87175
Stainless Steel 316,50.8,2.77,11.992,40.088,68.17,232859
Stainless Steel 304,25.4,1.65,8.979,8.647,47.91,47107
PVC,254.0,4.78,2.975,15.848,23.55,38690
Stainless Steel 304,304.8,9.53,5.987,424.628,67.89,1923322
Stainless Steel 304,38.1,1.65,8.964,13.512,45.99,69128
Stainless Steel 316,50.8,1.65,9.018,18.371,50.81,109365
Galvanized Steel,25.4,3.38,5.99,10.675,34.45,22249
Carbon Steel,101.6,2.11,2.998,15.4,20.4,21849
HDPE,50.8,3.91,9.042,4.972,27.3,13618
HDPE,25.4,1.65,12.042,1.394,33.67,8339
Stainless Steel 304,25.4,1.65,2.986,2.922,19.27,16884
Stainless Steel 316,38.1,2.77,6.011,14.656,38.55,87446
Copper,38.1,3.56,2.96,10.173,23.47,124822
PVC,38.1,1.65,6.006,1.586,17.58,6574
Carbon Steel,38.1,3.56,6.012,18.249,28.14,27704
Carbon Steel,101.6,3.05,2.964,21.608,21.46,30055
Stainless Steel 316,38.1,1.65,9.003,13.507,51.58,83753
Stainless Steel 316,76.2,3.05,12.032,66.761,74.53,381230
Carbon Steel,38.1,3.56,5.974,18.425,30.58,26852
Stainless Steel 304,76.2,5.16,9.016,84.001,60.18,388303
Stainless Steel 304,101.6,3.05,12.048,91.399,66.06,423936
Carbon Steel,76.2,2.11,3.013,11.576,19.29,17779
PVC,304.8,9.53,8.97,110.804,45.81,251776
Stainless Steel 316,38.1,3.56,3.045,9.304,26.03,57023
Carbon Steel,76.2,2.11,11.979,44.972,47.23,63543
Stainless Steel 316,50.8,2.77,12.027,39.538,71.67,229978
Stainless Steel 316,38.1,2.77,5.952,14.852,41.43,89650
PVC,152.4,3.4,9.006,20.135,32.76,50211
Copper,25.4,2.77,11.983,21.063,57.38,263024
Carbon Steel,38.1,2.77,11.995,28.685,48.72,42423
Stainless Steel 316,38.1,2.77,5.99,15.125,39.28,90265
Carbon Steel,76.2,3.05,8.991,49.581,38.41,67188
Carbon Steel,203.2,7.04,11.967,407.684,62.12,500569
PVC,50.8,3.91,3.041,2.465,16.14,7848
PVC,101.6,2.11,3.041,2.798,13.73,9714
HDPE,50.8,2.77,5.987,2.394,19.91,7732
PVC,76.2,3.05,11.955,11.754,36.29,32950
Stainless Steel 316,38.1,2.77,11.978,29.49,72.67,175060
Stainless Steel 304,38.1,2.77,6.008,14.58,35.97,72399
Stainless Steel 316,38.1,3.56,12.011,37.043,74.05,215599
Copper,76.2,3.05,11.995,76.337,63.93,927510
Carbon Steel,25.4,3.38,9.04,16.598,41.83,27828
Carbon Steel,76.2,3.05,8.982,50.37,40.96,68025
Copper,38.1,1.65,12.013,20.339,61.26,254975
HDPE,76.2,5.16,2.984,3.295,17.28,8940
HDPE,152.4,3.4,8.965,13.797,32.7,31033
Stainless Steel 304,25.4,2.77,9.049,14.422,56.09,74956
PVC,101.6,5.74,11.972,29.016,41.6,70946
Copper,152.4,6.35,2.954,76.255,38.97,922983
Stainless Steel 316,101.6,3.05,11.961,89.45,72.74,505173
HDPE,101.6,2.11,6.017,3.746,20.29,10861
Galvanized Steel,25.4,1.65,5.979,5.772,29.75,14257
PVC,203.2,2.77,5.983,14.613,25.55,36788
Copper,50.8,2.77,5.984,22.378,38.0,275416
Galvanized Steel,76.2,2.11,6.017,23.589,30.27,40711
PVC,76.2,3.05,2.992,2.93,13.95,9345
Carbon Steel,76.2,3.05,3.002,16.753,18.09,23547
Carbon Steel,50.8,3.91,11.995,55.03,51.34,76015
Carbon Steel,25.4,3.38,2.966,5.439,19.38,9198
Copper,38.1,1.65,6.021,10.186,29.59,126595
HDPE,203.2,2.77,6.047,10.001,25.43,22181
HDPE,25.4,1.65,9.018,1.048,26.77,6318
Galvanized Steel,50.8,1.65,5.95,11.862,29.26,23142
Stainless Steel 304,25.4,3.38,9.046,16.927,50.51,85413
Stainless Steel 304,76.2,5.16,6.047,54.899,44.15,254562
Carbon Steel,254.0,4.78,12.02,354.622,64.05,437556
Stainless Steel 316,25.4,1.65,12.016,11.714,67.25,77167
Carbon Steel,254.0,3.4,3.013,62.378,31.0,80277
Carbon Steel,203.2,7.04,2.957,101.02,32.69,127232
Carbon Steel,25.4,1.65,9.026,8.609,37.01,16699
Stainless Steel 316,152.4,3.4,6.013,77.728,49.51,436686
Stainless Steel 316,76.2,3.05,9.024,50.156,60.11,286052
Carbon Steel,76.2,3.05,11.954,65.984,53.43,89246
Stainless Steel 304,25.4,2.77,8.984,14.066,51.3,72514
Stainless Steel 316,101.6,2.11,9.047,47.596,54.17,271719
Carbon Steel,101.6,3.05,8.966,66.488,39.61,87794
Carbon Steel,50.8,1.65,9.013,17.952,39.82,28558
PVC,25.4,1.65,11.973,2.101,29.92,9740
Stainless Steel 316,50.8,2.77,5.999,19.8,42.39,116330
HDPE,25.4,2.77,2.985,0.562,11.99,3543
Stainless Steel 316,152.4,2.77,12.034,124.852,76.79,700347
Stainless Steel 304,25.4,3.38,2.98,5.564,24.51,29238
Stainless Steel 316,101.6,5.74,6.037,81.646,54.9,459404
Carbon Steel,25.4,3.38,3.036,5.496,19.03,10154
PVC,25.4,3.38,6.008,1.956,21.26,8431
Stainless Steel 316,25.4,1.65,9.048,9.005,48.63,58502
Carbon Steel,254.0,3.4,2.963,62.803,30.32,80423
Stainless Steel 304,25.4,3.38,9.03,16.746,53.21,84517
HDPE,50.8,1.65,9.036,2.152,25.94,8812
Carbon Steel,50.8,2.77,12.029,38.828,50.79,55611
Carbon Steel,50.8,2.77,11.987,39.043,53.98,56149
Carbon Steel,101.6,2.11,12.004,61.294,51.3,83382
PVC,25.4,1.65,6.009,1.054,17.37,5136
Carbon Steel,101.6,2.11,6.035,31.405,30.03,42776
Carbon Steel,38.1,3.56,8.981,27.632,38.37,39783
HDPE,38.1,2.77,8.991,2.574,25.24,9857
HDPE,101.6,5.74,3.03,4.977,20.01,12633
Galvanized Steel,76.2,5.16,3.025,27.004,26.51,44914
Carbon Steel,38.1,1.65,12.047,18.086,48.07,31301
Galvanized Steel,203.2,2.77,9.041,121.267,50.78,191396
Stainless Steel 316,76.2,3.05,2.952,16.359,28.41,94755
Carbon Steel,76.2,5.16,12.009,109.631,52.26,141067
Carbon Steel,76.2,2.11,2.971,11.593,17.83,16895
PVC,50.8,2.77,9.037,5.186,28.71,15931
Stainless Steel 304,38.1,2.77,12.027,29.297,60.54,143242
Stainless Steel 316,152.4,6.35,5.958,141.698,60.01,790482
Stainless Steel 316,203.2,7.04,6.025,207.433,63.86,1151968
Stainless Steel 316,50.8,3.91,2.95,13.389,29.11,79046
HDPE,25.4,3.38,5.951,1.326,20.68,6477
Stainless Steel 316,101.6,2.11,9.003,47.707,59.04,272920
Copper,38.1,1.65,6.024,10.254,31.73,128239
HDPE,38.1,1.65,3.011,0.543,10.71,2418
Stainless Steel 316,50.8,3.91,12.038,55.094,65.3,314639
Stainless Steel 304,38.1,3.56,9.03,27.637,51.26,133211
PVC,50.8,1.65,5.98,2.132,18.44,8483
Copper,101.6,5.74,6.033,93.764,43.1,1133532
PVC,76.2,3.05,6.008,5.943,22.07,16938
Carbon Steel,38.1,2.77,11.952,28.901,47.91,43334
Stainless Steel 316,38.1,2.77,5.952,14.715,38.83,87068
Carbon Steel,25.4,3.38,3.039,5.587,19.24,10328
HDPE,101.6,3.05,2.973,2.647,15.83,7527
Carbon Steel,50.8,1.65,8.97,18.029,38.83,28617
Stainless Steel 304,25.4,2.77,8.987,14.016,48.0,72011
Stainless Steel 304,25.4,1.65,3.038,2.997,20.28,17348
Carbon Steel,76.2,5.16,5.971,53.676,37.24,71886
HDPE,152.4,3.4,3.042,4.574,17.59,12065
PVC,50.8,1.65,12.036,4.287,33.94,15624
Stainless Steel 304,50.8,3.91,2.976,13.862,26.44,66660
Stainless Steel 304,203.2,7.04,6.012,210.157,55.01,955854
Stainless Steel 304,152.4,2.77,5.952,61.718,44.53,285774
Stainless Steel 304,50.8,1.65,3.013,6.156,21.58,30936
Carbon Steel,25.4,2.77,3.029,4.705,16.99,8297
Copper,76.2,3.05,9.035,56.873,50.84,691952
Carbon Steel,25.4,2.77,5.999,9.221,29.14,17106
Copper,25.4,1.65,3.029,3.314,17.23,42185
Carbon Steel,25.4,3.38,8.96,16.515,38.66,27742
Carbon Steel,152.4,6.35,3.002,69.365,32.25,89498
Carbon Steel,38.1,1.65,5.968,8.748,26.7,15622
Copper,25.4,1.65,3.048,3.326,18.31,43240
Carbon Steel,76.2,2.11,12.026,46.354,47.93,63925
Stainless Steel 304,25.4,2.77,8.956,14.178,46.95,72581
Stainless Steel 304,50.8,2.77,9.017,29.543,53.42,143320
Carbon Steel,101.6,3.05,6.016,44.512,30.32,58519
Galvanized Steel,76.2,2.11,12.043,45.727,57.92,78405
Galvanized Steel,50.8,3.91,5.985,26.756,36.59,46409
PVC,203.2,2.77,12.036,29.239,43.2,71775
Carbon Steel,50.8,3.91,3.002,13.659,18.8,20038
Carbon Steel,101.6,5.74,3.001,41.01,27.4,54121
HDPE,304.8,3.4,5.955,18.217,31.39,37952
Stainless Steel 316,50.8,1.65,5.953,12.038,34.42,71510
Galvanized Steel,38.1,2.77,5.96,14.357,33.6,27771
Carbon Steel,38.1,1.65,3.034,4.52,15.72,8543
Stainless Steel 304,76.2,3.05,6.019,32.946,37.64,155739
Stainless Steel 316,38.1,2.77,2.953,7.352,23.91,44436
Stainless Steel 316,50.8,2.77,11.973,40.338,66.37,234229
Copper,50.8,3.91,8.979,46.256,50.5,563874
Carbon Steel,38.1,1.65,12.026,18.049,43.96,30229
Stainless Steel 304,76.2,2.11,11.99,46.684,70.77,222867
Stainless Steel 304,25.4,2.77,3.016,4.771,23.15,25489
Carbon Steel,304.8,3.4,11.975,296.776,60.18,366416
Stainless Steel 304,304.8,9.53,9.047,634.68,92.85,2872647
Stainless Steel 304,152.4,3.4,3.029,37.624,32.08,175180
Carbon Steel,38.1,1.65,11.999,17.738,45.75,29405
Stainless Steel 316,38.1,2.77,2.952,7.321,25.52,44181
Copper,25.4,2.77,6.001,10.58,31.68,132849
PVC,50.8,1.65,8.997,3.17,26.45,11458
HDPE,254.0,3.4,6.028,15.328,27.77,32302
Stainless Steel 304,254.0,8.56,8.969,473.758,77.48,2145865
Stainless Steel 316,76.2,5.16,2.964,26.446,35.16,151625
Galvanized Steel,38.1,1.65,11.984,17.387,52.87,36263
Carbon Steel,101.6,5.74,9.02,124.431,47.08,157841
Stainless Steel 304,25.4,1.65,2.996,2.956,19.76,16670
Carbon Steel,25.4,2.77,8.998,14.046,36.41,23943
Carbon Steel,50.8,3.91,12.025,54.779,53.9,75760
Stainless Steel 304,76.2,2.11,11.964,47.319,64.23,224203
Stainless Steel 304,76.2,3.05,5.978,33.466,42.1,158901
Carbon Steel,25.4,2.77,6.016,9.292,28.57,16075
Copper,76.2,2.11,2.964,13.082,20.8,161666
Carbon Steel,50.8,3.91,9.043,42.023,40.92,57841
PVC,50.8,1.65,12.008,4.21,32.23,15522
Carbon Steel,152.4,3.4,6.024,74.828,37.78,97319
Stainless Steel 316,50.8,3.91,9.041,41.612,62.81,240323
Galvanized Steel,101.6,2.11,11.954,62.131,50.65,102169
Galvanized Steel,38.1,3.56,2.992,9.14,22.96,17810
Carbon Steel,25.4,1.65,9.003,8.712,34.98,16809
Stainless Steel 316,25.4,1.65,3.009,2.971,22.02,20991
PVC,50.8,1.65,11.964,4.254,32.89,14970
Stainless Steel 304,203.2,3.96,5.996,119.728,56.14,548310
Carbon Steel,152.4,2.77,8.972,92.748,46.72,120147
HDPE,203.2,3.96,8.98,21.001,34.1,44131
Carbon Steel,152.4,6.35,2.995,68.203,32.24,87775
Stainless Steel 316,38.1,1.65,3.012,4.592,23.0,29340
Stainless Steel 304,50.8,3.91,9.029,40.931,53.11,193888
Stainless Steel 316,76.2,2.11,5.981,23.743,41.34,137700
Carbon Steel,38.1,3.56,9.002,27.017,41.5,40205
Stainless Steel 304,101.6,3.05,9.047,68.216,54.85,317175
Galvanized Steel,101.6,3.05,11.952,87.916,58.56,141155
HDPE,25.4,1.65,5.988,0.7,16.68,3741
Carbon Steel,25.4,3.38,6.042,10.879,29.3,18488
Galvanized Steel,38.1,1.65,6.01,8.828,28.51,19128
Stainless Steel 316,101.6,2.11,2.967,15.738,29.84,92889
Stainless Steel 304,25.4,1.65,11.987,11.791,57.15,62866
Stainless Steel 304,203.2,7.04,3.002,104.173,41.97,476265
Carbon Steel,203.2,2.77,12.029,167.794,56.92,211986
HDPE,101.6,2.11,11.975,7.48,38.35,19604
Carbon Steel,38.1,3.56,11.991,35.808,53.72,52556
Stainless Steel 316,25.4,2.77,6.016,9.463,37.77,59134
Stainless Steel 316,50.8,1.65,2.982,5.978,21.9,35490
Copper,25.4,3.38,6.021,12.42,35.77,155034
Stainless Steel 304,101.6,2.11,6.04,31.417,36.73,147756
Stainless Steel 316,76.2,5.16,6.022,55.123,50.53,312045
HDPE,38.1,1.65,6.004,1.072,18.63,6047
Stainless Steel 304,203.2,2.77,11.998,169.597,80.8,777227
Stainless Steel 304,304.8,3.4,11.959,302.229,80.38,1374513
Carbon Steel,50.8,1.65,9.048,18.336,37.81,29200
Copper,76.2,3.05,3.042,18.948,25.1,232205
Stainless Steel 304,101.6,2.11,5.975,31.57,39.28,149449
Stainless Steel 304,38.1,2.77,12.007,29.778,64.14,146229
PVC,152.4,3.4,11.951,26.717,38.99,66352
Stainless Steel 304,101.6,3.05,3.035,23.129,29.61,109076
Stainless Steel 304,101.6,3.05,8.974,67.495,58.84,315368
PVC,38.1,1.65,3.012,0.792,11.76,3723
Stainless Steel 304,38.1,2.77,8.978,22.273,54.05,110652
HDPE,25.4,1.65,8.992,1.044,25.23,6863
Carbon Steel,50.8,1.65,9.041,18.028,39.19,28254
PVC,38.1,2.77,11.964,5.032,31.56,16515
PVC,25.4,1.65,6.04,1.043,18.36,5525
Carbon Steel,304.8,4.78,6.009,210.513,47.62,261759
Stainless Steel 304,76.2,5.16,3.038,27.832,32.28,131044
HDPE,152.4,2.77,12.024,14.998,37.67,34044
Carbon Steel,254.0,8.56,3.046,155.868,39.55,194892
Carbon Steel,101.6,2.11,5.999,31.258,29.81,43063
Carbon Steel,25.4,2.77,8.965,13.768,36.45,22583
Carbon Steel,101.6,3.05,2.951,21.82,21.55,30893
Copper,76.2,5.16,6.017,61.762,43.92,748969
Carbon Steel,50.8,1.65,5.952,11.792,26.85,18712
Stainless Steel 316,50.8,3.91,6.003,27.552,43.95,159377
Copper,101.6,3.05,11.993,101.402,69.39,1229601
Stainless Steel 316,38.1,1.65,11.961,17.781,67.55,109304
HDPE,38.1,2.77,6.035,1.772,20.46,7584
Carbon Steel,203.2,7.04,9.047,311.951,56.77,384288
Galvanized Steel,25.4,1.65,3.047,2.957,17.79,6969
Stainless Steel 316,101.6,2.11,6.01,31.529,44.5,181231
Copper,101.6,3.05,9.04,75.573,53.94,916775
Stainless Steel 304,101.6,2.11,2.989,15.859,26.09,75835
Carbon Steel,38.1,2.77,3.024,7.25,19.35,11990
Carbon Steel,76.2,5.16,11.98,107.437,53.86,138994
Stainless Steel 316,25.4,3.38,3.013,5.608,25.47,36447
Galvanized Steel,304.8,4.78,9.013,322.426,61.5,494624
HDPE,76.2,2.11,12.016,5.628,32.24,15344
Stainless Steel 304,101.6,3.05,3.031,22.674,31.16,108301
Stainless Steel 316,152.4,6.35,3.005,69.916,39.89,391539
Galvanized Steel,50.8,3.91,2.978,13.225,21.43,23570
Stainless Steel 316,76.2,2.11,5.959,23.857,41.12,139348
Stainless Steel 304,304.8,9.53,2.981,210.539,51.17,956818
PVC,76.2,5.16,2.99,4.742,17.12,14052
Carbon Steel,76.2,5.16,12.044,108.518,55.69,140250
Galvanized Steel,203.2,7.04,9.039,302.495,64.62,466124
Stainless Steel 304,101.6,3.05,9.001,70.132,53.33,324558
Carbon Steel,304.8,3.4,8.987,225.741,51.73,280559
Carbon Steel,76.2,3.05,5.965,32.395,30.96,44531
PVC,38.1,1.65,11.98,3.198,33.7,13400
Stainless Steel 304,50.8,3.91,2.966,13.884,26.74,67467
Copper,25.4,3.38,8.982,18.918,46.56,234897
PVC,38.1,2.77,12.009,5.212,38.9,18335
HDPE,50.8,3.91,6.007,3.275,22.04,9113
Carbon Steel,152.4,6.35,11.965,271.815,65.38,337699
PVC,50.8,3.91,9.029,7.288,29.61,20948
Stainless Steel 316,50.8,3.91,3.03,13.903,31.43,81858
Stainless Steel 304,25.4,2.77,3.047,4.791,25.25,26164
Stainless Steel 304,254.0,3.4,12.003,261.328,77.08,1190423
Stainless Steel 316,38.1,3.56,3.046,9.525,27.56,57130
HDPE,38.1,1.65,12.043,2.127,32.72,9690
Stainless Steel 304,38.1,2.77,12.017,29.805,58.4,144285
PVC,38.1,2.77,3.02,1.295,12.95,5465
Stainless Steel 316,50.8,3.91,5.959,27.174,43.14,157969
HDPE,76.2,5.16,3.043,3.334,16.27,8846
Carbon Steel,25.4,3.38,12.011,21.931,49.72,35744
Stainless Steel 316,25.4,3.38,9.006,16.775,50.35,101440
Carbon Steel,76.2,2.11,8.957,34.538,36.62,48478
Carbon Steel,25.4,1.65,2.96,2.821,14.82,5835
Stainless Steel 304,38.1,2.77,3.03,7.415,22.05,37407
Stainless Steel 304,25.4,3.38,5.984,11.316,36.63,58916
Carbon Steel,38.1,2.77,5.969,14.516,28.18,22470
PVC,304.8,9.53,11.986,149.509,58.31,339600
Stainless Steel 316,38.1,2.77,2.984,7.416,28.18,45685
Copper,38.1,3.56,3.05,10.613,25.2,131992
PVC,101.6,3.05,3.015,3.971,15.98,11216
Carbon Steel,76.2,5.16,6.005,53.608,35.6,70981
Stainless Steel 316,50.8,3.91,3.023,13.843,28.68,81692
Carbon Steel,76.2,3.05,2.985,16.277,19.6,22764
Stainless Steel 316,38.1,3.56,5.958,18.339,42.03,107924
Stainless Steel 316,38.1,1.65,5.969,9.096,32.81,55818
Stainless Steel 304,76.2,5.16,9.021,83.975,61.51,388685
Carbon Steel,304.8,3.4,11.975,304.268,62.6,375853
Carbon Steel,254.0,3.4,2.985,61.925,29.61,78709
Carbon Steel,38.1,2.77,8.98,21.712,38.74,33707
Carbon Steel,25.4,2.77,3.012,4.676,17.01,8042
Stainless Steel 316,152.4,3.4,9.01,114.01,67.06,639618
PVC,152.4,3.4,2.96,6.647,17.46,17679
Carbon Steel,25.4,1.65,3.032,2.941,14.57,5822
HDPE,152.4,2.77,5.974,7.372,22.24,17322
Carbon Steel,50.8,2.77,12.038,39.176,51.08,56275
Carbon Steel,38.1,3.56,2.966,9.145,20.18,14259
Stainless Steel 304,38.1,3.56,6.023,18.543,37.89,89984
PVC,101.6,5.74,3.019,7.211,20.61,19870
HDPE,101.6,2.11,2.981,1.845,12.81,6200
PVC,25.4,1.65,9.012,1.544,25.05,8540
HDPE,152.4,3.4,11.955,17.969,37.61,39092
HDPE,254.0,4.78,11.973,42.089,47.15,84117
Carbon Steel,50.8,3.91,2.962,13.351,21.57,20266
Stainless Steel 316,203.2,3.96,11.951,237.915,78.73,1323236
Stainless Steel 304,25.4,3.38,12.013,22.611,61.22,113066
Carbon Steel,101.6,3.05,11.977,89.85,53.3,116964
Stainless Steel 304,38.1,3.56,9.034,27.95,55.61,135606
HDPE,25.4,1.65,11.997,1.4,32.08,9149
Carbon Steel,76.2,5.16,3.018,27.453,23.94,38619
Stainless Steel 316,38.1,2.77,2.95,7.142,24.43,42440
PVC,25.4,3.38,3.039,0.99,13.51,4472
Galvanized Steel,50.8,3.91,12.034,53.887,60.17,91550
Carbon Steel,50.8,2.77,11.962,39.682,54.11,57295
Stainless Steel 304,38.1,1.65,6.003,9.045,37.04,47066
HDPE,50.8,1.65,2.998,0.725,11.77,3232
Copper,38.1,3.56,8.964,31.084,48.85,381999
Carbon Steel,25.4,3.38,3.028,5.529,19.48,9561
PVC,50.8,1.65,8.993,3.242,26.12,12033
HDPE,76.2,5.16,2.997,3.254,16.97,9012
Carbon Steel,203.2,3.96,12.003,233.842,57.7,290835
Carbon Steel,38.1,1.65,8.96,13.323,34.48,21953
Carbon Steel,101.6,2.11,12.0,62.437,55.07,84178
Stainless Steel 304,25.4,1.65,2.992,2.926,19.29,16294
Copper,50.8,3.91,5.964,30.564,37.78,373189
Carbon Steel,50.8,1.65,6.03,12.005,24.32,18530
HDPE,76.2,2.11,3.0,1.423,13.02,5006
Copper,25.4,1.65,12.041,13.18,55.78,168029
Carbon Steel,25.4,2.77,5.998,9.321,27.69,15617
Stainless Steel 304,152.4,6.35,12.006,281.493,87.11,1282457
Copper,38.1,1.65,2.957,5.032,19.22,63467
Stainless Steel 316,50.8,1.65,11.983,24.467,69.82,147090
Copper,50.8,3.91,11.976,61.154,66.38,745917
Copper,50.8,3.91,5.95,30.444,35.64,371610
Stainless Steel 304,254.0,8.56,2.993,157.262,58.07,717955
Carbon Steel,101.6,5.74,8.964,122.986,51.06,155885
Stainless Steel 316,50.8,1.65,6.019,12.326,37.21,74346
HDPE,76.2,5.16,11.992,13.33,37.55,30789
Carbon Steel,76.2,5.16,12.028,108.164,57.47,139514
Stainless Steel 304,76.2,3.05,6.006,33.453,36.73,156900
Carbon Steel,152.4,2.77,11.97,122.854,52.5,157469
Carbon Steel,152.4,2.77,8.977,91.944,42.97,117321
Stainless Steel 304,25.4,3.38,2.962,5.409,23.51,29076
Galvanized Steel,25.4,3.38,9.032,16.478,46.12,32348
Galvanized Steel,76.2,5.16,6.034,54.526,38.56,89407
PVC,25.4,3.38,9.025,2.942,27.67,10846
Stainless Steel 304,152.4,3.4,9.024,115.701,60.39,532545
Galvanized Steel,101.6,3.05,12.008,87.952,60.82,143100
Galvanized Steel,50.8,3.91,8.992,40.344,44.32,68793
Copper,25.4,3.38,5.961,12.56,34.74,156959
Stainless Steel 304,101.6,3.05,5.992,44.892,42.62,209451
PVC,254.0,4.78,3.047,15.935,23.2,39299
Stainless Steel 316,50.8,1.65,6.032,12.444,35.74,74592
HDPE,101.6,5.74,11.97,19.796,39.35,43439
Copper,38.1,3.56,6.014,20.83,37.99,257274
Stainless Steel 304,25.4,3.38,6.037,11.256,39.75,57488
Galvanized Steel,152.4,6.35,12.021,275.931,71.79,426419
Stainless Steel 316,25.4,1.65,11.989,11.794,72.91,78958
Stainless Steel 316,101.6,2.11,6.026,32.319,41.5,184846
Copper,152.4,6.35,3.041,79.375,36.13,959722
Stainless Steel 316,76.2,3.05,6.021,33.887,44.19,194244
Carbon Steel,38.1,3.56,9.003,27.69,40.95,40906
Stainless Steel 304,76.2,5.16,9.018,83.01,58.26,383420
Carbon Steel,76.2,3.05,11.955,66.544,53.5,89136
Carbon Steel,38.1,2.77,5.987,14.323,30.06,22349
HDPE,101.6,5.74,5.983,9.658,25.16,22247
Carbon Steel,50.8,3.91,3.034,13.735,20.08,19616
Copper,25.4,2.77,9.049,15.905,49.8,199448
Stainless Steel 304,203.2,2.77,8.984,125.628,67.08,577551
Stainless Steel 304,25.4,2.77,12.01,18.809,59.86,94502
Carbon Steel,152.4,2.77,11.989,122.992,52.07,157412
Carbon Steel,38.1,3.56,9.013,27.305,38.57,38658
HDPE,152.4,2.77,5.987,7.25,23.63,17009
PVC,101.6,3.05,5.995,7.976,24.96,21974
Stainless Steel 316,254.0,8.56,6.048,315.585,65.7,1747674
Carbon Steel,25.4,1.65,2.952,2.86,14.88,6688
Carbon Steel,50.8,1.65,6.039,12.169,26.75,18758
Stainless Steel 316,50.8,1.65,3.029,6.28,21.96,38892
PVC,25.4,3.38,9.041,2.956,27.27,12077
Galvanized Steel,38.1,2.77,3.025,7.261,18.27,14598
Carbon Steel,76.2,3.05,12.006,66.936,50.81,89692
PVC,101.6,2.11,9.001,8.18,26.35,22731
Stainless Steel 304,76.2,2.11,5.956,23.809,42.88,115136
Carbon Steel,203.2,2.77,5.964,82.448,38.86,105899
Carbon Steel,25.4,1.65,9.012,8.755,34.06,16520
Carbon Steel,38.1,2.77,2.968,7.199,17.55,12155
Stainless Steel 304,25.4,1.65,8.991,8.691,46.13,47760
Stainless Steel 304,101.6,3.05,9.03,69.047,54.65,319649
Stainless Steel 304,38.1,3.56,2.956,9.142,26.63,46079
Carbon Steel,203.2,7.04,2.957,100.275,33.2,126266
Carbon Steel,38.1,2.77,9.049,21.798,37.62,32541
PVC,152.4,3.4,6.038,13.307,24.17,34140
Stainless Steel 304,76.2,3.05,9.008,49.702,52.55,233263
Stainless Steel 316,152.4,2.77,6.026,62.979,48.8,355825
HDPE,101.6,2.11,8.966,5.668,27.05,14745
Stainless Steel 304,50.8,1.65,3.027,6.239,18.75,31556
Carbon Steel,50.8,2.77,9.002,29.46,42.59,43332
Stainless Steel 304,76.2,5.16,9.026,82.817,58.88,382784
Carbon Steel,101.6,5.74,3.0,40.584,25.74,53500
Stainless Steel 304,38.1,3.56,8.996,27.787,52.36,133617
PVC,152.4,2.77,9.04,16.607,30.55,42509
Carbon Steel,38.1,1.65,12.033,18.013,43.27,29355
Galvanized Steel,25.4,3.38,12.032,21.696,57.51,43563
Carbon Steel,101.6,5.74,3.011,40.692,28.55,54894
Carbon Steel,50.8,3.91,12.007,54.064,55.68,74456
PVC,76.2,2.11,9.018,6.261,27.3,18270
Stainless Steel 316,38.1,2.77,8.993,22.041,51.13,130970
Carbon Steel,50.8,2.77,12.008,39.332,49.12,56080
Stainless Steel 316,76.2,3.05,3.0,16.633,27.76,96204
Carbon Steel,38.1,2.77,3.0,7.192,17.95,12186
Stainless Steel 304,50.8,3.91,6.021,27.603,42.18,132062
Carbon Steel,25.4,1.65,3.036,2.938,14.61,6068
Carbon Steel,38.1,1.65,12.047,18.207,46.59,30180
Carbon Steel,101.6,3.05,8.966,65.168,40.44,84433
Stainless Steel 316,101.6,2.11,3.015,15.658,28.64,91232
PVC,50.8,3.91,3.032,2.464,12.63,8101
Stainless Steel 316,76.2,2.11,6.042,23.62,36.82,136182
Carbon Steel,203.2,7.04,12.024,405.011,68.17,497627
Stainless Steel 316,38.1,3.56,11.971,36.699,66.69,213656
Galvanized Steel,25.4,3.38,2.993,5.386,19.74,12344
Stainless Steel 304,25.4,1.65,3.048,3.033,21.76,16968
Stainless Steel 304,38.1,1.65,11.996,18.31,61.99,93251
HDPE,38.1,2.77,5.992,1.741,21.06,6451
PVC,38.1,1.65,11.961,3.156,31.13,12618
Carbon Steel,25.4,2.77,2.971,4.574,16.95,8716
Galvanized Steel,38.1,2.77,3.019,7.217,21.14,15124
Stainless Steel 316,38.1,2.77,8.98,22.208,53.45,132289
Carbon Steel,101.6,2.11,12.009,62.022,53.89,84095
PVC,50.8,3.91,11.958,9.473,35.27,27963
HDPE,76.2,5.16,9.04,9.829,32.32,23626
Copper,25.4,2.77,8.993,16.022,46.49,200799
PVC,25.4,3.38,3.042,1.01,14.13,4826
Stainless Steel 316,38.1,2.77,8.987,22.29,56.52,133072
Stainless Steel 316,25.4,2.77,6.025,9.47,35.87,58201
Stainless Steel 316,203.2,3.96,2.98,58.706,42.57,331283
Stainless Steel 316,25.4,3.38,2.993,5.6,25.43,35100
Carbon Steel,76.2,5.16,6.028,54.676,37.67,73247
Copper,50.8,3.91,2.966,15.548,23.97,190989
Carbon Steel,25.4,1.65,6.026,5.771,26.74,10835
Carbon Steel,203.2,3.96,9.05,176.153,48.8,220414
Stainless Steel 316,50.8,2.77,6.014,20.593,41.09,120996
HDPE,152.4,6.35,11.985,32.91,48.05,67783
Galvanized Steel,25.4,3.38,12.034,21.792,57.64,44018
PVC,50.8,3.91,6.046,4.967,21.22,14411
Galvanized Steel,101.6,5.74,9.048,122.054,52.52,193389
Stainless Steel 316,25.4,3.38,8.957,17.114,60.16,105145
Carbon Steel,152.4,6.35,9.011,207.393,52.47,258208
Copper,101.6,2.11,11.98,70.766,64.98,861128
PVC,38.1,3.56,5.97,3.198,19.73,10413
Carbon Steel,50.8,1.65,3.026,6.071,16.33,9906
Stainless Steel 304,50.8,3.91,11.991,56.405,64.79,264859
Stainless Steel 304,25.4,3.38,11.967,22.333,67.96,112315
Stainless Steel 316,76.2,5.16,12.015,109.986,76.6,618702
Copper,203.2,7.04,11.953,468.559,81.97,5636321
HDPE,25.4,3.38,2.965,0.665,13.9,3489
Stainless Steel 304,25.4,3.38,8.987,16.834,49.51,84352
Stainless Steel 304,50.8,2.77,3.006,10.067,23.0,48542
HDPE,25.4,2.77,9.038,1.694,26.17,8157
Stainless Steel 304,38.1,2.77,9.006,21.766,46.62,106634
HDPE,38.1,1.65,6.011,1.081,18.6,5666
PVC,304.8,4.78,3.003,18.84,25.26,46774
Stainless Steel 316,25.4,1.65,11.955,11.764,64.31,76572
PVC,38.1,1.65,11.954,3.166,33.9,13805
Stainless Steel 304,203.2,7.04,8.973,308.666,69.73,1402092
HDPE,101.6,2.11,2.982,1.871,14.33,6276
PVC,25.4,2.77,2.985,0.828,11.5,4096
Carbon Steel,76.2,2.11,11.99,46.12,51.34,64981
Copper,38.1,2.77,5.993,16.468,36.58,204767
Carbon Steel,38.1,2.77,9.022,21.558,39.37,33455
Carbon Steel,38.1,1.65,2.994,4.473,15.24,7362
PVC,38.1,3.56,3.003,1.615,13.22,6370
Stainless Steel 316,76.2,5.16,11.977,111.293,81.19,626015
Carbon Steel,152.4,6.35,2.971,68.349,29.22,88345
Carbon Steel,50.8,1.65,8.96,18.352,35.55,28363
Carbon Steel,25.4,1.65,6.041,5.807,25.4,11171
HDPE,101.6,3.05,9.03,8.017,29.33,20324
Carbon Steel,76.2,5.16,5.955,52.688,35.49,69917
Copper,38.1,3.56,6.031,20.673,37.38,255053
Stainless Steel 304,101.6,3.05,9.036,67.121,54.16,311754
Carbon Steel,76.2,3.05,3.004,16.44,21.7,23646
Stainless Steel 316,152.4,6.35,3.006,71.48,44.22,400548
Carbon Steel,76.2,2.11,8.985,34.711,38.58,47992
PVC,254.0,4.78,11.999,62.381,42.62,145057
Carbon Steel,76.2,5.16,6.031,54.097,33.4,71259
Carbon Steel,25.4,2.77,11.996,18.524,51.62,31320
Stainless Steel 316,25.4,2.77,8.986,13.934,50.43,86224
HDPE,50.8,3.91,9.043,4.981,31.21,14558
Carbon Steel,25.4,1.65,12.033,11.411,52.66,22871
Copper,38.1,2.77,12.036,32.97,56.03,405387
Stainless Steel 304,76.2,5.16,3.011,27.319,31.34,127977
Galvanized Steel,38.1,3.56,8.988,26.948,39.58,47634
PVC,25.4,3.38,9.032,2.957,27.51,11914
Stainless Steel 304,152.4,3.4,9.004,115.015,57.26,527313
Stainless Steel 304,38.1,2.77,2.966,7.188,22.97,35992
Carbon Steel,38.1,1.65,5.974,8.92,25.45,15853
Stainless Steel 316,203.2,2.77,9.012,125.941,68.92,705084
Stainless Steel 304,152.4,6.35,6.021,139.07,56.85,635519
Carbon Steel,25.4,1.65,3.031,2.897,15.23,5966
Stainless Steel 304,152.4,2.77,9.006,93.76,58.59,432733
Carbon Steel,304.8,4.78,8.968,318.242,57.33,391641
Stainless Steel 316,25.4,1.65,11.992,11.849,65.35,77237
Stainless Steel 304,50.8,2.77,5.987,20.038,38.73,95717
Stainless Steel 316,38.1,1.65,5.998,9.162,38.0,56816
Galvanized Steel,152.4,2.77,8.97,92.238,47.82,146017
HDPE,101.6,5.74,8.958,14.733,34.66,32852
Stainless Steel 304,76.2,2.11,2.983,11.792,23.96,57673
Galvanized Steel,152.4,2.77,11.992,122.925,63.53,196425
Stainless Steel 304,25.4,3.38,2.977,5.598,23.78,29451
Stainless Steel 304,101.6,5.74,2.951,40.058,34.49,185226
Copper,25.4,2.77,6.035,10.586,32.52,132906
Stainless Steel 304,25.4,1.65,5.961,6.043,36.11,33720
Carbon Steel,38.1,1.65,9.026,13.409,38.46,23798
Carbon Steel,101.6,3.05,12.042,88.552,56.5,116353
Carbon Steel,152.4,6.35,8.981,204.819,57.42,256515
HDPE,50.8,2.77,3.047,1.197,12.58,4903
Stainless Steel 304,38.1,1.65,6.017,9.163,35.02,47309
Carbon Steel,152.4,3.4,3.007,37.274,25.29,49233
HDPE,50.8,1.65,12.033,2.905,34.66,11188
Stainless Steel 304,50.8,1.65,3.039,6.196,22.63,32070
Stainless Steel 304,152.4,2.77,12.01,124.869,65.44,572816
Carbon Steel,50.8,2.77,6.024,19.549,29.08,28438
Stainless Steel 304,76.2,5.16,3.032,27.577,30.12,129871
Carbon Steel,38.1,3.56,6.039,18.118,28.75,26512
HDPE,76.2,2.11,5.985,2.87,21.28,8411
HDPE,25.4,3.38,9.013,1.987,27.77,8095
Stainless Steel 316,101.6,5.74,11.979,166.166,82.06,929100
Carbon Steel,38.1,2.77,6.001,14.562,26.81,22650
Carbon Steel,38.1,1.65,8.965,13.246,37.48,22519
Stainless Steel 316,25.4,3.38,5.979,11.327,37.66,69362
Stainless Steel 304,38.1,1.65,6.011,8.839,32.26,46497
PVC,38.1,2.77,8.956,3.86,27.95,13578
Stainless Steel 316,50.8,3.91,3.031,14.17,28.01,82430
Copper,152.4,3.4,8.981,126.824,63.06,1533327
Carbon Steel,76.2,2.11,11.977,45.507,48.13,63556
Copper,25.4,3.38,5.962,12.592,34.89,156768
Galvanized Steel,38.1,3.56,5.954,17.924,29.69,32998
Galvanized Steel,76.2,5.16,8.959,79.594,48.1,129123
Copper,50.8,1.65,11.973,27.136,53.3,334693
Carbon Steel,152.4,3.4,8.991,111.377,44.08,141553
Carbon Steel,152.4,2.77,2.979,30.46,26.08,41745
PVC,50.8,3.91,6.0,4.814,21.65,15716
Stainless Steel 316,25.4,3.38,12.023,22.537,72.43,137065
Galvanized Steel,50.8,1.65,11.972,23.643,50.52,43959
Carbon Steel,203.2,7.04,6.017,206.842,45.77,256974
HDPE,25.4,1.65,3.02,0.353,10.61,2930
Stainless Steel 316,76.2,2.11,6.023,23.587,39.76,136730
Stainless Steel 316,25.4,2.77,3.01,4.658,24.01,29857
Stainless Steel 316,25.4,1.65,2.993,2.959,20.14,20359
Stainless Steel 316,38.1,1.65,6.041,9.136,39.03,56921
Galvanized Steel,38.1,3.56,11.972,35.856,54.2,62963
Carbon Steel,203.2,7.04,6.008,204.162,45.86,252960
HDPE,38.1,2.77,9.042,2.644,27.33,10553
PVC,152.4,3.4,5.999,13.412,24.69,33458
Stainless Steel 316,76.2,2.11,2.955,11.615,23.21,67314
HDPE,203.2,2.77,9.002,14.774,30.4,31729
Carbon Steel,50.8,3.91,6.006,26.95,31.89,38023
Galvanized Steel,38.1,3.56,8.962,26.693,47.57,49424
HDPE,25.4,1.65,2.972,0.348,10.2,3069
Copper,50.8,1.65,3.023,6.908,19.96,86416
Carbon Steel,254.0,3.4,8.983,190.24,55.32,237588
Copper,304.8,9.53,8.997,717.956,80.87,8630768
Stainless Steel 304,50.8,2.77,6.023,20.103,39.71,96656
Copper,254.0,8.56,8.969,525.96,79.85,6325887
HDPE,101.6,2.11,2.997,1.877,12.87,5895
Carbon Steel,25.4,1.65,12.026,11.467,46.39,21098
Copper,203.2,2.77,9.031,141.624,56.96,1710510
PVC,50.8,3.91,11.976,9.645,36.23,27239
Copper,50.8,2.77,9.012,33.65,45.2,411777
Carbon Steel,38.1,2.77,3.004,7.164,17.3,11348
HDPE,254.0,8.56,3.019,18.973,28.09,39729
Carbon Steel,76.2,2.11,11.979,46.458,51.28,64193
PVC,25.4,1.65,8.967,1.551,23.92,7431
Stainless Steel 304,76.2,2.11,12.046,46.46,69.46,221177
Carbon Steel,50.8,1.65,5.983,11.752,26.47,19373
Carbon Steel,50.8,2.77,12.048,39.825,49.31,57246
Copper,76.2,3.05,12.026,75.704,58.52,918809
Carbon Steel,25.4,3.38,2.979,5.44,17.48,10081
Stainless Steel 304,101.6,5.74,8.968,123.477,59.84,566638
Carbon Steel,25.4,2.77,2.958,4.539,19.0,9148
Galvanized Steel,152.4,6.35,3.044,70.466,32.81,111985
Stainless Steel 316,76.2,2.11,8.98,34.81,53.24,201293
Stainless Steel 304,76.2,5.16,5.958,54.427,45.55,252553
Stainless Steel 316,101.6,3.05,8.997,67.679,56.51,383189
HDPE,101.6,5.74,9.049,15.003,31.47,32793
HDPE,50.8,2.77,12.027,4.828,36.21,15130
PVC,76.2,3.05,5.954,5.897,21.24,16650
Stainless Steel 304,38.1,3.56,9.05,27.644,55.19,133818
PVC,76.2,2.11,2.988,2.035,14.12,8125
Carbon Steel,76.2,3.05,5.972,32.926,30.59,45424
PVC,25.4,2.77,6.03,1.665,18.15,6515
Copper,152.4,6.35,9.017,237.27,65.32,2858417
PVC,76.2,3.05,11.977,11.945,37.58,32955
Stainless Steel 304,304.8,9.53,12.0,865.076,99.21,3910634
Carbon Steel,25.4,3.38,9.006,16.604,39.91,27294
Galvanized Steel,203.2,3.96,11.999,230.019,67.01,356705
Stainless Steel 316,76.2,2.11,9.011,36.222,52.17,208356
PVC,38.1,1.65,12.036,3.176,32.86,13039
Carbon Steel,203.2,2.77,12.034,163.81,57.33,206379
Carbon Steel,25.4,3.38,11.966,21.774,48.25,35515
PVC,25.4,2.77,9.027,2.48,26.25,10503
Stainless Steel 304,50.8,2.77,5.988,20.066,36.01,96118
Carbon Steel,25.4,2.77,9.018,14.047,37.73,23315
PVC,101.6,2.11,8.953,8.143,29.15,22607
Stainless Steel 304,25.4,3.38,5.989,11.051,36.22,55363
Copper,25.4,2.77,5.99,10.548,31.75,131748
Stainless Steel 304,50.8,1.65,8.995,18.547,46.44,92477
Carbon Steel,38.1,2.77,8.983,21.796,35.33,32525
Stainless Steel 304,38.1,2.77,9.014,22.416,49.45,109644
Galvanized Steel,101.6,2.11,3.009,15.4,22.14,27056
Stainless Steel 304,101.6,3.05,12.04,90.645,66.85,419843
Copper,101.6,5.74,12.003,184.389,69.82,2225738
Carbon Steel,152.4,2.77,2.952,30.259,23.35,40105
Carbon Steel,254.0,8.56,3.01,157.042,42.26,195654
Carbon Steel,101.6,2.11,5.96,31.275,30.02,42764
Stainless Steel 316,76.2,3.05,8.99,50.368,58.45,287114
Stainless Steel 304,203.2,7.04,11.997,411.908,80.62,1867126
Copper,50.8,3.91,3.0,15.502,25.32,190472
Stainless Steel 304,50.8,2.77,8.959,30.059,53.24,144396
Carbon Steel,38.1,1.65,9.032,13.402,35.21,22691
Stainless Steel 304,50.8,2.77,12.033,40.572,63.41,194262
Carbon Steel,38.1,3.56,2.992,9.012,21.17,14490
Carbon Steel,25.4,3.38,9.049,16.502,42.34,27640
PVC,38.1,3.56,9.05,4.896,29.26,16049
Carbon Steel,101.6,2.11,9.019,46.43,41.04,62810
Copper,101.6,2.11,11.957,71.99,62.5,875383
HDPE,101.6,2.11,8.97,5.559,28.79,14805
Carbon Steel,101.6,3.05,12.013,88.58,54.87,115202
Carbon Steel,38.1,3.56,5.981,18.376,30.72,28093
Carbon Steel,25.4,1.65,8.975,8.758,33.77,16145
Copper,38.1,2.77,2.987,8.269,20.96,102174
Stainless Steel 304,152.4,3.4,11.959,154.127,72.39,706986
Stainless Steel 304,38.1,1.65,11.972,18.253,62.19,94209
Stainless Steel 304,76.2,2.11,2.952,11.483,23.4,56079
Stainless Steel 304,152.4,6.35,9.043,212.559,65.99,969587
Carbon Steel,101.6,3.05,11.984,88.928,49.7,115999
Carbon Steel,38.1,2.77,11.965,29.147,49.88,44318
Stainless Steel 304,38.1,2.77,5.989,14.783,35.51,73143
PVC,50.8,1.65,11.999,4.308,37.07,16506
Stainless Steel 304,38.1,3.56,12.013,36.832,65.58,177559
Stainless Steel 304,203.2,2.77,8.97,126.476,54.94,579084
Galvanized Steel,101.6,3.05,6.038,44.993,34.61,74071
Carbon Steel,152.4,3.4,2.991,37.541,25.48,49616
Stainless Steel 304,38.1,3.56,9.015,27.543,55.74,133798
Stainless Steel 304,38.1,2.77,12.037,30.253,69.75,148908
Carbon Steel,203.2,7.04,9.039,306.51,55.62,378681
Carbon Steel,101.6,5.74,9.007,120.994,46.15,154001
Stainless Steel 304,38.1,3.56,11.953,36.732,66.54,177755
Carbon Steel,38.1,1.65,3.009,4.436,14.4,7670
HDPE,50.8,3.91,2.966,1.636,14.87,5035
Galvanized Steel,152.4,6.35,3.004,68.838,33.64,109154
Stainless Steel 316,25.4,3.38,5.992,11.185,41.05,68917
Carbon Steel,38.1,2.77,12.011,28.948,53.85,44756
Stainless Steel 316,25.4,3.38,8.994,16.594,56.78,101648
PVC,203.2,7.04,8.996,54.922,41.99,128136
Stainless Steel 304,38.1,3.56,3.013,9.216,24.72,45975
PVC,76.2,3.05,5.957,5.804,23.04,16862
HDPE,38.1,1.65,8.967,1.619,25.89,8052
Carbon Steel,38.1,3.56,6.046,18.147,28.95,26777
Stainless Steel 304,152.4,6.35,11.985,282.144,81.31,1284385
Carbon Steel,76.2,3.05,8.991,49.253,41.0,66570
Stainless Steel 316,25.4,2.77,11.966,18.654,66.78,114309
Stainless Steel 304,38.1,2.77,3.011,7.411,24.62,37742
HDPE,25.4,1.65,5.983,0.694,16.47,3767
Carbon Steel,38.1,1.65,6.013,8.989,25.68,15154
HDPE,101.6,2.11,11.995,7.442,35.96,19861
Carbon Steel,25.4,2.77,12.028,18.605,47.24,30332
PVC,25.4,1.65,6.006,1.031,16.57,4947
Copper,203.2,3.96,2.989,66.92,33.5,808647
HDPE,50.8,2.77,11.961,4.756,34.57,14874
Stainless Steel 304,101.6,3.05,3.015,22.559,26.52,106176
Stainless Steel 316,25.4,3.38,8.99,16.651,52.04,101513
Stainless Steel 316,76.2,2.11,6.011,23.816,41.8,138437
PVC,25.4,3.38,3.044,1.004,13.36,4103
Copper,101.6,5.74,2.989,46.656,31.54,565862
PVC,152.4,3.4,5.96,13.225,24.14,33301
Stainless Steel 304,50.8,1.65,5.99,12.139,34.01,60522
PVC,25.4,1.65,9.002,1.544,22.6,7791
PVC,50.8,3.91,11.977,9.638,37.35,26951
Carbon Steel,25.4,3.38,12.035,21.907,50.23,35369
Stainless Steel 304,38.1,2.77,2.993,7.358,24.29,37836
PVC,101.6,5.74,3.022,7.342,17.86,18422
Carbon Steel,25.4,1.65,3.04,2.924,15.33,6536
Carbon Steel,38.1,1.65,5.958,8.905,24.69,15604
Stainless Steel 304,50.8,2.77,6.024,20.238,36.97,97927
PVC,25.4,3.38,5.98,1.977,21.42,8879
Carbon Steel,101.6,2.11,9.035,46.559,42.43,63287
HDPE,25.4,2.77,12.032,2.253,33.39,10013
PVC,254.0,4.78,2.972,15.59,22.82,38570
Stainless Steel 304,101.6,3.05,5.984,44.539,43.04,209172
Carbon Steel,38.1,2.77,2.965,7.137,17.2,11628
Stainless Steel 304,101.6,2.11,2.966,15.487,25.24,74861
Stainless Steel 304,76.2,3.05,2.956,16.703,27.49,79238
Carbon Steel,25.4,2.77,2.971,4.637,15.94,8178
Stainless Steel 304,50.8,3.91,9.022,41.407,54.5,196513
Stainless Steel 304,203.2,7.04,5.979,205.506,64.82,936547
Carbon Steel,38.1,3.56,12.042,36.129,46.84,51977
PVC,50.8,3.91,11.995,9.55,34.51,26737
HDPE,50.8,1.65,3.01,0.723,11.05,2025
Carbon Steel,25.4,1.65,3.032,2.947,14.86,6497
Stainless Steel 316,152.4,2.77,12.03,126.733,78.86,710770
Stainless Steel 316,76.2,3.05,12.03,67.462,71.08,384655
HDPE,76.2,3.05,9.004,6.019,31.45,16899
PVC,50.8,1.65,12.009,4.307,35.07,15663
Carbon Steel,76.2,3.05,9.004,49.144,42.5,66244
Stainless Steel 316,50.8,3.91,2.961,13.702,27.97,81110
Carbon Steel,101.6,5.74,3.024,40.484,27.53,53617
Carbon Steel,25.4,1.65,3.004,2.882,15.42,5243
Stainless Steel 316,76.2,5.16,8.997,82.813,54.46,466002
Copper,76.2,5.16,3.01,30.341,31.1,370618
Carbon Steel,304.8,3.4,2.99,75.302,34.74,96296
Carbon Steel,38.1,1.65,8.995,13.454,37.22,22807
Carbon Steel,50.8,1.65,8.96,17.968,38.96,28621
Stainless Steel 316,101.6,2.11,11.959,63.949,76.01,364906
Galvanized Steel,304.8,9.53,8.969,610.15,71.21,928428
Carbon Steel,38.1,2.77,3.017,7.384,18.05,11611
Stainless Steel 304,50.8,1.65,5.964,12.061,36.75,60380
Stainless Steel 304,38.1,2.77,2.955,7.2,21.71,35841
PVC,25.4,2.77,12.019,3.305,33.53,12526
Galvanized Steel,50.8,2.77,6.02,19.756,28.32,34972
Carbon Steel,76.2,3.05,3.019,16.454,20.17,24114
Stainless Steel 304,50.8,1.65,2.958,5.985,19.49,30519
Stainless Steel 304,76.2,3.05,12.011,68.108,66.4,319189
Carbon Steel,25.4,1.65,6.013,5.759,24.08,10787
Stainless Steel 316,25.4,1.65,5.984,5.917,38.94,39345
Carbon Steel,25.4,3.38,6.0,11.111,30.21,18773
Carbon Steel,38.1,1.65,3.029,4.537,16.34,8922
Stainless Steel 316,38.1,1.65,6.021,9.121,34.53,56748
Carbon Steel,38.1,3.56,2.968,9.195,18.87,14594
Copper,76.2,2.11,8.976,39.686,50.1,485132
Stainless Steel 304,152.4,2.77,11.986,125.433,64.92,576180
Stainless Steel 316,38.1,2.77,2.996,7.311,27.16,45066
Stainless Steel 316,38.1,2.77,6.014,14.958,42.97,89377
Stainless Steel 304,76.2,2.11,8.993,35.717,54.94,170181
Carbon Steel,25.4,3.38,11.967,21.642,47.77,34227
Stainless Steel 316,76.2,2.11,11.958,47.511,68.26,273704
Carbon Steel,25.4,3.38,5.958,11.137,28.89,19166
Carbon Steel,152.4,6.35,2.99,68.574,31.25,87792
PVC,25.4,2.77,2.979,0.824,11.47,4105
Galvanized Steel,76.2,5.16,3.022,27.191,30.17,46231
Galvanized Steel,101.6,5.74,2.998,40.467,30.64,66361
Carbon Steel,101.6,5.74,2.993,40.412,24.76,52579
Copper,50.8,3.91,12.01,61.402,68.57,749660
Stainless Steel 316,50.8,2.77,2.951,9.861,25.83,58827
Carbon Steel,101.6,2.11,2.96,15.066,20.17,22339
PVC,304.8,3.4,11.997,54.759,45.58,129334
Carbon Steel,152.4,2.77,5.967,60.014,33.41,78209
Carbon Steel,25.4,1.65,5.981,5.732,24.78,10396
PVC,76.2,5.16,9.02,14.776,34.28,39193
Stainless Steel 316,38.1,2.77,9.036,22.133,51.05,131748
Carbon Steel,76.2,5.16,11.997,109.193,61.31,141974
Carbon Steel,25.4,3.38,2.987,5.478,18.66,9964
Carbon Steel,50.8,1.65,3.007,6.085,15.63,9617
Galvanized Steel,76.2,3.05,12.035,66.095,55.44,109225
Stainless Steel 316,101.6,5.74,12.047,170.182,85.85,951849
Carbon Steel,25.4,2.77,8.989,13.82,38.21,24092
Carbon Steel,76.2,5.16,3.035,27.636,24.17,38463
HDPE,25.4,2.77,2.986,0.551,12.66,3238
Carbon Steel,76.2,3.05,2.975,16.209,20.22,23378
Galvanized Steel,50.8,2.77,3.046,9.979,20.53,18015
Carbon Steel,76.2,5.16,5.965,52.931,34.44,69448
HDPE,25.4,3.38,5.978,1.352,21.14,6250
Carbon Steel,101.6,3.05,9.043,67.858,38.44,88749
HDPE,304.8,4.78,8.98,38.444,40.52,76607
Copper,152.4,2.77,2.962,34.47,27.24,418004
PVC,152.4,3.4,8.997,20.32,31.02,50099
Stainless Steel 304,101.6,3.05,6.022,45.258,41.52,210776
Stainless Steel 316,101.6,3.05,6.01,45.716,47.57,260421
Carbon Steel,152.4,3.4,6.002,73.881,34.9,94509
Stainless Steel 304,25.4,2.77,6.017,9.431,37.21,48422
Stainless Steel 316,38.1,1.65,3.041,4.685,20.99,28942
PVC,25.4,2.77,11.993,3.285,35.67,12768
Stainless Steel 304,50.8,3.91,9.038,41.732,55.1,198670
Stainless Steel 316,101.6,2.11,2.961,15.765,28.34,92161
HDPE,25.4,1.65,8.98,1.039,25.23,5823
Carbon Steel,101.6,3.05,8.987,66.335,40.48,87516
Galvanized Steel,25.4,1.65,12.036,11.499,49.61,26332
Carbon Steel,25.4,1.65,2.958,2.848,13.87,6066
Carbon Steel,101.6,3.05,3.02,22.037,21.44,30335
Carbon Steel,50.8,2.77,8.971,29.566,38.38,41820
PVC,38.1,1.65,9.02,2.417,27.0,10594
Carbon Steel,38.1,2.77,3.015,7.252,17.8,11940
PVC,152.4,3.4,8.953,20.035,33.1,49276
Stainless Steel 304,152.4,6.35,11.96,275.767,79.77,1255589
Stainless Steel 316,25.4,1.65,9.025,8.908,51.93,58055
Stainless Steel 304,76.2,2.11,11.988,46.657,70.17,222315
Carbon Steel,38.1,3.56,5.991,18.307,29.95,27859
Carbon Steel,25.4,3.38,11.969,22.086,49.65,35520
Stainless Steel 316,25.4,3.38,2.975,5.598,26.14,35464
Stainless Steel 304,38.1,1.65,5.986,9.101,33.22,47256
HDPE,101.6,2.11,12.02,7.502,35.63,18476
Carbon Steel,50.8,1.65,9.023,18.086,39.05,29136
PVC,25.4,3.38,3.033,0.997,11.94,3856
Carbon Steel,25.4,1.65,11.952,11.586,45.16,21917
HDPE,203.2,2.77,8.964,15.077,33.49,33652
Carbon Steel,25.4,3.38,3.046,5.64,20.07,10747
Copper,152.4,2.77,2.956,34.819,28.44,422751
Stainless Steel 304,101.6,5.74,6.014,82.943,51.14,382851
PVC,304.8,3.4,5.966,27.2,28.97,64991
Stainless Steel 316,76.2,3.05,11.979,66.112,76.65,377625
Stainless Steel 316,25.4,1.65,5.985,5.817,36.98,38263
Stainless Steel 316,50.8,2.77,6.02,19.935,38.92,116872
Carbon Steel,76.2,3.05,5.962,32.73,29.87,45286
PVC,76.2,5.16,12.027,18.873,41.52,47975
Stainless Steel 316,38.1,1.65,6.018,9.294,36.7,57765
Carbon Steel,152.4,2.77,6.008,61.456,32.85,79876
Stainless Steel 304,152.4,3.4,8.989,114.185,54.09,524225
HDPE,25.4,2.77,9.02,1.677,26.69,7838
Carbon Steel,76.2,2.11,2.961,11.631,19.83,17837
Carbon Steel,25.4,2.77,6.008,9.315,27.82,15623
PVC,101.6,3.05,11.98,15.815,39.33,41890
HDPE,25.4,1.65,12.01,1.432,31.64,8494
Stainless Steel 304,50.8,3.91,11.953,54.79,68.66,258607
Copper,25.4,2.77,6.009,10.552,31.65,131460
Carbon Steel,101.6,2.11,8.986,46.678,38.33,62561
Carbon Steel,38.1,3.56,3.049,9.343,19.52,14516
Stainless Steel 304,203.2,2.77,12.028,169.896,73.59,777493
Copper,25.4,2.77,6.038,10.656,33.71,133536
HDPE,304.8,9.53,5.978,50.742,40.66,99050
Carbon Steel,25.4,1.65,9.0,8.737,35.0,17573
Carbon Steel,76.2,5.16,2.996,27.29,23.97,37509
Stainless Steel 304,50.8,1.65,3.015,6.068,21.22,30352
Stainless Steel 304,254.0,8.56,3.025,157.375,51.28,717484
Stainless Steel 316,304.8,3.4,12.015,310.824,86.61,1724768
Stainless Steel 304,50.8,2.77,12.025,39.685,65.77,190164
Stainless Steel 304,25.4,3.38,5.966,11.238,37.67,58077
Carbon Steel,76.2,3.05,6.026,33.41,31.44,45991
Stainless Steel 304,25.4,3.38,8.959,16.905,52.33,84970
Carbon Steel,254.0,3.4,12.011,257.006,60.61,319040
Carbon Steel,76.2,3.05,5.952,32.695,31.4,45295
Stainless Steel 316,76.2,3.05,6.0,33.579,43.52,192925
Carbon Steel,25.4,3.38,6.025,11.162,27.43,18727
Stainless Steel 316,76.2,3.05,12.024,67.738,73.95,386443
Carbon Steel,38.1,1.65,9.018,13.497,35.89,22438
HDPE,76.2,2.11,5.956,2.775,21.15,8581
HDPE,76.2,3.05,6.026,4.021,21.75,10697
PVC,38.1,1.65,3.049,0.802,11.97,4381
Carbon Steel,101.6,2.11,6.034,31.228,29.17,43050
PVC,152.4,2.77,3.015,5.535,15.7,15169
Stainless Steel 304,152.4,6.35,3.008,69.205,39.38,318877
Carbon Steel,25.4,2.77,12.013,18.682,49.4,32023
Stainless Steel 316,101.6,2.11,12.011,64.03,72.03,364740
Carbon Steel,101.6,2.11,9.048,46.432,41.39,61939
Carbon Steel,50.8,3.91,3.01,13.718,21.47,19902
Stainless Steel 316,76.2,3.05,6.009,33.424,46.04,191424
Carbon Steel,76.2,2.11,12.048,46.453,52.42,63767
Carbon Steel,25.4,1.65,3.02,2.903,14.63,6050
PVC,76.2,2.11,6.01,4.11,20.95,12304
Copper,76.2,5.16,5.982,63.534,42.32,770258
Carbon Steel,76.2,2.11,8.96,34.615,42.83,50155
Carbon Steel,38.1,2.77,12.035,28.873,46.07,42592
Stainless Steel 316,76.2,5.16,6.038,55.327,49.44,313065
PVC,38.1,1.65,3.015,0.786,10.64,3702
Carbon Steel,254.0,3.4,11.988,252.937,61.48,315087
Stainless Steel 316,101.6,5.74,9.04,126.834,59.66,708944
HDPE,101.6,2.11,8.974,5.619,29.29,14410
Stainless Steel 304,101.6,5.74,5.981,82.878,49.46,382042
PVC,50.8,1.65,2.98,1.057,11.08,4153
Carbon Steel,76.2,2.11,11.957,46.052,51.27,63639
Stainless Steel 304,50.8,1.65,9.03,18.241,48.79,91275
Carbon Steel,38.1,2.77,11.978,28.956,48.99,43842
PVC,38.1,3.56,11.968,6.553,31.22,19423
Carbon Steel,25.4,3.38,6.0,11.018,28.31,18796
Stainless Steel 304,304.8,9.53,2.98,209.241,52.7,951480
Carbon Steel,25.4,1.65,2.97,2.877,15.67,6537
PVC,76.2,3.05,11.956,11.696,34.08,31275
Carbon Steel,25.4,2.77,5.975,9.067,28.62,16180
Stainless Steel 304,25.4,2.77,8.964,14.165,48.46,72954
Carbon Steel,38.1,2.77,11.978,28.529,50.5,42725
PVC,25.4,2.77,2.975,0.827,11.73,3995
Galvanized Steel,101.6,3.05,9.034,67.91,50.73,110515
Carbon Steel,304.8,9.53,12.031,847.064,74.41,1030567
HDPE,25.4,3.38,9.004,1.965,25.96,7668
Carbon Steel,38.1,2.77,3.042,7.354,19.43,12135
Carbon Steel,76.2,5.16,9.037,82.958,43.97,108127
PVC,50.8,2.77,8.992,5.221,26.76,16255
Stainless Steel 304,25.4,1.65,3.01,2.941,19.62,17449
PVC,254.0,4.78,6.0,31.516,30.29,75155
Carbon Steel,203.2,7.04,9.036,304.292,56.24,375743
PVC,76.2,5.16,8.993,14.435,30.03,36815
Stainless Steel 304,25.4,3.38,9.009,16.843,52.39,85891
Copper,101.6,3.05,8.977,75.896,50.32,920147
Stainless Steel 316,101.6,2.11,2.965,15.645,26.73,91224
Copper,25.4,3.38,3.027,6.409,22.72,80518
Carbon Steel,38.1,3.56,9.013,27.198,41.76,40483
Carbon Steel,25.4,1.65,8.959,8.636,33.05,16956
Carbon Steel,101.6,5.74,11.985,160.812,56.22,203322
PVC,25.4,2.77,9.041,2.536,28.28,10920
Carbon Steel,50.8,3.91,8.999,41.231,44.35,57286
Carbon Steel,38.1,1.65,12.045,17.868,47.65,29946
Carbon Steel,76.2,2.11,9.036,34.784,37.13,48451
Stainless Steel 316,38.1,3.56,3.029,9.273,26.04,55601
Carbon Steel,50.8,3.91,12.031,54.206,49.64,73494
HDPE,50.8,2.77,12.049,4.755,34.87,15602
Stainless Steel 304,50.8,2.77,3.025,10.157,23.91,49830
PVC,152.4,3.4,9.048,20.078,30.02,49897
Carbon Steel,50.8,2.77,9.002,29.482,38.73,42746
HDPE,203.2,2.77,6.026,9.912,25.05,23143
Stainless Steel 304,25.4,3.38,3.023,5.699,24.16,29109
Carbon Steel,38.1,2.77,6.002,14.579,27.49,22783
Carbon Steel,50.8,3.91,6.022,26.766,33.62,38184
Stainless Steel 316,50.8,2.77,11.998,40.771,68.09,236822
PVC,152.4,6.35,12.036,48.409,44.06,114669
HDPE,50.8,2.77,6.017,2.369,18.71,6959
PVC,38.1,2.77,9.036,3.913,28.48,14059
Copper,76.2,5.16,9.031,92.275,53.5,1116767
Stainless Steel 304,50.8,3.91,8.968,41.171,58.16,195170
PVC,203.2,7.04,2.979,18.389,23.91,44638
Stainless Steel 304,152.4,6.35,8.998,211.035,64.74,960741
Stainless Steel 304,203.2,3.96,11.998,241.683,72.95,1100486
Copper,25.4,2.77,3.047,5.507,21.18,69903
Stainless Steel 304,50.8,1.65,12.04,24.863,61.64,122875
Carbon Steel,25.4,3.38,3.021,5.545,17.88,9691
Stainless Steel 316,38.1,3.56,5.954,18.409,39.86,109209
Carbon Steel,152.4,3.4,12.0,150.832,56.85,192032
Carbon Steel,101.6,2.11,12.04,61.521,52.67,83759
Carbon Steel,38.1,2.77,2.962,7.16,16.74,11157
Stainless Steel 316,38.1,3.56,9.003,27.62,60.88,162518
Carbon Steel,76.2,5.16,2.991,26.918,25.7,37101
Stainless Steel 316,50.8,1.65,3.043,6.211,24.39,39174
Stainless Steel 304,152.4,3.4,5.978,75.074,50.42,346923
Stainless Steel 304,38.1,1.65,6.029,9.016,31.14,46588
Stainless Steel 304,38.1,3.56,2.999,9.238,25.52,46512
Carbon Steel,76.2,3.05,9.036,49.29,42.19,66830
Carbon Steel,38.1,2.77,9.046,21.664,36.99,32264
Copper,152.4,6.35,5.991,155.961,48.67,1880982
Stainless Steel 316,50.8,2.77,11.96,39.81,70.77,231688
Carbon Steel,50.8,2.77,3.004,10.033,20.19,15509
Stainless Steel 316,25.4,3.38,2.976,5.625,25.07,35843
Carbon Steel,25.4,1.65,2.982,2.881,14.99,5410
Stainless Steel 316,25.4,1.65,5.956,5.87,32.73,37765
Carbon Steel,76.2,3.05,12.013,65.771,49.91,88010
Stainless Steel 304,38.1,2.77,5.997,14.537,33.87,72022
Carbon Steel,38.1,3.56,11.987,36.569,56.61,53930
Galvanized Steel,50.8,2.77,8.971,29.16,43.61,50714
Stainless Steel 304,50.8,3.91,8.983,41.652,52.34,196672
Carbon Steel,76.2,2.11,8.979,33.873,41.0,47472
Carbon Steel,76.2,3.05,9.012,49.082,41.53,66012
Carbon Steel,38.1,2.77,11.959,29.445,49.58,44413
Carbon Steel,152.4,6.35,3.01,69.502,29.45,88904
Carbon Steel,38.1,3.56,8.965,27.654,42.96,40360
HDPE,38.1,2.77,3.033,0.884,13.22,4762
Stainless Steel 304,101.6,3.05,12.011,92.279,72.28,428724
HDPE,203.2,3.96,8.973,21.583,33.68,44303
Stainless Steel 316,152.4,6.35,3.017,70.421,39.96,395223
Stainless Steel 316,38.1,2.77,6.03,14.728,42.51,88741
Carbon Steel,25.4,1.65,5.99,5.776,26.09,11500
Carbon Steel,38.1,3.56,5.973,17.812,27.48,25954
Galvanized Steel,50.8,2.77,8.978,29.496,46.48,52823
Stainless Steel 304,50.8,2.77,2.982,9.844,24.03,48959
Carbon Steel,25.4,3.38,2.963,5.434,18.09,8920
Copper,25.4,3.38,3.022,6.407,23.36,80809
Galvanized Steel,76.2,5.16,6.029,54.038,37.75,88473
Carbon Steel,25.4,2.77,11.95,18.699,50.82,30785
Copper,38.1,3.56,11.975,41.482,62.22,509421
Stainless Steel 316,25.4,1.65,3.002,2.976,20.73,20088
Stainless Steel 304,101.6,5.74,8.983,125.781,56.86,576943
PVC,25.4,2.77,5.993,1.655,20.37,6133
Stainless Steel 316,101.6,3.05,3.017,22.528,31.15,129585
Stainless Steel 304,152.4,2.77,6.009,63.649,48.49,294832
Stainless Steel 316,76.2,3.05,8.953,49.292,53.06,281168
Stainless Steel 304,50.8,2.77,11.999,40.065,65.04,191631
Stainless Steel 304,25.4,1.65,11.97,11.709,61.49,63973
Stainless Steel 304,152.4,3.4,3.008,38.378,32.07,178723
Carbon Steel,38.1,1.65,9.007,13.322,38.24,22823
Carbon Steel,76.2,2.11,12.036,46.29,53.78,65777
Carbon Steel,25.4,1.65,8.964,8.724,36.07,16945
HDPE,76.2,5.16,8.976,9.932,35.81,23787
Stainless Steel 304,50.8,3.91,9.036,41.376,55.33,196449
Carbon Steel,25.4,2.77,8.991,13.893,40.93,23625
Carbon Steel,50.8,1.65,11.96,23.852,47.86,35987
Carbon Steel,76.2,3.05,5.967,32.917,32.45,45660
HDPE,76.2,2.11,8.965,4.207,24.96,12593
Stainless Steel 316,50.8,1.65,6.017,12.371,37.08,74431
Stainless Steel 304,101.6,5.74,5.981,83.238,44.66,382386
Stainless Steel 304,25.4,3.38,8.991,16.604,53.01,85117
Carbon Steel,50.8,2.77,12.033,39.983,52.51,57457
Carbon Steel,76.2,5.16,12.015,107.935,57.87,140584
Carbon Steel,25.4,1.65,2.964,2.884,13.51,6722
Stainless Steel 304,38.1,3.56,8.998,27.649,56.8,134502
PVC,50.8,2.77,3.045,1.786,13.5,5749
HDPE,76.2,3.05,3.016,2.024,13.67,5806
Carbon Steel,76.2,5.16,6.013,54.271,34.18,70906
Carbon Steel,101.6,3.05,9.029,66.012,44.04,86888
Carbon Steel,76.2,2.11,8.96,34.674,40.26,47875
Stainless Steel 304,254.0,3.4,9.008,192.973,63.76,880373
Galvanized Steel,50.8,1.65,5.954,11.56,30.59,23750
PVC,25.4,2.77,9.018,2.46,26.44,9037
Stainless Steel 316,76.2,5.16,6.005,54.733,48.71,309950
Stainless Steel 304,101.6,2.11,9.028,47.379,53.78,222233
PVC,76.2,2.11,6.044,4.166,21.18,13514
HDPE,38.1,1.65,2.994,0.538,11.57,3132
Carbon Steel,76.2,5.16,9.014,80.862,41.85,104713
Carbon Steel,50.8,2.77,8.994,29.872,35.89,42399
Stainless Steel 316,101.6,5.74,8.959,125.927,63.78,703858
Galvanized Steel,76.2,2.11,6.041,23.099,33.5,40507
Stainless Steel 316,38.1,3.56,11.957,37.21,78.75,218367
Stainless Steel 316,101.6,5.74,12.037,167.51,85.24,936829
Stainless Steel 316,38.1,1.65,6.006,9.174,37.12,57596
Copper,38.1,1.65,6.015,10.301,33.66,129421
Galvanized Steel,25.4,2.77,8.988,13.752,39.77,27963
Carbon Steel,76.2,2.11,8.992,34.808,39.63,48864
Stainless Steel 304,152.4,2.77,9.041,93.407,53.94,429569
Stainless Steel 304,38.1,1.65,11.971,18.198,61.89,93505
Carbon Steel,25.4,1.65,2.964,2.831,15.18,5411
PVC,25.4,3.38,9.034,2.942,30.02,11702
PVC,25.4,1.65,11.957,2.077,35.3,11695
Stainless Steel 304,25.4,2.77,3.004,4.82,23.97,25871
Carbon Steel,76.2,2.11,5.956,23.055,30.34,31870
Carbon Steel,304.8,9.53,12.034,820.02,72.44,996030
PVC,38.1,2.77,6.01,2.631,21.88,9762
Stainless Steel 304,50.8,1.65,3.022,6.145,21.81,31502
Stainless Steel 304,101.6,5.74,2.992,41.458,36.07,194015
Carbon Steel,76.2,2.11,9.027,35.006,40.4,48799
Carbon Steel,25.4,1.65,9.017,8.758,34.98,17352
Stainless Steel 304,25.4,1.65,11.977,11.771,60.11,63301
Stainless Steel 316,50.8,1.65,6.027,12.547,33.53,75038
Stainless Steel 316,25.4,1.65,11.979,11.735,67.34,77482
Stainless Steel 304,76.2,3.05,2.981,16.985,27.52,82189
Stainless Steel 316,25.4,2.77,11.981,18.833,71.55,116985
PVC,203.2,2.77,9.006,22.038,33.14,54555
Carbon Steel,101.6,5.74,5.963,80.845,35.99,103510
Galvanized Steel,25.4,3.38,6.02,10.82,30.11,22047
HDPE,25.4,1.65,8.97,1.047,24.4,6335
PVC,50.8,3.91,11.953,9.507,36.37,27075
Stainless Steel 316,25.4,1.65,9.003,8.829,49.62,57105
PVC,152.4,6.35,6.003,23.94,31.94,58022
Carbon Steel,76.2,5.16,9.036,82.579,41.41,106161
Carbon Steel,38.1,3.56,3.025,9.123,21.7,15381
Stainless Steel 304,38.1,2.77,11.985,29.838,66.98,147406
Carbon Steel,152.4,3.4,8.982,111.702,50.9,143697
Stainless Steel 304,203.2,3.96,3.017,59.312,37.31,273458
Carbon Steel,254.0,8.56,6.032,310.559,49.53,381890
Stainless Steel 304,38.1,3.56,3.038,9.311,24.15,45356
HDPE,101.6,2.11,12.007,7.54,35.98,20604
Stainless Steel 316,101.6,3.05,8.953,67.396,60.62,381023
HDPE,50.8,3.91,5.982,3.318,23.09,9805
PVC,38.1,2.77,6.044,2.578,19.31,9365
HDPE,38.1,1.65,11.981,2.171,34.08,10637
Galvanized Steel,38.1,3.56,2.982,8.825,20.22,17333
Stainless Steel 316,38.1,3.56,5.982,18.285,38.84,106823
Stainless Steel 304,25.4,3.38,3.034,5.657,23.89,28630
Stainless Steel 316,203.2,7.04,6.019,207.881,58.21,1153498
Stainless Steel 316,152.4,2.77,2.971,30.641,32.53,174469
Carbon Steel,25.4,3.38,9.003,16.407,39.39,26259
PVC,76.2,2.11,3.013,2.053,11.46,6283
Carbon Steel,152.4,2.77,11.979,123.749,57.9,159496
HDPE,25.4,2.77,5.983,1.099,19.21,6225
Stainless Steel 304,25.4,1.65,12.024,11.809,55.98,62983
Stainless Steel 304,50.8,1.65,5.997,12.007,33.04,60798
Stainless Steel 316,25.4,1.65,11.99,11.642,64.84,75105
PVC,76.2,3.05,3.018,2.962,14.57,8877
Carbon Steel,76.2,2.11,6.043,23.183,29.13,33785
Stainless Steel 316,254.0,3.4,3.003,64.246,43.76,360550
PVC,76.2,2.11,2.958,2.029,13.42,5497
Stainless Steel 316,76.2,3.05,3.002,16.67,27.0,97180
Copper,25.4,3.38,5.959,12.281,34.0,154154
Carbon Steel,101.6,5.74,9.021,121.787,46.5,154082
Carbon Steel,25.4,2.77,11.988,18.389,45.52,29137
Stainless Steel 316,38.1,3.56,6.035,18.629,42.3,109303
Stainless Steel 316,76.2,3.05,12.014,67.314,71.71,382936
Stainless Steel 316,76.2,3.05,8.961,50.261,53.99,285796
Stainless Steel 316,152.4,6.35,3.016,69.423,39.8,389491
Stainless Steel 304,25.4,3.38,3.044,5.635,23.92,30227
PVC,38.1,3.56,5.958,3.248,20.33,10809
PVC,25.4,1.65,5.951,1.043,17.83,6139
Copper,50.8,1.65,2.995,6.765,19.15,84450
Stainless Steel 316,25.4,3.38,3.01,5.692,25.97,36506
Carbon Steel,25.4,3.38,12.02,22.136,54.23,35798
PVC,304.8,3.4,8.981,41.491,39.29,98053
Carbon Steel,50.8,1.65,11.957,24.007,41.52,36290
Galvanized Steel,254.0,4.78,9.002,260.821,58.08,400825
Carbon Steel,38.1,1.65,5.967,8.798,26.87,16299
Carbon Steel,76.2,5.16,5.968,54.059,35.99,71449
Stainless Steel 304,50.8,2.77,8.992,29.782,54.4,144166
Stainless Steel 304,203.2,3.96,8.954,177.48,63.38,809275
Carbon Steel,76.2,2.11,11.967,46.436,50.77,65228
Stainless Steel 304,76.2,5.16,5.997,54.736,44.67,255073
Carbon Steel,25.4,2.77,3.015,4.712,19.39,8475
Stainless Steel 316,152.4,3.4,8.976,114.251,61.25,639411
Carbon Steel,38.1,1.65,11.998,17.502,42.97,28312
Carbon Steel,50.8,3.91,6.023,27.003,33.63,38306
Carbon Steel,50.8,3.91,11.961,55.071,55.43,75542
Stainless Steel 316,152.4,3.4,2.977,37.871,35.96,214743
Stainless Steel 304,25.4,1.65,9.023,9.018,46.6,48238
Galvanized Steel,76.2,5.16,3.031,26.898,29.02,46073
Stainless Steel 304,101.6,2.11,9.027,46.973,55.09,221443
Carbon Steel,152.4,6.35,3.031,70.126,30.9,89822
Stainless Steel 316,101.6,5.74,5.952,83.036,52.91,464930
Carbon Steel,50.8,2.77,2.978,9.694,17.55,15054
Carbon Steel,203.2,3.96,8.963,171.277,51.85,214400
Carbon Steel,203.2,7.04,6.002,204.413,45.94,253071
Stainless Steel 304,254.0,8.56,2.961,154.302,50.67,704105
Stainless Steel 316,203.2,3.96,12.014,241.195,90.84,1342846
Carbon Steel,76.2,5.16,2.982,26.629,23.38,37827
Carbon Steel,38.1,3.56,6.026,18.602,29.74,28256
Stainless Steel 304,203.2,3.96,6.004,118.863,47.8,544126
PVC,38.1,2.77,9.017,3.834,26.63,13812
Galvanized Steel,76.2,5.16,8.986,81.101,49.41,130611
HDPE,152.4,6.35,12.014,33.568,41.61,67710
Carbon Steel,50.8,1.65,11.96,23.882,47.38,37923
Stainless Steel 316,25.4,2.77,6.0,9.391,41.6,58726
PVC,152.4,3.4,5.978,13.36,24.93,33019
Galvanized Steel,203.2,7.04,12.028,406.31,74.1,622537
Stainless Steel 304,25.4,2.77,12.034,19.102,60.25,96843
Carbon Steel,76.2,3.05,9.008,49.623,41.02,66943
PVC,203.2,3.96,6.017,21.066,26.04,50781
Stainless Steel 316,50.8,2.77,2.958,9.867,26.03,58994
Stainless Steel 304,304.8,9.53,5.983,416.949,70.74,1889322
Carbon Steel,50.8,1.65,3.01,6.047,18.4,10513
Stainless Steel 316,25.4,2.77,3.031,4.77,24.47,30335
Galvanized Steel,38.1,3.56,2.963,9.03,22.78,17607
PVC,50.8,1.65,6.032,2.131,19.77,9017
HDPE,203.2,3.96,11.967,28.03,43.21,58312
HDPE,50.8,3.91,2.973,1.639,14.49,5906
PVC,76.2,5.16,6.016,9.868,25.26,25892
Carbon Steel,25.4,2.77,9.023,14.03,41.36,25188
PVC,76.2,5.16,12.014,19.193,40.79,47996
Carbon Steel,152.4,6.35,11.957,272.869,58.35,337869
PVC,76.2,3.05,6.045,5.96,19.82,16712
Galvanized Steel,152.4,2.77,8.987,92.572,52.05,148313
Copper,203.2,7.04,12.023,465.42,78.77,5598780
PVC,152.4,2.77,5.978,10.845,23.16,27323
Carbon Steel,76.2,3.05,12.02,65.007,49.85,86960
Stainless Steel 304,50.8,3.91,8.972,41.373,56.36,196117
PVC,76.2,5.16,12.001,19.29,38.97,49425
Carbon Steel,25.4,1.65,12.024,11.378,47.65,21862
Stainless Steel 304,203.2,2.77,5.995,83.337,45.82,383144
Stainless Steel 304,38.1,1.65,9.012,13.615,46.67,69526
PVC,25.4,3.38,2.965,0.959,11.8,4460
Galvanized Steel,38.1,2.77,5.972,14.498,28.49,27425
Stainless Steel 304,25.4,2.77,11.983,19.061,60.05,96844
Stainless Steel 304,254.0,8.56,3.01,157.144,58.01,718102
HDPE,152.4,6.35,2.999,8.312,23.38,19028
Stainless Steel 316,25.4,2.77,8.986,14.351,54.97,88621
Carbon Steel,50.8,2.77,11.996,39.194,47.78,54527
HDPE,25.4,2.77,9.017,1.69,24.7,7420
Carbon Steel,25.4,1.65,6.023,5.791,25.95,11919
Carbon Steel,50.8,3.91,2.951,13.208,22.74,20448
Carbon Steel,38.1,1.65,5.96,8.807,24.23,14688
Galvanized Steel,38.1,3.56,2.962,8.985,20.14,17495
Stainless Steel 316,38.1,3.56,3.036,9.318,28.16,57119
Carbon Steel,50.8,2.77,8.997,29.916,38.47,43049
Carbon Steel,38.1,3.56,9.007,27.504,41.32,41273
Carbon Steel,50.8,1.65,2.958,5.975,17.4,10702
PVC,25.4,2.77,2.975,0.825,11.97,3387
Carbon Steel,76.2,2.11,3.018,11.732,18.46,18186
Carbon Steel,101.6,2.11,8.968,46.085,41.17,62752
Galvanized Steel,38.1,2.77,5.967,14.349,31.66,27621
Galvanized Steel,101.6,2.11,9.0,46.141,47.65,78053
PVC,38.1,1.65,9.001,2.397,26.03,9949
Stainless Steel 316,25.4,3.38,6.023,11.3,42.5,69579
HDPE,38.1,3.56,6.026,2.2,20.37,7559
Stainless Steel 316,25.4,2.77,6.028,9.594,36.49,59084
Carbon Steel,76.2,2.11,6.0,22.693,29.55,32276
Stainless Steel 316,203.2,3.96,9.026,176.96,72.64,986637
Carbon Steel,25.4,1.65,12.025,11.573,40.9,21537
Carbon Steel,76.2,3.05,11.97,65.203,49.62,87062
Carbon Steel,38.1,1.65,3.025,4.512,16.32,8814
Carbon Steel,25.4,1.65,12.044,11.576,47.96,22403
Carbon Steel,203.2,7.04,11.967,403.024,64.5,494186
Carbon Steel,152.4,3.4,3.029,37.333,25.6,49726
Copper,76.2,3.05,3.031,19.034,26.42,232791
Stainless Steel 304,25.4,3.38,2.973,5.521,24.65,28771
Stainless Steel 304,50.8,3.91,2.991,13.903,24.98,67324
Stainless Steel 304,38.1,3.56,12.012,36.638,61.66,177161
Carbon Steel,101.6,2.11,2.961,15.121,21.29,21891
HDPE,76.2,3.05,2.969,1.967,14.81,6350
Stainless Steel 316,101.6,3.05,3.022,23.087,29.59,132886
Carbon Steel,25.4,3.38,8.995,16.475,39.47,26518
Carbon Steel,76.2,3.05,5.991,33.207,35.02,46014
Carbon Steel,101.6,5.74,3.026,40.871,27.11,53538
Stainless Steel 304,152.4,2.77,6.037,63.699,44.93,296291
Carbon Steel,76.2,3.05,11.952,66.127,54.01,88891
Galvanized Steel,203.2,7.04,9.035,305.939,58.82,469831
Carbon Steel,25.4,2.77,9.015,14.194,41.93,24167
Carbon Steel,203.2,3.96,11.976,232.114,54.2,288319
Carbon Steel,50.8,3.91,3.021,13.624,20.02,20180
Stainless Steel 316,25.4,1.65,11.988,11.713,66.99,76899
Stainless Steel 316,25.4,3.38,8.959,16.769,57.2,102293
Carbon Steel,25.4,2.77,3.05,4.677,17.06,9227
Stainless Steel 304,203.2,3.96,5.979,121.87,51.79,557347
Stainless Steel 304,101.6,3.05,2.954,22.633,27.4,107347
Stainless Steel 304,203.2,3.96,11.98,239.156,72.5,1088691
Carbon Steel,50.8,2.77,8.951,29.445,39.55,42804
Stainless Steel 316,38.1,3.56,12.026,36.928,67.94,214587
Stainless Steel 304,50.8,2.77,5.972,20.2,38.92,97801
Galvanized Steel,50.8,2.77,12.032,40.02,57.11,69846
Carbon Steel,25.4,2.77,11.988,18.512,48.43,31309
HDPE,152.4,3.4,6.037,9.195,21.91,21550
PVC,38.1,2.77,11.993,5.112,33.36,17002
Copper,76.2,3.05,12.045,76.064,68.52,924600
Stainless Steel 316,152.4,3.4,6.01,76.483,49.18,429162
Stainless Steel 316,25.4,1.65,2.994,2.914,20.7,20279
Carbon Steel,76.2,2.11,9.004,35.045,40.66,49797
Stainless Steel 304,38.1,1.65,8.999,13.671,49.52,70288
Stainless Steel 304,25.4,3.38,2.995,5.602,25.06,29977
PVC,38.1,3.56,2.998,1.632,13.95,6978
Carbon Steel,25.4,1.65,6.002,5.805,25.78,11015
Stainless Steel 304,203.2,7.04,5.982,205.932,57.59,937789
Galvanized Steel,50.8,2.77,12.018,39.128,54.99,68608
HDPE,152.4,6.35,3.006,8.402,22.87,19487
Stainless Steel 304,50.8,2.77,8.984,29.845,50.43,144178
Stainless Steel 304,38.1,1.65,6.027,9.062,34.9,46950
Stainless Steel 316,76.2,3.05,11.995,66.93,64.81,379900
Stainless Steel 316,203.2,2.77,11.95,166.626,77.3,930684
Stainless Steel 304,38.1,2.77,5.988,14.975,34.84,73849
HDPE,76.2,5.16,3.0,3.274,16.05,8179
Copper,76.2,3.05,2.989,18.88,22.81,231290
Carbon Steel,254.0,4.78,12.031,344.898,59.56,424281
Stainless Steel 304,25.4,1.65,8.956,8.86,43.46,47561
Stainless Steel 316,50.8,2.77,9.009,30.38,57.65,177962
Carbon Steel,50.8,3.91,2.967,13.542,20.15,19299
Stainless Steel 304,101.6,3.05,3.005,23.043,29.14,108840
HDPE,50.8,2.77,12.037,4.823,35.23,14776
Galvanized Steel,50.8,1.65,8.969,17.999,41.52,34205
Carbon Steel,25.4,2.77,12.034,18.091,49.42,30877
HDPE,101.6,5.74,9.001,14.602,33.39,32368
Galvanized Steel,101.6,3.05,6.021,43.576,35.6,72149
Stainless Steel 304,76.2,3.05,6.041,34.093,42.26,161234
Carbon Steel,38.1,1.65,9.024,13.395,37.57,23488
PVC,38.1,1.65,11.975,3.208,33.55,12789
Carbon Steel,152.4,3.4,5.989,75.222,35.63,96242
Stainless Steel 304,38.1,3.56,5.986,18.595,37.29,90135
Carbon Steel,25.4,3.38,3.033,5.609,18.4,9226
Carbon Steel,50.8,1.65,9.041,17.871,39.79,28549
Carbon Steel,203.2,3.96,9.044,176.223,49.9,220459
PVC,25.4,1.65,2.965,0.511,11.49,3687
HDPE,152.4,3.4,8.991,13.699,32.65,30827
HDPE,304.8,4.78,5.987,25.916,32.24,52212
HDPE,50.8,1.65,11.971,2.907,35.23,11902
Carbon Steel,101.6,5.74,12.012,163.275,62.94,207176
Stainless Steel 316,76.2,3.05,2.967,16.642,29.54,96448
Carbon Steel,50.8,2.77,12.005,39.078,46.63,55451
Carbon Steel,50.8,2.77,12.013,39.282,48.97,54898
Stainless Steel 316,50.8,1.65,12.027,24.509,68.3,147015
Carbon Steel,38.1,3.56,5.967,18.206,28.26,27660
Stainless Steel 304,50.8,3.91,2.964,13.747,27.43,66388
PVC,25.4,1.65,12.012,2.059,31.55,9947
Galvanized Steel,38.1,1.65,2.968,4.374,18.3,9948
Copper,25.4,1.65,5.995,6.591,31.93,85329
Carbon Steel,25.4,2.77,3.043,4.761,16.18,9401
Copper,25.4,2.77,9.05,16.087,47.3,201180
PVC,76.2,2.11,2.972,2.022,13.26,6786
Stainless Steel 304,38.1,1.65,12.001,18.525,63.27,94793
PVC,254.0,8.56,12.031,110.106,48.89,250492
Stainless Steel 304,25.4,2.77,6.041,9.599,37.35,49098
Carbon Steel,38.1,1.65,6.015,8.798,24.07,14096
Stainless Steel 304,76.2,3.05,8.954,50.213,51.52,234591
Stainless Steel 304,25.4,3.38,11.972,22.133,68.61,111515
Stainless Steel 316,38.1,1.65,9.024,13.59,47.37,83575
Stainless Steel 316,38.1,3.56,8.999,27.825,58.19,163181
Stainless Steel 316,152.4,2.77,12.01,124.756,83.57,700623
PVC,50.8,1.65,9.018,3.225,26.64,12007
Stainless Steel 304,76.2,5.16,12.041,111.206,70.76,513483
PVC,25.4,1.65,2.965,0.517,11.3,3310
Carbon Steel,101.6,2.11,5.968,31.357,28.96,43160
Carbon Steel,38.1,1.65,3.035,4.552,16.12,10065
Stainless Steel 316,38.1,1.65,5.953,8.9,36.14,54407
Carbon Steel,152.4,2.77,8.976,91.227,46.4,118343
HDPE,101.6,3.05,11.958,10.782,32.49,25261
Stainless Steel 316,38.1,1.65,2.983,4.534,20.68,29140
Copper,101.6,2.11,8.956,53.19,48.8,647058
Carbon Steel,38.1,2.77,12.008,29.034,48.79,43752
Stainless Steel 304,76.2,5.16,5.957,55.104,47.6,256930
Copper,50.8,2.77,5.994,22.26,31.88,273161
Carbon Steel,152.4,6.35,3.026,68.217,30.12,87210
HDPE,76.2,3.05,5.977,3.926,20.37,12440
Stainless Steel 304,38.1,3.56,11.953,36.861,70.06,179302
Carbon Steel,25.4,1.65,12.009,11.744,52.35,23526
PVC,25.4,3.38,5.978,1.963,18.43,8044
Stainless Steel 316,76.2,5.16,5.962,55.886,48.34,315549
Carbon Steel,50.8,2.77,3.047,10.104,19.31,15489
Copper,38.1,1.65,3.027,5.131,17.48,64590
Carbon Steel,38.1,3.56,5.975,17.96,26.04,25570
Carbon Steel,76.2,5.16,8.965,81.696,47.86,106927
Stainless Steel 304,76.2,2.11,11.955,46.442,65.74,221542
PVC,25.4,2.77,3.03,0.821,12.89,4399
Stainless Steel 316,304.8,9.53,12.047,847.596,102.12,4679176
HDPE,50.8,2.77,9.034,3.565,26.11,10781
Stainless Steel 316,25.4,3.38,12.018,22.364,75.0,136490
Carbon Steel,38.1,1.65,9.04,13.578,35.82,23319
PVC,25.4,2.77,5.954,1.65,19.1,7326
Carbon Steel,304.8,3.4,12.028,303.713,66.74,376366
Stainless Steel 316,76.2,3.05,9.013,50.49,58.37,287808
PVC,25.4,1.65,11.977,2.058,31.93,10265
Carbon Steel,25.4,3.38,12.006,22.186,46.96,34903
HDPE,76.2,2.11,8.988,4.219,30.06,13034
Carbon Steel,304.8,4.78,5.987,208.574,37.76,257470
Carbon Steel,76.2,2.11,5.99,23.304,28.22,33750
HDPE,254.0,8.56,9.018,56.22,40.26,108551
Carbon Steel,304.8,9.53,3.007,207.664,46.38,256915
Stainless Steel 316,50.8,3.91,12.017,55.187,68.37,314962
Carbon Steel,38.1,2.77,8.978,21.326,39.55,33638
HDPE,101.6,3.05,11.962,10.614,36.96,25648
Carbon Steel,203.2,7.04,2.953,100.897,38.24,128156
PVC,50.8,3.91,3.036,2.437,13.91,8489
PVC,76.2,3.05,12.001,11.903,33.44,32046
Carbon Steel,50.8,3.91,9.002,40.906,40.96,56066
Stainless Steel 316,101.6,5.74,2.971,41.391,37.26,234922
Carbon Steel,50.8,2.77,12.047,39.431,48.17,55599
Copper,76.2,5.16,11.987,123.284,61.57,1490072
Stainless Steel 304,76.2,5.16,12.034,110.788,76.54,512721
PVC,25.4,1.65,8.96,1.565,24.65,8405
Stainless Steel 304,50.8,3.91,5.954,26.959,37.23,127923
HDPE,25.4,1.65,3.045,0.36,10.2,2033
Stainless Steel 316,203.2,2.77,3.042,42.809,39.11,242262
Copper,25.4,1.65,9.02,9.994,44.61,127609
HDPE,38.1,1.65,6.0,1.068,17.17,4834
Carbon Steel,76.2,5.16,2.981,27.0,25.65,36923
Galvanized Steel,38.1,2.77,5.981,14.466,32.26,27780
Carbon Steel,101.6,3.05,2.951,21.89,22.7,30336
Galvanized Steel,76.2,3.05,11.98,65.593,58.16,109055
Stainless Steel 304,101.6,5.74,12.024,164.036,81.98,753445
Stainless Steel 304,25.4,1.65,9.006,8.882,43.83,47753
Carbon Steel,38.1,2.77,8.991,21.526,39.18,32294
Galvanized Steel,38.1,2.77,2.997,7.25,20.69,14322
Copper,25.4,2.77,9.019,15.896,46.96,199252
Stainless Steel 304,101.6,3.05,5.959,44.386,41.7,207262
PVC,25.4,1.65,11.985,2.064,31.73,10045
PVC,50.8,1.65,11.97,4.341,32.61,15379
Stainless Steel 304,25.4,3.38,6.008,11.087,39.53,57376
PVC,25.4,2.77,12.045,3.288,33.2,13895
Carbon Steel,50.8,2.77,11.987,39.289,49.89,56383
HDPE,50.8,1.65,3.046,0.747,11.13,2612
PVC,101.6,5.74,5.986,14.391,27.3,37098
Stainless Steel 304,76.2,2.11,9.008,35.299,50.0,166916
Stainless Steel 304,50.8,3.91,11.961,55.939,71.3,265201
Copper,152.4,3.4,2.972,42.664,30.97,516693
HDPE,101.6,2.11,12.045,7.653,36.57,20435
Stainless Steel 304,25.4,3.38,6.049,11.131,39.49,56159
Stainless Steel 304,152.4,2.77,6.046,64.287,45.88,298026
PVC,25.4,3.38,12.049,3.882,36.41,15059
PVC,38.1,2.77,12.048,5.119,35.35,17318
HDPE,25.4,2.77,3.047,0.572,12.6,3259
Stainless Steel 304,50.8,1.65,9.022,18.156,53.08,91268
HDPE,76.2,5.16,6.04,6.6,25.72,16994
Galvanized Steel,152.4,6.35,5.959,135.879,41.79,210831
Carbon Steel,38.1,2.77,9.038,22.05,38.65,33789
Stainless Steel 304,50.8,2.77,6.017,19.822,37.26,95891
Carbon Steel,76.2,2.11,6.029,23.4,29.63,33154
HDPE,38.1,2.77,6.024,1.751,18.98,6429
PVC,101.6,3.05,3.006,3.907,15.03,11107
PVC,50.8,3.91,5.962,4.787,23.79,14901
Stainless Steel 316,50.8,3.91,5.956,27.352,41.91,157885
Carbon Steel,101.6,2.11,6.001,30.762,30.38,42689
Galvanized Steel,25.4,1.65,11.952,11.533,50.72,26639
Carbon Steel,38.1,3.56,5.988,18.006,31.07,26661
Carbon Steel,152.4,2.77,11.989,123.738,51.36,157704
Stainless Steel 304,152.4,3.4,6.033,76.087,45.89,350601
Stainless Steel 316,304.8,4.78,11.996,425.56,88.27,2356828
Carbon Steel,101.6,2.11,8.988,46.389,37.25,62020
Carbon Steel,25.4,3.38,3.043,5.542,19.04,9755
HDPE,254.0,3.4,3.036,7.816,21.83,18559
Stainless Steel 304,25.4,3.38,5.961,11.299,37.56,57897
Stainless Steel 304,203.2,2.77,8.992,124.785,58.66,571310
HDPE,25.4,1.65,12.021,1.382,31.11,8199
Carbon Steel,76.2,5.16,6.021,54.641,36.69,72515
Carbon Steel,76.2,5.16,9.045,81.235,46.43,106112
Stainless Steel 304,101.6,2.11,3.016,15.746,26.04,74896
Galvanized Steel,76.2,5.16,9.049,81.679,48.45,130315
Carbon Steel,25.4,1.65,3.037,2.944,14.48,6097
Copper,50.8,3.91,11.991,62.149,55.79,755454
Copper,38.1,1.65,5.98,10.361,30.72,129991
Carbon Steel,101.6,3.05,3.013,22.34,22.26,30530
HDPE,38.1,1.65,12.028,2.138,35.61,10261
Stainless Steel 304,50.8,1.65,8.967,18.435,45.26,91058
HDPE,50.8,1.65,12.024,2.973,32.02,10311
PVC,152.4,6.35,3.035,12.244,21.64,30969
Stainless Steel 304,25.4,2.77,11.978,18.838,63.19,96144
Stainless Steel 316,38.1,1.65,2.976,4.428,22.05,27968
Carbon Steel,38.1,2.77,3.041,7.326,17.72,12115
PVC,25.4,1.65,6.003,1.038,18.6,5539
Stainless Steel 304,50.8,2.77,9.008,29.982,53.11,144434
Copper,76.2,5.16,8.964,92.741,54.1,1122166
Stainless Steel 316,203.2,7.04,8.969,313.144,77.65,1736613
Stainless Steel 304,38.1,3.56,9.035,27.809,52.62,133961
Carbon Steel,50.8,3.91,3.046,13.742,20.9,19982
Carbon Steel,76.2,2.11,5.97,22.403,30.7,32161
Copper,50.8,3.91,2.984,15.429,25.42,189785
Copper,203.2,2.77,2.99,46.65,30.8,565553
HDPE,50.8,3.91,3.006,1.626,13.85,5478
Stainless Steel 304,101.6,5.74,8.994,125.786,62.39,576903
PVC,152.4,2.77,8.96,16.352,29.71,40839
Stainless Steel 304,25.4,2.77,12.036,19.042,61.32,97432
Galvanized Steel,76.2,2.11,9.017,33.759,44.27,59028
Stainless Steel 316,38.1,2.77,12.006,30.032,70.91,178249
Carbon Steel,38.1,3.56,5.951,18.167,28.94,26901
Stainless Steel 316,101.6,2.11,9.041,48.088,57.7,274612
PVC,38.1,3.56,9.007,4.924,29.0,15943
HDPE,50.8,2.77,5.955,2.384,20.92,7814
Galvanized Steel,50.8,3.91,12.013,54.679,56.59,91686
PVC,50.8,2.77,2.957,1.715,13.32,6706
Stainless Steel 304,152.4,3.4,6.021,78.204,46.43,361170
Carbon Steel,50.8,3.91,5.954,26.638,32.82,38000
Carbon Steel,25.4,3.38,12.017,22.352,50.29,35828
PVC,25.4,3.38,12.004,3.918,30.63,13977
Copper,25.4,3.38,12.035,24.885,54.85,309070
PVC,101.6,2.11,6.031,5.476,22.52,16382
Carbon Steel,38.1,1.65,5.962,8.733,26.0,16091
Stainless Steel 316,25.4,3.38,2.98,5.629,25.5,36071
Stainless Steel 304,152.4,2.77,11.989,124.751,62.5,572404
Carbon Steel,38.1,3.56,2.993,9.069,20.6,14542
Carbon Steel,25.4,2.77,5.967,9.212,26.65,15548
PVC,101.6,5.74,6.025,14.507,27.21,37149
Carbon Steel,76.2,5.16,12.046,108.158,57.64,140152
Stainless Steel 304,38.1,1.65,11.995,18.006,63.97,92508
HDPE,76.2,5.16,9.017,9.855,29.58,23788
Stainless Steel 316,50.8,3.91,6.006,27.201,46.03,158079
Carbon Steel,38.1,3.56,12.017,36.161,49.09,51080
Carbon Steel,38.1,1.65,12.04,17.816,46.4,29762
Stainless Steel 304,76.2,3.05,12.019,68.478,69.26,321044
Carbon Steel,38.1,2.77,3.0,7.127,18.09,11221
Stainless Steel 304,38.1,3.56,5.959,18.578,37.69,90092
Carbon Steel,38.1,1.65,9.023,13.34,40.64,23569
Copper,76.2,5.16,11.982,122.437,67.57,1481226
Stainless Steel 316,101.6,3.05,9.032,67.794,61.18,384513
Stainless Steel 304,25.4,3.38,12.028,22.186,64.15,111221
HDPE,76.2,5.16,2.998,3.344,18.38,9639
Carbon Steel,38.1,2.77,8.983,22.116,39.12,33731
Carbon Steel,38.1,2.77,3.021,7.306,18.01,12076
HDPE,101.6,2.11,3.003,1.914,12.61,6756
Carbon Steel,38.1,1.65,9.035,13.545,34.37,23432
Stainless Steel 304,50.8,2.77,6.012,20.252,38.84,97632
Galvanized Steel,38.1,2.77,12.0,29.027,51.81,53211
Carbon Steel,38.1,3.56,12.034,36.329,50.24,52399
Stainless Steel 316,38.1,1.65,5.979,9.109,38.29,56836
Carbon Steel,25.4,1.65,8.97,8.607,32.36,16302
Copper,25.4,3.38,9.04,18.943,46.11,235997
PVC,38.1,2.77,6.008,2.584,21.09,9169
PVC,25.4,3.38,6.015,1.987,20.1,8473
Galvanized Steel,38.1,3.56,6.043,18.543,31.58,33099
Stainless Steel 316,50.8,2.77,9.02,30.733,54.32,179022
Stainless Steel 304,304.8,3.4,9.018,232.211,74.21,1058215
Carbon Steel,76.2,3.05,9.01,49.927,42.65,68500
HDPE,254.0,3.4,5.992,15.27,26.87,32405
Stainless Steel 304,76.2,3.05,5.985,34.045,40.58,160648
PVC,152.4,6.35,12.014,49.864,46.49,117804
Carbon Steel,76.2,5.16,12.045,108.031,54.22,138883
Carbon Steel,50.8,3.91,6.032,27.146,29.88,37177
Carbon Steel,203.2,7.04,5.995,207.528,45.59,257166
Carbon Steel,25.4,3.38,9.048,16.297,41.96,27440
Carbon Steel,76.2,2.11,2.994,11.64,17.91,18010
Carbon Steel,25.4,2.77,8.984,13.698,43.39,23888
Stainless Steel 316,152.4,2.77,12.017,125.838,79.7,706490
Carbon Steel,152.4,2.77,11.993,123.121,54.19,157686
Stainless Steel 304,152.4,6.35,8.963,208.252,68.88,950992
Stainless Steel 304,76.2,5.16,3.012,27.64,31.58,130021
HDPE,38.1,2.77,12.037,3.497,34.41,12301
Copper,25.4,2.77,12.046,21.3,60.21,266386
Carbon Steel,50.8,2.77,9.001,29.491,34.85,42064
HDPE,25.4,2.77,3.041,0.556,11.78,2609
Carbon Steel,203.2,7.04,2.971,102.359,34.14,129517
Carbon Steel,76.2,3.05,11.964,63.793,56.37,87355
Stainless Steel 304,203.2,2.77,5.988,83.61,48.64,384765
Stainless Steel 304,38.1,3.56,12.043,36.88,66.55,178035
Galvanized Steel,76.2,3.05,11.999,65.502,57.93,109321
Carbon Steel,25.4,3.38,12.003,21.834,53.67,36072
Stainless Steel 304,76.2,3.05,11.962,67.094,69.07,314571
PVC,25.4,3.38,2.985,0.972,12.93,4782
Stainless Steel 304,152.4,2.77,2.994,30.709,34.15,144610
PVC,25.4,2.77,12.037,3.333,31.86,12525
PVC,152.4,6.35,3.038,12.442,22.84,32394
Carbon Steel,38.1,3.56,2.997,9.148,19.65,13359
Copper,203.2,3.96,9.009,198.694,59.6,2394769
Carbon Steel,76.2,2.11,8.957,34.411,40.57,47825
HDPE,25.4,2.77,9.047,1.674,27.62,8071
Carbon Steel,25.4,3.38,6.026,10.957,26.73,17815
Copper,304.8,4.78,12.017,491.003,77.61,5905924
Stainless Steel 316,38.1,2.77,12.019,30.042,68.5,177019
Stainless Steel 304,254.0,4.78,6.005,179.221,54.99,816284
Stainless Steel 316,50.8,1.65,8.991,18.319,52.68,110651
Stainless Steel 304,152.4,2.77,9.019,93.6,55.04,431616
Carbon Steel,101.6,3.05,12.018,90.431,54.44,118644
Stainless Steel 304,38.1,1.65,11.954,18.15,61.26,91962
Carbon Steel,152.4,3.4,8.974,111.939,47.05,142185
HDPE,152.4,2.77,12.035,15.081,40.53,34601
PVC,38.1,1.65,3.017,0.805,10.96,3661
Carbon Steel,25.4,1.65,11.994,11.603,49.31,22807
Carbon Steel,50.8,1.65,6.045,12.031,26.54,19247
Stainless Steel 304,101.6,2.11,5.963,31.098,41.0,147187
Stainless Steel 304,152.4,2.77,2.978,30.809,31.65,144108
Stainless Steel 304,50.8,1.65,11.997,24.164,59.3,118688
Carbon Steel,25.4,3.38,6.03,11.011,27.58,18225
Stainless Steel 316,152.4,3.4,5.979,75.581,49.5,424616
Carbon Steel,25.4,2.77,5.971,9.26,29.56,16057
Carbon Steel,76.2,3.05,2.969,16.708,20.68,24042
Carbon Steel,101.6,3.05,9.02,67.009,41.46,87957
Copper,101.6,2.11,9.05,52.688,48.29,641451
Stainless Steel 304,50.8,3.91,6.044,27.894,41.22,132870
Stainless Steel 316,76.2,5.16,2.965,27.445,32.67,156963
Stainless Steel 304,50.8,2.77,8.977,30.065,53.68,144730
Stainless Steel 304,152.4,3.4,11.984,151.169,73.79,693520
HDPE,50.8,2.77,5.966,2.363,22.18,7877
Carbon Steel,50.8,1.65,12.04,23.773,52.96,37846
Carbon Steel,101.6,3.05,8.988,66.301,44.43,88053
Stainless Steel 316,76.2,3.05,11.967,65.69,74.26,374006
Carbon Steel,76.2,3.05,5.976,33.262,29.39,45806
Carbon Steel,50.8,2.77,6.035,19.751,30.85,29490
Stainless Steel 304,38.1,2.77,12.04,29.729,64.46,145686
Stainless Steel 304,304.8,3.4,6.019,155.504,57.94,710512
Galvanized Steel,38.1,1.65,2.988,4.4,17.66,10057
Galvanized Steel,50.8,3.91,6.036,27.27,32.39,47558
PVC,101.6,5.74,5.972,14.499,25.54,37069
Carbon Steel,38.1,1.65,3.006,4.343,16.57,8733
Stainless Steel 316,76.2,5.16,8.971,81.505,59.8,458982
PVC,152.4,3.4,11.953,26.285,38.03,64828
Stainless Steel 304,76.2,3.05,12.041,69.037,68.36,324247
HDPE,38.1,2.77,6.028,1.724,18.65,6588
PVC,76.2,2.11,2.993,2.072,10.62,6614
Galvanized Steel,50.8,3.91,12.025,52.744,54.65,89048
Carbon Steel,38.1,2.77,12.02,29.22,50.71,45046
Stainless Steel 304,101.6,2.11,3.04,16.104,25.28,76567
Stainless Steel 304,101.6,3.05,11.971,90.035,66.25,418534
Stainless Steel 304,76.2,3.05,3.045,16.868,27.72,80205
Stainless Steel 304,50.8,1.65,2.963,6.014,22.49,31590
Copper,25.4,2.77,8.997,16.004,48.44,200657
Carbon Steel,50.8,2.77,11.952,39.366,49.45,56347
Stainless Steel 316,38.1,2.77,5.965,14.818,36.57,88109
Stainless Steel 316,25.4,2.77,2.967,4.695,24.25,30180
Stainless Steel 304,38.1,1.65,6.01,9.099,33.69,47081
Carbon Steel,76.2,2.11,3.004,11.471,18.79,17308
Carbon Steel,76.2,2.11,5.99,23.49,27.46,33571
PVC,38.1,3.56,6.005,3.272,21.23,10966
Carbon Steel,50.8,2.77,2.964,9.75,17.14,14666
Stainless Steel 304,76.2,2.11,3.041,12.017,24.05,57223
Stainless Steel 316,101.6,2.11,2.968,15.801,25.53,90773
Stainless Steel 304,25.4,2.77,8.96,14.133,47.09,72276
Stainless Steel 316,25.4,2.77,11.985,19.015,72.64,118113
Stainless Steel 316,76.2,2.11,2.981,11.801,27.06,68840
PVC,50.8,3.91,2.996,2.437,14.39,7758
Carbon Steel,25.4,2.77,6.046,9.428,28.43,16344
Carbon Steel,254.0,3.4,12.031,257.297,61.8,320511
Stainless Steel 304,25.4,3.38,6.021,11.177,39.27,57260
Stainless Steel 316,38.1,2.77,6.004,14.731,39.13,87694
Carbon Steel,38.1,3.56,2.983,9.098,18.51,14078
Carbon Steel,38.1,2.77,2.984,7.211,19.19,12908
Copper,152.4,6.35,12.041,315.207,72.22,3795966
Carbon Steel,25.4,1.65,5.968,5.711,25.62,10977
Stainless Steel 316,25.4,1.65,6.018,5.95,37.2,39595
PVC,203.2,3.96,9.044,31.321,32.33,74636
Carbon Steel,304.8,4.78,11.966,423.567,69.98,521210
Stainless Steel 316,25.4,2.77,6.001,9.468,40.0,58259
Stainless Steel 316,76.2,5.16,9.029,83.147,61.55,468375
Carbon Steel,38.1,3.56,8.959,27.395,36.73,39081
HDPE,25.4,3.38,5.982,1.328,20.82,5548
Carbon Steel,76.2,5.16,6.046,54.092,35.55,70578
PVC,152.4,2.77,6.049,11.149,24.41,30049
Stainless Steel 316,304.8,9.53,9.031,651.509,88.44,3598541
Carbon Steel,38.1,2.77,8.99,21.527,39.59,32171
Stainless Steel 304,50.8,2.77,12.022,39.723,62.63,190293
Stainless Steel 304,152.4,6.35,11.978,274.973,76.51,1250655
Stainless Steel 304,76.2,3.05,6.047,33.298,41.09,157643
Carbon Steel,25.4,2.77,8.982,13.918,38.25,24088
PVC,25.4,1.65,6.003,1.007,18.14,5413
Stainless Steel 316,50.8,2.77,12.018,40.224,76.11,235552
PVC,254.0,4.78,6.021,31.387,30.76,74130
PVC,50.8,2.77,12.013,6.88,35.38,22597
Carbon Steel,152.4,6.35,8.975,204.101,54.3,254790
Stainless Steel 304,50.8,3.91,9.005,41.334,54.58,195438
Carbon Steel,25.4,3.38,8.957,16.483,37.91,25715
Stainless Steel 304,50.8,2.77,3.036,10.103,23.05,50243
Stainless Steel 304,50.8,1.65,2.96,5.994,20.65,30666
HDPE,76.2,5.16,2.997,3.273,17.95,10088
Stainless Steel 316,25.4,2.77,11.959,18.867,74.9,116639
Carbon Steel,76.2,2.11,11.984,46.349,49.41,64188
Stainless Steel 304,76.2,5.16,6.012,55.563,48.85,258981
Stainless Steel 304,101.6,3.05,5.989,44.941,43.38,210191
Carbon Steel,38.1,1.65,5.99,8.871,24.63,15325
Carbon Steel,38.1,2.77,9.006,21.965,43.26,34546
Carbon Steel,25.4,1.65,8.968,8.6,35.29,16125
Stainless Steel 304,152.4,2.77,6.013,62.821,46.31,291962
Stainless Steel 304,101.6,2.11,9.039,48.535,56.19,228660
Carbon Steel,152.4,2.77,3.022,31.428,22.78,41279
Stainless Steel 316,38.1,3.56,6.029,18.708,39.65,110522
Stainless Steel 316,38.1,2.77,5.962,14.597,39.84,87337
PVC,254.0,3.4,8.975,33.253,35.21,79256
Stainless Steel 304,38.1,3.56,2.976,9.161,25.91,45500
Carbon Steel,101.6,5.74,9.039,120.124,51.52,155014
Carbon Steel,76.2,2.11,5.958,23.096,29.43,32395
HDPE,25.4,3.38,2.98,0.658,12.16,2437
Stainless Steel 316,203.2,7.04,3.028,104.311,49.61,583085
PVC,38.1,1.65,9.026,2.411,27.25,10471
PVC,38.1,1.65,3.019,0.79,11.65,3245
Copper,38.1,1.65,3.025,5.195,18.82,66165
Stainless Steel 304,50.8,2.77,9.015,30.422,51.89,146232
Carbon Steel,25.4,2.77,12.025,18.68,47.82,31453
Galvanized Steel,152.4,2.77,8.981,91.782,53.79,147841
Stainless Steel 304,101.6,5.74,6.028,83.359,47.7,383084
Copper,152.4,6.35,12.042,314.566,77.29,3789059
HDPE,50.8,1.65,8.97,2.145,28.22,9463
Stainless Steel 304,38.1,3.56,3.041,9.601,25.02,47862
Carbon Steel,50.8,2.77,3.046,10.129,18.89,15273
Copper,38.1,1.65,11.992,20.293,59.69,254038
Stainless Steel 304,38.1,3.56,9.02,27.841,51.59,133954
PVC,38.1,3.56,3.0,1.61,13.18,5485
Carbon Steel,25.4,1.65,9.017,8.748,34.12,17512
Carbon Steel,101.6,5.74,2.959,40.124,26.34,53461
Carbon Steel,50.8,1.65,6.002,11.643,25.66,18327
Carbon Steel,101.6,2.11,6.012,30.765,31.72,41989
Stainless Steel 316,50.8,2.77,8.992,30.237,57.56,177187
HDPE,50.8,3.91,9.007,4.934,30.18,13257
Stainless Steel 316,76.2,5.16,6.018,55.396,49.01,312885
PVC,25.4,3.38,3.006,1.001,11.85,4338
Stainless Steel 304,25.4,1.65,3.015,3.007,20.05,17639
Stainless Steel 316,25.4,3.38,11.966,22.488,70.9,136057
Galvanized Steel,76.2,5.16,11.993,107.602,62.2,172777
Stainless Steel 304,38.1,3.56,5.983,18.365,35.57,89359
HDPE,38.1,3.56,2.952,1.089,14.4,4267
Carbon Steel,76.2,3.05,5.977,32.684,31.86,45123
Carbon Steel,50.8,3.91,12.009,54.356,50.6,73831
Stainless Steel 304,38.1,1.65,2.969,4.507,21.76,24324
HDPE,76.2,5.16,6.032,6.657,25.94,16807
HDPE,152.4,6.35,5.98,16.575,30.58,35834
PVC,203.2,2.77,8.954,22.023,33.56,54943
Stainless Steel 304,101.6,2.11,3.016,15.83,25.69,76876
PVC,203.2,7.04,9.046,55.719,34.11,128642
Carbon Steel,50.8,3.91,2.987,13.438,20.66,20244
HDPE,50.8,3.91,2.995,1.613,14.23,5025
Stainless Steel 304,76.2,2.11,12.021,46.952,61.08,222209
Stainless Steel 304,101.6,2.11,11.968,63.869,65.06,299344
Copper,25.4,2.77,8.99,15.882,50.45,201061
Carbon Steel,25.4,1.65,3.035,2.907,14.38,6097
PVC,50.8,1.65,2.96,1.032,11.0,4791
Stainless Steel 304,101.6,5.74,12.022,167.463,79.28,768415
HDPE,50.8,2.77,12.026,4.738,34.19,15200
HDPE,101.6,3.05,3.022,2.734,15.35,8255
HDPE,152.4,6.35,9.034,25.01,35.36,50932
Carbon Steel,101.6,3.05,5.968,44.401,33.15,58470
Carbon Steel,38.1,1.65,2.959,4.357,14.01,8317
Carbon Steel,101.6,2.11,11.966,61.713,55.57,84206
Carbon Steel,101.6,5.74,12.045,163.627,56.1,206231
HDPE,101.6,2.11,3.026,1.878,14.06,6296
Stainless Steel 316,101.6,3.05,2.953,22.309,29.05,128579
Carbon Steel,76.2,2.11,9.037,34.564,43.2,49882
Copper,101.6,2.11,11.987,71.367,62.06,867696
Carbon Steel,76.2,5.16,8.96,79.919,46.13,103692
Copper,38.1,3.56,3.012,10.332,25.18,128498
Carbon Steel,38.1,2.77,12.02,28.954,46.79,43538
Carbon Steel,76.2,5.16,6.048,54.355,36.11,72089
Stainless Steel 316,38.1,3.56,3.041,9.326,27.11,56966
Galvanized Steel,101.6,3.05,8.995,66.099,46.54,107403
Carbon Steel,50.8,2.77,9.013,29.496,42.39,42433
Carbon Steel,101.6,5.74,11.983,166.777,57.77,210070
Stainless Steel 304,203.2,2.77,6.009,83.962,45.47,386102
Carbon Steel,38.1,2.77,9.023,21.546,38.81,32236
PVC,25.4,1.65,3.019,0.519,10.26,3034
Stainless Steel 316,101.6,2.11,8.999,47.454,59.33,272155
Copper,25.4,2.77,5.963,10.66,33.02,134218
Carbon Steel,76.2,2.11,12.009,46.203,48.41,64512
Carbon Steel,38.1,3.56,6.004,18.212,29.21,26847
Copper,152.4,6.35,2.999,79.126,34.24,955645
Carbon Steel,25.4,1.65,11.979,11.453,47.59,22908
Carbon Steel,25.4,3.38,8.984,16.43,36.23,25573
Stainless Steel 304,101.6,2.11,8.952,45.841,51.27,214718
Copper,25.4,1.65,5.995,6.617,28.43,84484
Stainless Steel 316,76.2,5.16,5.957,55.155,52.63,312583
PVC,25.4,2.77,3.044,0.845,12.3,3929
Stainless Steel 304,38.1,2.77,6.001,14.75,41.06,74355
PVC,50.8,2.77,9.01,5.276,27.35,16454
Carbon Steel,25.4,2.77,5.997,9.461,29.21,17115
Stainless Steel 304,38.1,1.65,12.028,18.18,61.55,92420
Stainless Steel 304,76.2,2.11,12.041,46.174,62.03,218476
Carbon Steel,50.8,1.65,3.007,5.984,16.52,10522
Stainless Steel 304,25.4,2.77,12.009,18.961,68.11,97897
Copper,50.8,3.91,11.984,61.63,66.84,751320
HDPE,152.4,3.4,9.012,13.579,30.82,29621
Carbon Steel,76.2,3.05,5.951,32.641,29.72,43983
Copper,38.1,1.65,2.972,5.062,18.52,64014
Carbon Steel,152.4,6.35,6.038,137.951,39.48,173026
Galvanized Steel,101.6,5.74,11.958,159.739,61.2,250082
Stainless Steel 304,50.8,2.77,11.958,40.471,68.82,194874
Copper,76.2,3.05,11.998,75.918,64.49,922989
Stainless Steel 316,38.1,1.65,3.024,4.436,25.1,28755
PVC,50.8,1.65,5.976,2.137,17.7,8067
Stainless Steel 304,25.4,3.38,11.991,22.507,61.87,111923
Carbon Steel,76.2,2.11,9.01,34.788,36.05,48247
PVC,152.4,6.35,9.029,36.466,34.5,86591
Carbon Steel,50.8,1.65,5.964,12.046,24.95,19465
Carbon Steel,25.4,2.77,9.0,13.827,36.14,22520
Stainless Steel 304,50.8,1.65,8.961,18.31,48.24,91251
HDPE,76.2,3.05,2.995,1.997,13.92,5739
HDPE,76.2,5.16,3.005,3.297,16.67,8938
PVC,76.2,2.11,12.037,8.262,35.48,24673
Stainless Steel 304,152.4,6.35,9.05,210.693,69.15,960249
Stainless Steel 304,101.6,2.11,9.029,47.199,49.52,220983
Carbon Steel,76.2,5.16,12.049,110.116,58.76,142335
Stainless Steel 304,38.1,3.56,6.037,18.573,40.69,91544
PVC,101.6,5.74,2.984,7.291,17.8,19290
Copper,25.4,3.38,6.035,12.709,36.03,159084
Stainless Steel 316,38.1,3.56,6.036,18.39,43.69,108498
Stainless Steel 316,76.2,3.05,9.036,50.48,58.67,288814
PVC,101.6,2.11,11.98,11.066,33.56,30147
PVC,50.8,2.77,3.013,1.774,12.9,6541
Stainless Steel 316,25.4,1.65,6.017,5.992,33.86,39610
Stainless Steel 304,50.8,1.65,11.983,24.376,67.9,121801
Copper,50.8,2.77,2.997,11.074,21.51,137117
Stainless Steel 316,38.1,1.65,9.005,13.494,48.77,82536
Stainless Steel 304,50.8,3.91,3.045,14.067,27.72,67988
HDPE,25.4,2.77,8.965,1.668,24.59,6821
PVC,76.2,2.11,8.993,6.192,26.83,18691
Stainless Steel 316,101.6,2.11,8.985,47.217,58.81,270513
PVC,101.6,3.05,12.044,16.067,37.01,42673
Copper,25.4,1.65,12.013,13.317,56.38,170590
Stainless Steel 316,152.4,3.4,6.033,76.95,48.68,431784
Stainless Steel 304,25.4,2.77,6.024,9.471,35.57,49554
Carbon Steel,38.1,1.65,3.019,4.509,13.99,7300
Stainless Steel 316,50.8,3.91,11.979,55.248,72.28,317192
PVC,25.4,1.65,9.006,1.538,26.82,8690
HDPE,25.4,3.38,11.998,2.619,36.18,11094
Stainless Steel 304,50.8,2.77,8.957,29.97,55.14,145380
Copper,50.8,3.91,2.976,15.463,24.02,190027
Carbon Steel,25.4,2.77,11.953,18.209,51.16,30837
Copper,50.8,3.91,2.951,15.65,27.18,192535
HDPE,25.4,3.38,11.974,2.648,31.71,9585
Galvanized Steel,50.8,1.65,8.967,17.623,44.01,34816
Carbon Steel,50.8,2.77,12.027,39.465,56.27,57403
Carbon Steel,101.6,3.05,3.007,22.29,23.99,31036
Stainless Steel 304,101.6,2.11,11.95,65.281,68.17,306099
Carbon Steel,101.6,3.05,9.014,66.988,43.51,88060
HDPE,152.4,6.35,2.964,8.098,21.65,19096
Stainless Steel 316,101.6,5.74,8.97,121.275,72.25,679472
Stainless Steel 304,76.2,2.11,3.005,11.827,24.94,57719
Copper,38.1,1.65,12.005,20.266,55.01,252729
Stainless Steel 316,50.8,3.91,3.039,13.904,28.53,81535
Carbon Steel,38.1,1.65,11.974,17.755,48.35,30946
PVC,50.8,3.91,8.983,7.25,30.14,22033
Stainless Steel 304,76.2,3.05,8.977,50.694,52.7,237020
PVC,101.6,2.11,9.045,8.245,27.43,22122
Stainless Steel 304,50.8,2.77,5.975,19.992,40.36,97318
Carbon Steel,25.4,1.65,12.02,11.425,47.74,22060
Galvanized Steel,152.4,3.4,9.022,109.097,52.53,172658
Stainless Steel 316,50.8,1.65,11.991,24.011,67.26,145363
Copper,50.8,2.77,8.978,33.489,46.03,410860
Stainless Steel 304,152.4,6.35,11.964,275.789,71.75,1253440
Carbon Steel,101.6,3.05,5.988,43.946,34.45,59010
Galvanized Steel,76.2,3.05,11.977,65.307,56.44,108338
PVC,76.2,2.11,8.968,6.165,26.86,19400
Stainless Steel 304,50.8,2.77,9.031,30.328,53.41,145943
Stainless Steel 304,76.2,2.11,11.999,47.126,64.47,224208
Stainless Steel 304,152.4,2.77,2.986,31.302,30.94,145248
Carbon Steel,304.8,4.78,11.997,420.837,70.22,517476
Stainless Steel 316,25.4,2.77,8.996,14.135,49.05,86686
Carbon Steel,76.2,2.11,9.028,34.973,37.13,48695
Stainless Steel 316,76.2,3.05,12.022,67.645,74.46,385062
Stainless Steel 304,38.1,1.65,5.974,8.929,32.24,46240
PVC,25.4,1.65,5.953,1.03,17.28,5206
Carbon Steel,38.1,3.56,5.985,18.257,27.54,26708
Stainless Steel 316,25.4,2.77,8.964,14.059,53.68,86567
Galvanized Steel,25.4,2.77,3.016,4.612,16.81,9095
Carbon Steel,50.8,1.65,5.975,12.013,25.73,18942
Stainless Steel 316,38.1,2.77,9.005,22.099,52.14,130293
Carbon Steel,50.8,3.91,5.975,26.986,29.54,37298
Carbon Steel,76.2,3.05,5.998,33.177,31.11,45244
Stainless Steel 316,76.2,3.05,2.978,16.805,29.72,98706
Carbon Steel,152.4,3.4,6.009,75.942,35.58,97550
Stainless Steel 304,25.4,2.77,11.979,19.282,67.54,98564
Stainless Steel 316,203.2,3.96,9.041,181.127,72.74,1009672
Carbon Steel,25.4,1.65,8.962,8.769,36.98,17557
Carbon Steel,50.8,3.91,3.015,13.493,18.62,18835
Stainless Steel 304,50.8,2.77,9.047,29.678,53.39,142465
Stainless Steel 304,50.8,1.65,11.976,24.655,60.82,121737
Carbon Steel,25.4,3.38,3.01,5.624,19.58,10506
Carbon Steel,25.4,1.65,5.998,5.714,24.7,11935
Carbon Steel,25.4,3.38,9.049,16.791,40.84,28491
Stainless Steel 304,101.6,2.11,9.033,48.11,47.29,225244
Carbon Steel,76.2,3.05,5.952,33.258,30.16,45531
Carbon Steel,101.6,2.11,8.983,47.017,38.6,63179
HDPE,50.8,2.77,6.038,2.427,21.91,8074
Carbon Steel,254.0,4.78,12.009,351.42,62.06,431954
Carbon Steel,304.8,9.53,6.012,417.746,62.63,512150
Stainless Steel 316,25.4,1.65,3.006,2.939,22.31,20314
Galvanized Steel,152.4,3.4,11.97,147.97,62.26,233605
Carbon Steel,203.2,7.04,9.04,310.949,54.54,382347
Carbon Steel,101.6,3.05,3.002,22.277,20.84,29737
Carbon Steel,38.1,1.65,11.998,17.775,46.35,30441
Galvanized Steel,38.1,2.77,12.01,28.889,56.34,53990
PVC,101.6,2.11,5.951,5.527,20.83,16074
Copper,38.1,1.65,12.036,20.495,53.44,257002
Carbon Steel,76.2,5.16,6.025,55.039,36.2,72648
Carbon Steel,101.6,2.11,2.981,15.754,20.39,22182
Carbon Steel,25.4,3.38,8.965,16.553,34.64,26784
Copper,101.6,3.05,11.955,101.948,65.15,1235591
Carbon Steel,50.8,2.77,12.015,39.96,51.93,58003
Stainless Steel 304,38.1,2.77,5.998,14.71,36.62,72757
Carbon Steel,50.8,2.77,11.98,39.458,50.84,57320
HDPE,50.8,2.77,3.012,1.203,13.08,4748
Stainless Steel 304,38.1,1.65,9.031,13.516,46.77,69358
Stainless Steel 304,25.4,2.77,3.015,4.84,22.77,26888
Stainless Steel 316,38.1,1.65,6.012,9.257,37.74,57464
Stainless Steel 316,152.4,3.4,3.046,39.205,35.44,221598
Copper,203.2,7.04,6.036,231.864,56.19,2791632
Stainless Steel 316,76.2,5.16,6.022,55.582,53.65,316046
Stainless Steel 304,25.4,3.38,6.038,11.329,38.66,58452
Carbon Steel,101.6,5.74,11.98,164.48,59.68,208315
Copper,50.8,3.91,6.041,31.495,36.61,384536
Carbon Steel,25.4,3.38,11.95,22.013,47.54,35189
Galvanized Steel,25.4,2.77,6.017,9.227,32.67,19704
Carbon Steel,76.2,2.11,9.001,34.962,38.46,49674
Carbon Steel,38.1,2.77,3.026,7.377,17.63,12079
Carbon Steel,101.6,3.05,8.978,65.914,43.67,87922
HDPE,25.4,1.65,2.999,0.349,11.25,3229
Carbon Steel,76.2,5.16,6.025,54.35,33.05,72255
Carbon Steel,203.2,2.77,9.031,123.804,52.83,157157
Galvanized Steel,101.6,5.74,12.01,160.09,74.1,253680
PVC,38.1,2.77,6.041,2.55,21.18,8962
Galvanized Steel,76.2,3.05,6.003,33.005,32.58,55846
Carbon Steel,50.8,2.77,5.975,19.471,31.31,28923
Stainless Steel 304,203.2,2.77,5.971,83.025,48.49,382313
Stainless Steel 304,38.1,1.65,9.025,13.923,45.95,70270
Carbon Steel,203.2,2.77,12.011,164.518,50.51,207267
Copper,25.4,1.65,8.981,10.101,44.82,128706
Stainless Steel 316,203.2,7.04,2.962,102.605,47.2,573124
Stainless Steel 304,50.8,2.77,11.99,39.84,67.24,191186
Stainless Steel 316,25.4,1.65,2.982,2.936,20.77,19548
Stainless Steel 304,50.8,2.77,5.979,20.271,39.32,98485
Copper,25.4,1.65,3.037,3.352,18.31,43318
Galvanized Steel,76.2,3.05,5.988,32.667,34.67,56073
Carbon Steel,25.4,3.38,11.999,21.984,49.58,35480
Carbon Steel,76.2,5.16,12.001,107.965,49.59,138068
HDPE,101.6,5.74,12.041,19.935,41.97,43195
Stainless Steel 304,25.4,1.65,3.046,2.907,20.93,16951
Carbon Steel,50.8,3.91,9.036,41.205,41.7,57095
PVC,25.4,1.65,6.031,1.018,18.5,6300
Stainless Steel 304,50.8,1.65,2.968,6.089,20.93,31186
HDPE,203.2,3.96,9.021,20.837,34.11,43681
Copper,152.4,3.4,3.047,42.903,29.74,520077
Stainless Steel 304,76.2,2.11,12.039,47.708,69.77,227435
Stainless Steel 304,76.2,3.05,8.976,50.302,54.19,235490
Stainless Steel 316,203.2,2.77,11.991,168.448,73.52,940649
Stainless Steel 304,50.8,1.65,2.971,6.047,21.43,30344
PVC,38.1,3.56,11.973,6.45,34.7,20299
HDPE,38.1,3.56,11.99,4.376,35.54,13745
PVC,38.1,1.65,11.988,3.126,29.76,12897
Carbon Steel,254.0,3.4,5.98,124.39,39.81,156344
Copper,38.1,2.77,8.956,24.547,47.37,303248
Galvanized Steel,25.4,3.38,12.046,22.387,55.21,43146
Copper,76.2,5.16,6.024,61.46,41.12,744711
Galvanized Steel,50.8,1.65,11.99,24.375,55.45,47232
Carbon Steel,101.6,5.74,5.989,81.99,42.66,106743
Galvanized Steel,76.2,5.16,2.997,26.926,25.84,44598
Stainless Steel 316,25.4,1.65,3.013,2.879,23.21,19292
Stainless Steel 316,76.2,5.16,2.983,27.758,35.27,159794
Stainless Steel 304,25.4,3.38,8.953,17.167,51.25,86049
Stainless Steel 304,101.6,2.11,3.047,15.89,26.81,75991
Stainless Steel 316,38.1,2.77,11.964,29.573,70.93,175285
Stainless Steel 304,50.8,1.65,9.049,18.57,50.49,92736
Carbon Steel,50.8,3.91,2.994,13.453,19.84,19802
Stainless Steel 304,50.8,1.65,11.994,24.314,57.34,119001
Carbon Steel,25.4,1.65,9.017,8.698,34.92,16999
HDPE,203.2,7.04,9.009,37.137,39.43,74492
Stainless Steel 304,38.1,1.65,9.031,13.732,50.66,70534
Stainless Steel 304,152.4,6.35,6.034,139.778,51.78,638124
Carbon Steel,76.2,3.05,5.973,33.037,31.96,45867
Carbon Steel,76.2,5.16,3.019,27.066,25.21,36263
Carbon Steel,101.6,3.05,6.002,44.38,29.56,59174
Stainless Steel 316,101.6,5.74,3.05,42.887,38.46,242795
PVC,76.2,2.11,9.041,6.26,27.76,18098
Carbon Steel,76.2,5.16,2.995,26.915,27.16,38400
PVC,38.1,1.65,11.997,3.14,34.81,12882
Stainless Steel 304,50.8,3.91,12.037,55.898,68.78,263434
HDPE,76.2,3.05,9.028,5.936,29.05,16338
PVC,50.8,2.77,6.009,3.457,19.22,10720
Copper,38.1,1.65,9.04,15.343,41.82,191291
HDPE,101.6,5.74,5.962,9.877,26.31,22676
Stainless Steel 316,152.4,2.77,3.006,31.217,34.86,177595
PVC,50.8,2.77,11.964,7.059,38.12,22211
Stainless Steel 316,152.4,6.35,9.034,210.345,71.38,1168759
Stainless Steel 304,50.8,1.65,9.004,18.303,49.83,91294
Galvanized Steel,25.4,3.38,5.987,11.04,34.14,23364
HDPE,25.4,3.38,11.97,2.621,36.07,11510
Carbon Steel,25.4,3.38,12.013,21.631,49.11,34088
Stainless Steel 316,152.4,6.35,8.968,210.434,71.63,1171108
Stainless Steel 304,25.4,3.38,5.99,11.321,36.05,57082
Stainless Steel 304,76.2,2.11,9.0,35.138,53.5,168013
Stainless Steel 304,203.2,3.96,3.006,59.203,37.46,273016
PVC,76.2,5.16,12.045,19.248,38.51,49615
Carbon Steel,25.4,3.38,8.968,16.439,40.74,26893
Carbon Steel,50.8,2.77,12.036,39.058,48.96,55719
Stainless Steel 316,25.4,1.65,3.033,2.943,19.94,19671
Galvanized Steel,38.1,1.65,2.969,4.361,14.83,11057
Carbon Steel,50.8,2.77,11.971,39.333,50.82,56698
Carbon Steel,76.2,5.16,6.0,53.923,34.5,70618
Stainless Steel 304,76.2,3.05,6.013,33.672,38.2,157472
Stainless Steel 304,152.4,3.4,12.033,151.83,73.97,696375
Stainless Steel 304,25.4,3.38,2.971,5.619,23.17,28851
PVC,76.2,3.05,11.973,11.703,37.48,32488
Carbon Steel,50.8,1.65,5.966,11.736,26.3,19320
Galvanized Steel,152.4,3.4,3.001,37.704,27.94,61726
Carbon Steel,50.8,3.91,2.954,13.473,21.77,19965
Galvanized Steel,25.4,3.38,2.976,5.474,18.1,11598
HDPE,76.2,3.05,6.048,3.987,22.43,11573
Carbon Steel,25.4,2.77,3.045,4.635,18.25,8115
Copper,152.4,2.77,12.034,140.856,60.08,1701411
Stainless Steel 304,203.2,2.77,5.986,83.983,49.09,387220
Carbon Steel,304.8,4.78,6.01,215.132,44.26,265865
Stainless Steel 316,152.4,3.4,12.008,152.426,75.88,851769
Copper,25.4,2.77,8.998,15.948,45.61,199789
PVC,76.2,2.11,5.975,4.098,19.3,12139
Carbon Steel,76.2,2.11,3.018,11.555,17.55,16373
Carbon Steel,25.4,3.38,6.033,11.12,29.75,18259
Galvanized Steel,76.2,2.11,11.998,45.846,51.08,77666
Galvanized Steel,38.1,1.65,12.001,17.439,50.05,34471
Stainless Steel 304,25.4,2.77,5.962,9.523,37.23,49097
Stainless Steel 304,25.4,3.38,2.971,5.6,22.24,29644
Stainless Steel 304,50.8,1.65,5.969,12.273,35.51,61158
Stainless Steel 304,101.6,5.74,11.982,165.403,79.48,758169
Carbon Steel,25.4,3.38,12.037,22.14,52.57,36207
Stainless Steel 316,38.1,3.56,12.015,37.001,66.86,215455
Carbon Steel,38.1,2.77,2.984,7.213,16.27,11868
Stainless Steel 304,38.1,2.77,2.999,7.313,24.17,37998
Carbon Steel,38.1,2.77,3.044,7.37,17.43,11970
HDPE,76.2,5.16,8.977,9.64,30.13,22334
Copper,25.4,1.65,12.048,13.242,52.63,169058
Carbon Steel,254.0,8.56,3.018,154.648,44.02,193577
PVC,76.2,3.05,8.971,8.895,28.85,24629
Carbon Steel,152.4,2.77,3.049,31.225,24.73,42139
Stainless Steel 304,38.1,2.77,9.006,22.609,51.17,110216
Stainless Steel 316,50.8,2.77,8.961,29.721,52.79,172585
PVC,101.6,3.05,6.009,7.89,22.95,20436
Carbon Steel,76.2,2.11,9.049,35.033,39.32,49336
Stainless Steel 304,101.6,3.05,3.013,22.317,28.0,106265
Carbon Steel,38.1,3.56,9.04,27.839,36.57,39759
Stainless Steel 304,76.2,2.11,6.031,23.358,38.5,111388
Carbon Steel,38.1,3.56,9.018,27.554,40.59,40083
Stainless Steel 304,38.1,1.65,11.989,17.901,60.86,91811
HDPE,254.0,4.78,6.002,21.323,30.68,44021
Stainless Steel 316,203.2,2.77,11.951,167.861,80.08,938232
Stainless Steel 304,50.8,1.65,12.002,24.775,63.39,123699
Stainless Steel 304,152.4,6.35,3.003,69.251,38.64,318035
PVC,38.1,2.77,9.003,3.869,27.48,13017
Carbon Steel,152.4,3.4,6.018,74.042,37.17,95341
PVC,25.4,1.65,2.991,0.509,11.13,3167
Carbon Steel,101.6,3.05,8.97,66.474,46.28,86950
Copper,203.2,2.77,3.039,46.27,31.45,560671
Copper,101.6,3.05,3.032,25.753,26.2,313091
Stainless Steel 304,101.6,5.74,3.028,41.735,35.55,193837
Copper,25.4,3.38,6.022,12.756,32.68,159108
Copper,76.2,5.16,5.976,61.68,42.51,748294
HDPE,50.8,3.91,11.966,6.594,38.38,18888
Copper,76.2,3.05,11.981,74.678,61.62,907704
HDPE,101.6,2.11,8.984,5.634,30.04,16113
Carbon Steel,50.8,1.65,5.973,11.983,24.11,18888
Stainless Steel 304,76.2,3.05,3.001,16.744,25.05,80230
HDPE,76.2,3.05,9.005,6.033,28.35,17027
PVC,25.4,1.65,12.005,2.031,32.65,10493
Carbon Steel,254.0,8.56,11.982,610.364,69.1,744896
HDPE,50.8,1.65,5.966,1.458,16.93,6559
PVC,101.6,2.11,6.022,5.475,21.31,15305
Carbon Steel,38.1,2.77,3.024,7.296,17.99,11764
PVC,50.8,2.77,3.006,1.755,13.65,6210
Stainless Steel 316,152.4,3.4,5.972,75.083,50.19,422186
Copper,76.2,3.05,8.967,55.801,52.71,679521
Carbon Steel,25.4,3.38,11.991,22.169,51.63,35602
Galvanized Steel,76.2,5.16,5.976,53.38,36.74,86490
Carbon Steel,76.2,3.05,6.019,33.398,28.97,44751
Stainless Steel 304,101.6,3.05,11.966,91.251,68.31,423750
Carbon Steel,25.4,3.38,11.981,22.038,52.51,35962
Stainless Steel 304,50.8,2.77,5.953,19.954,36.63,95690
Stainless Steel 316,50.8,2.77,9.014,30.122,53.35,175756
PVC,25.4,2.77,12.041,3.268,33.66,12519
Carbon Steel,76.2,3.05,11.964,65.441,49.24,87279
Stainless Steel 304,50.8,2.77,5.988,19.863,37.74,95855
Carbon Steel,38.1,1.65,5.965,8.77,25.07,14249
PVC,254.0,8.56,11.998,109.692,49.99,250099
Stainless Steel 304,25.4,1.65,9.01,8.925,47.81,48554
Carbon Steel,101.6,5.74,3.008,41.052,26.62,53702
Stainless Steel 316,25.4,2.77,9.003,14.362,55.86,90056
Stainless Steel 316,101.6,5.74,2.989,41.735,38.0,235188
PVC,152.4,6.35,5.96,23.932,26.72,57370
Stainless Steel 304,50.8,2.77,12.002,40.483,66.2,193755
Stainless Steel 304,38.1,1.65,3.038,4.545,20.41,23574
Stainless Steel 304,25.4,2.77,3.028,4.792,23.37,26535
Carbon Steel,101.6,5.74,3.025,41.138,27.96,54152
Stainless Steel 316,25.4,1.65,11.976,11.846,70.22,78008
Stainless Steel 304,76.2,2.11,8.98,35.258,52.04,168245
Stainless Steel 316,203.2,2.77,6.007,85.067,47.65,475953
Galvanized Steel,25.4,1.65,6.022,5.693,27.08,13188
Carbon Steel,76.2,2.11,11.998,46.17,46.36,64386
Stainless Steel 304,25.4,3.38,3.04,5.711,25.22,29785
Carbon Steel,101.6,2.11,8.971,46.643,35.49,62831
Stainless Steel 304,76.2,2.11,6.021,23.21,39.76,111509
Stainless Steel 304,38.1,3.56,3.001,9.408,25.5,47398
Stainless Steel 316,25.4,1.65,12.034,11.878,63.51,76796
Stainless Steel 304,254.0,8.56,11.971,630.341,93.74,2853163
Stainless Steel 316,38.1,2.77,3.009,7.44,25.07,45756
Copper,76.2,3.05,11.979,73.596,65.26,894959
HDPE,76.2,2.11,11.976,5.548,32.1,15314
Stainless Steel 304,25.4,1.65,6.001,5.929,33.66,32852
Stainless Steel 316,76.2,2.11,5.989,23.324,38.94,135335
HDPE,203.2,3.96,12.024,27.874,42.72,57627
HDPE,254.0,8.56,11.975,75.168,52.78,145097
Stainless Steel 304,50.8,3.91,11.988,54.7,67.23,258223
HDPE,25.4,2.77,9.015,1.69,25.79,7769
HDPE,203.2,3.96,5.981,13.928,26.39,30114
Stainless Steel 316,38.1,1.65,8.955,13.637,51.5,83815
Stainless Steel 304,50.8,1.65,6.015,12.356,33.9,61582
Carbon Steel,152.4,2.77,11.998,123.316,52.52,157430
Stainless Steel 316,76.2,3.05,2.953,16.552,29.5,96661
Stainless Steel 316,38.1,2.77,11.997,29.182,73.08,174215
Stainless Steel 304,50.8,2.77,5.986,20.111,39.13,97683
Stainless Steel 316,25.4,1.65,9.04,8.736,55.79,58208
Stainless Steel 316,50.8,1.65,11.989,24.674,63.44,146931
PVC,50.8,2.77,3.012,1.775,12.92,6490
PVC,38.1,3.56,12.026,6.483,33.96,20984
HDPE,25.4,3.38,6.024,1.362,20.44,5777
Carbon Steel,101.6,3.05,5.965,44.66,32.49,58702
Stainless Steel 304,38.1,2.77,5.992,14.746,34.75,73248
PVC,50.8,2.77,3.042,1.777,12.26,6112
Carbon Steel,76.2,3.05,6.009,32.922,30.4,45371
Stainless Steel 304,152.4,2.77,6.026,62.344,45.23,289041
Stainless Steel 304,76.2,5.16,5.963,54.601,41.85,253351
Stainless Steel 304,76.2,2.11,2.996,11.689,23.72,55865
Stainless Steel 316,38.1,2.77,12.047,30.038,67.57,177592
Stainless Steel 304,101.6,2.11,8.953,46.454,48.04,217596
Copper,38.1,3.56,8.999,31.005,49.56,381432
Carbon Steel,25.4,1.65,11.955,11.378,42.68,21026
Stainless Steel 304,25.4,1.65,2.975,2.902,18.7,16591
Carbon Steel,50.8,3.91,8.963,40.0,39.02,55929
HDPE,254.0,3.4,8.994,23.212,35.91,48269
Copper,76.2,3.05,8.959,56.518,46.76,686780
PVC,25.4,3.38,2.995,0.989,12.1,4932
Stainless Steel 316,50.8,1.65,5.965,11.96,34.88,72507
Copper,76.2,3.05,3.031,19.231,23.39,235030
Carbon Steel,152.4,3.4,6.032,75.869,37.77,98040
Carbon Steel,152.4,3.4,11.962,149.184,58.4,189581
Stainless Steel 316,50.8,1.65,2.962,6.079,21.87,37662
Stainless Steel 316,101.6,5.74,12.036,166.798,73.82,931108
Stainless Steel 304,152.4,3.4,6.035,76.389,51.91,352703
Stainless Steel 304,152.4,6.35,3.043,71.586,38.38,328992
PVC,152.4,3.4,12.019,26.629,41.28,65180
Stainless Steel 304,25.4,1.65,2.995,2.933,20.95,17650
Stainless Steel 316,38.1,1.65,8.989,13.625,47.59,83905
Stainless Steel 316,50.8,2.77,11.959,39.767,64.45,230892
Carbon Steel,38.1,1.65,6.032,9.085,23.83,15691
PVC,25.4,1.65,3.022,0.515,10.91,2877
Stainless Steel 304,50.8,1.65,3.04,6.227,20.87,31001
Carbon Steel,76.2,5.16,12.013,108.6,54.87,140073
Carbon Steel,76.2,5.16,8.993,81.02,44.21,105707
Stainless Steel 316,25.4,1.65,12.02,11.866,65.89,77433
Stainless Steel 304,38.1,1.65,9.041,13.729,42.85,69877
HDPE,38.1,3.56,6.014,2.204,20.57,7365
Copper,254.0,3.4,6.049,146.406,54.93,1767318
HDPE,50.8,1.65,6.011,1.473,19.54,6763
PVC,50.8,3.91,3.029,2.462,15.04,8610
Galvanized Steel,76.2,3.05,9.006,48.832,42.38,81635
Stainless Steel 316,50.8,1.65,3.004,6.109,21.94,37111
PVC,38.1,2.77,5.984,2.605,20.36,8525
Carbon Steel,76.2,2.11,3.018,11.564,17.89,16536
Carbon Steel,101.6,3.05,3.011,22.335,21.03,30430
Stainless Steel 304,152.4,3.4,11.959,151.052,79.06,694410
Carbon Steel,76.2,2.11,8.985,34.235,39.64,47685
Galvanized Steel,101.6,2.11,12.02,61.235,59.28,102915
Carbon Steel,50.8,1.65,11.957,24.339,44.5,36940
Stainless Steel 316,76.2,5.16,12.029,109.809,79.08,618403
PVC,152.4,3.4,3.022,6.614,17.5,17853
HDPE,25.4,2.77,5.992,1.126,20.4,5132
Carbon Steel,50.8,3.91,12.04,54.526,50.76,74340
Carbon Steel,152.4,2.77,11.976,124.066,55.62,158587
Carbon Steel,101.6,3.05,12.009,89.433,54.62,116960
Copper,50.8,1.65,6.035,13.659,31.18,168929
Carbon Steel,25.4,3.38,12.001,22.081,52.54,36506
Carbon Steel,50.8,2.77,8.97,29.318,35.91,40658
HDPE,152.4,2.77,3.013,3.734,15.81,9094
Carbon Steel,76.2,3.05,6.001,32.675,31.14,44775
Stainless Steel 316,25.4,1.65,8.958,8.825,49.11,57501
Carbon Steel,101.6,3.05,11.972,88.668,56.91,117123
Galvanized Steel,76.2,3.05,8.956,49.558,48.29,82796
Copper,76.2,3.05,6.021,37.925,38.83,462552
Carbon Steel,101.6,2.11,9.043,46.586,37.94,63576
Carbon Steel,152.4,3.4,12.013,151.126,58.32,191542
Galvanized Steel,25.4,2.77,11.99,18.532,52.28,36290
PVC,25.4,2.77,5.969,1.656,19.11,5978
Copper,101.6,2.11,9.004,53.533,53.22,652753
Stainless Steel 304,304.8,4.78,3.021,108.613,45.39,497391
Stainless Steel 316,38.1,1.65,11.997,18.335,66.44,112490
Carbon Steel,25.4,2.77,6.006,9.381,27.56,16715
PVC,38.1,3.56,11.996,6.447,37.1,20458
Carbon Steel,50.8,1.65,8.952,18.199,37.75,28164
Stainless Steel 304,76.2,5.16,9.035,83.63,56.63,386750
Carbon Steel,152.4,2.77,8.991,91.831,42.3,117105
Copper,38.1,1.65,6.026,10.185,34.53,128234
Carbon Steel,38.1,3.56,2.988,9.004,21.03,14866
Stainless Steel 316,76.2,2.11,3.037,11.934,23.94,69492
Carbon Steel,254.0,3.4,11.992,251.104,58.73,311799
Galvanized Steel,101.6,5.74,9.046,123.908,51.26,195416
Carbon Steel,25.4,3.38,5.951,10.816,31.17,17255
Stainless Steel 316,25.4,3.38,3.011,5.63,26.01,36383
Carbon Steel,50.8,3.91,8.989,40.728,41.37,56039
Stainless Steel 304,50.8,2.77,3.048,10.238,25.71,49811
Stainless Steel 316,76.2,2.11,2.978,11.744,27.68,69775
Stainless Steel 304,152.4,3.4,12.023,152.828,75.04,700885
Stainless Steel 316,76.2,3.05,8.973,50.202,56.83,286663
Carbon Steel,25.4,1.65,11.972,11.583,47.94,22635
Carbon Steel,76.2,3.05,2.965,16.166,20.84,23144
HDPE,101.6,5.74,2.989,4.985,18.65,13099
Galvanized Steel,76.2,2.11,5.991,23.023,31.11,39535
Stainless Steel 316,25.4,2.77,9.042,14.186,50.24,87117
Stainless Steel 304,76.2,2.11,8.99,35.129,48.78,166914
Stainless Steel 304,101.6,3.05,12.039,91.25,70.19,423229
HDPE,50.8,1.65,2.966,0.724,11.95,3569
Carbon Steel,38.1,2.77,2.975,7.152,18.76,11242
Carbon Steel,25.4,2.77,11.997,18.625,47.48,30948
Carbon Steel,50.8,3.91,2.96,13.521,19.11,20016
Stainless Steel 316,254.0,3.4,5.985,128.148,58.53,715683
PVC,152.4,6.35,6.014,24.071,25.57,58418
Stainless Steel 304,25.4,1.65,3.042,2.956,18.15,16378
Stainless Steel 304,25.4,2.77,3.03,4.755,22.93,26047
PVC,50.8,1.65,12.016,4.355,31.41,14946
Stainless Steel 316,50.8,1.65,5.99,12.223,34.98,73925
Stainless Steel 304,50.8,1.65,9.001,18.75,46.81,92402
HDPE,101.6,2.11,2.962,1.843,14.04,5124
HDPE,152.4,6.35,8.954,24.754,35.02,50082
Stainless Steel 316,152.4,3.4,3.008,38.38,35.82,216801
Stainless Steel 304,152.4,3.4,6.015,76.513,44.94,352715
HDPE,38.1,1.65,5.979,1.084,17.34,5463
Carbon Steel,152.4,2.77,6.021,62.175,33.91,80922
Carbon Steel,203.2,7.04,6.025,205.437,45.59,255185
HDPE,50.8,3.91,8.965,4.925,29.28,14479
Stainless Steel 304,76.2,2.11,11.977,47.827,64.34,227239
Stainless Steel 316,38.1,2.77,11.985,29.623,69.9,174869
Carbon Steel,25.4,1.65,9.017,8.7,31.46,15484
Stainless Steel 304,25.4,2.77,11.96,18.694,54.63,94953
Stainless Steel 304,25.4,2.77,3.007,4.709,23.31,25051
Carbon Steel,25.4,2.77,3.018,4.709,17.88,8156
Carbon Steel,38.1,1.65,9.0,13.183,37.44,22438
HDPE,38.1,2.77,12.037,3.48,34.64,12511
Copper,152.4,6.35,11.957,307.555,74.16,3704858
PVC,101.6,2.11,3.001,2.759,13.99,8882
PVC,76.2,2.11,6.041,4.114,18.48,13047
HDPE,38.1,2.77,9.042,2.625,27.95,9431
Galvanized Steel,25.4,1.65,9.008,8.662,35.85,20658
HDPE,38.1,3.56,3.03,1.121,13.1,4747
Carbon Steel,76.2,5.16,12.046,110.068,57.19,142504
Stainless Steel 304,50.8,1.65,9.014,18.621,49.76,92112
Stainless Steel 304,25.4,1.65,5.991,5.879,34.0,32609
Stainless Steel 304,304.8,3.4,8.955,229.639,70.06,1047340
Stainless Steel 304,25.4,1.65,2.968,2.947,20.14,16884
Stainless Steel 304,203.2,3.96,5.971,119.617,47.57,546173
Stainless Steel 304,50.8,3.91,5.973,27.549,40.12,131730
Copper,50.8,2.77,3.042,11.256,23.8,138990
HDPE,101.6,2.11,9.037,5.645,25.9,14162
Stainless Steel 304,152.4,2.77,12.042,125.542,71.63,577123
Stainless Steel 316,25.4,3.38,3.034,5.668,26.45,35430
Stainless Steel 316,101.6,2.11,3.037,16.167,27.8,94373
HDPE,38.1,2.77,9.002,2.626,29.12,9704
HDPE,76.2,2.11,8.984,4.212,28.75,13563
Carbon Steel,50.8,1.65,6.037,12.183,25.64,19661
Galvanized Steel,76.2,2.11,9.028,35.126,45.26,60257
Stainless Steel 316,38.1,1.65,8.963,13.605,52.94,84063
Stainless Steel 304,76.2,5.16,6.007,55.117,45.25,256011
PVC,38.1,1.65,11.954,3.123,34.3,13613
Carbon Steel,76.2,3.05,8.955,50.079,44.41,68147
Stainless Steel 304,101.6,3.05,11.982,90.318,63.14,417741
Carbon Steel,25.4,1.65,5.994,5.758,25.33,11516
Copper,50.8,1.65,5.953,13.555,32.94,168848
Stainless Steel 316,38.1,2.77,11.994,29.498,68.52,175332
Carbon Steel,50.8,2.77,3.038,10.088,17.06,14653
Carbon Steel,25.4,2.77,3.044,4.662,17.12,9534
Stainless Steel 304,76.2,3.05,12.028,68.2,72.57,319968
Carbon Steel,76.2,5.16,6.043,54.674,39.45,72835
Copper,76.2,3.05,3.05,18.898,22.21,230767
Stainless Steel 316,38.1,2.77,6.039,15.083,39.14,90041
PVC,203.2,2.77,2.982,7.302,17.72,18684
HDPE,203.2,3.96,2.979,7.109,18.7,16246
Stainless Steel 316,101.6,5.74,5.96,81.427,48.8,455726
Carbon Steel,25.4,3.38,8.995,16.543,36.2,26089
Stainless Steel 316,76.2,2.11,3.025,12.067,25.66,71048
PVC,50.8,1.65,12.011,4.273,32.71,14637
Stainless Steel 304,152.4,2.77,2.96,31.173,29.82,145535
Stainless Steel 316,25.4,3.38,3.008,5.618,25.55,34720
Stainless Steel 316,203.2,7.04,8.984,315.245,75.83,1747980
Carbon Steel,25.4,1.65,5.972,5.708,25.68,10971
PVC,203.2,3.96,11.963,41.441,41.08,98602
Carbon Steel,50.8,1.65,2.987,5.922,15.36,10542
Stainless Steel 304,304.8,4.78,11.997,439.532,87.85,1993432
Carbon Steel,203.2,7.04,11.954,408.973,66.07,502891
Stainless Steel 304,254.0,8.56,6.002,310.334,64.93,1408181
Carbon Steel,38.1,3.56,3.018,9.208,20.72,14881
HDPE,76.2,5.16,8.969,9.887,30.14,22800
Stainless Steel 304,25.4,2.77,2.956,4.707,24.58,26096
Copper,50.8,1.65,2.956,6.744,20.41,83579
Carbon Steel,101.6,2.11,8.983,46.441,40.26,63656
Carbon Steel,203.2,3.96,12.033,233.183,61.34,290575
Stainless Steel 304,101.6,2.11,8.962,47.268,61.22,224030
PVC,101.6,3.05,6.035,8.007,20.97,21569
Stainless Steel 304,254.0,3.4,6.022,128.816,45.07,587568
Stainless Steel 316,38.1,1.65,3.029,4.565,23.63,29465
Stainless Steel 304,152.4,6.35,11.953,277.254,78.94,1261066
Carbon Steel,254.0,4.78,9.018,270.611,49.03,333586
Stainless Steel 304,38.1,3.56,3.049,9.493,26.69,47047
Stainless Steel 316,76.2,3.05,11.978,66.883,78.45,381448
PVC,38.1,2.77,3.021,1.323,12.55,5027
Stainless Steel 316,25.4,3.38,3.001,5.7,23.53,35211
Carbon Steel,203.2,2.77,5.995,81.244,36.79,104822
Carbon Steel,50.8,2.77,3.022,9.832,18.96,15751
Copper,25.4,3.38,3.014,6.257,20.97,78942
Stainless Steel 316,254.0,8.56,5.995,315.004,73.11,1746085
Stainless Steel 316,203.2,2.77,2.952,40.165,38.9,227604
Stainless Steel 316,76.2,3.05,11.995,67.539,72.92,384379
HDPE,152.4,3.4,12.016,18.241,43.5,40245
PVC,25.4,1.65,8.969,1.553,26.31,8790
PVC,203.2,7.04,6.021,36.5,30.72,85295
Stainless Steel 304,101.6,5.74,2.999,40.861,34.51,189973
Stainless Steel 316,25.4,2.77,3.04,4.815,23.86,30344
Stainless Steel 304,76.2,3.05,3.027,16.797,27.78,80841
Stainless Steel 316,203.2,3.96,9.01,179.406,70.16,999772
Stainless Steel 316,38.1,1.65,11.962,18.537,60.01,113755
Stainless Steel 316,101.6,2.11,5.963,31.881,41.73,183484
Carbon Steel,25.4,3.38,8.988,16.686,38.4,27597
HDPE,50.8,1.65,5.997,1.458,18.69,6576
Carbon Steel,25.4,3.38,6.009,10.974,28.44,18338
PVC,25.4,2.77,8.983,2.455,25.41,9960
Stainless Steel 304,76.2,2.11,5.981,23.671,38.34,112810
Stainless Steel 304,25.4,3.38,12.006,22.537,56.3,110892
Stainless Steel 304,254.0,3.4,3.047,64.447,37.97,297013
Stainless Steel 304,38.1,3.56,5.999,18.705,39.87,91149
Galvanized Steel,25.4,2.77,3.037,4.664,20.7,11283
Stainless Steel 316,50.8,1.65,5.984,12.114,40.78,74693
Carbon Steel,76.2,2.11,5.988,22.964,27.52,32263
Stainless Steel 304,50.8,1.65,12.017,24.839,61.58,122294
Carbon Steel,25.4,2.77,3.039,4.722,17.57,8423
Galvanized Steel,101.6,2.11,8.974,46.608,42.76,77686
Carbon Steel,203.2,2.77,2.964,41.194,26.15,53799
Carbon Steel,38.1,3.56,12.045,36.66,53.12,53956
Stainless Steel 316,152.4,3.4,9.0,114.156,61.66,638196
Stainless Steel 316,203.2,3.96,5.965,116.599,51.69,650244
Stainless Steel 304,101.6,3.05,3.026,22.983,26.78,108888
Carbon Steel,50.8,2.77,11.962,39.472,53.58,57350
Galvanized Steel,38.1,2.77,3.012,7.233,21.5,14244
Galvanized Steel,50.8,3.91,9.014,41.391,45.5,69570
Stainless Steel 316,101.6,5.74,5.98,84.227,52.57,472556
Stainless Steel 304,25.4,2.77,3.044,4.838,22.45,25603
HDPE,50.8,1.65,8.969,2.179,25.61,8281
Carbon Steel,38.1,3.56,6.049,18.168,29.14,26033
Copper,50.8,1.65,9.013,20.537,45.17,254462
PVC,50.8,1.65,6.008,2.153,19.01,7775
Carbon Steel,101.6,3.05,12.041,90.927,50.93,119394
PVC,203.2,2.77,8.971,22.27,31.72,54202
Stainless Steel 304,25.4,1.65,3.008,2.964,20.49,16596
Carbon Steel,38.1,3.56,6.005,18.064,33.33,27156
Stainless Steel 316,50.8,3.91,6.019,27.504,42.98,158961
HDPE,38.1,1.65,9.038,1.63,26.05,8033
Stainless Steel 316,203.2,7.04,6.024,209.996,62.98,1166713
Carbon Steel,25.4,2.77,8.998,13.943,36.57,22541
PVC,25.4,1.65,3.028,0.516,10.36,2557
HDPE,50.8,3.91,11.959,6.593,37.71,18313
Carbon Steel,25.4,2.77,12.005,18.851,52.34,29949
Copper,50.8,1.65,11.977,27.377,51.34,338279
Stainless Steel 316,38.1,2.77,11.952,29.742,67.84,176011
Carbon Steel,25.4,2.77,8.975,13.874,40.49,23776
Carbon Steel,101.6,2.11,12.047,63.997,50.27,85428
Carbon Steel,254.0,3.4,11.95,253.937,62.35,316515
PVC,38.1,3.56,8.979,4.915,27.85,15068
Stainless Steel 304,50.8,2.77,3.003,9.937,25.8,48744
Carbon Steel,38.1,3.56,5.971,18.23,27.87,27036
Carbon Steel,38.1,2.77,9.003,21.531,40.36,32946
Stainless Steel 304,101.6,5.74,5.968,82.139,52.56,379461
Stainless Steel 304,38.1,2.77,12.011,29.61,62.47,145313
Carbon Steel,38.1,3.56,8.998,27.266,43.4,40203
Stainless Steel 316,101.6,2.11,6.021,31.824,41.0,181645
Stainless Steel 304,25.4,1.65,8.984,8.977,47.13,49051
Stainless Steel 304,101.6,3.05,2.998,22.914,26.19,108551
HDPE,101.6,2.11,11.957,7.371,34.47,20254
Stainless Steel 304,76.2,2.11,11.957,46.961,63.61,222443
Carbon Steel,38.1,1.65,3.018,4.503,15.28,7816
Stainless Steel 316,254.0,8.56,3.036,157.314,57.43,875152
HDPE,25.4,2.77,9.048,1.719,27.48,7573
Carbon Steel,50.8,1.65,8.988,18.431,37.21,29727
HDPE,152.4,2.77,8.958,11.21,31.4,26752
Carbon Steel,101.6,2.11,3.017,15.436,20.35,22859
Carbon Steel,76.2,3.05,5.983,32.637,30.3,44127
PVC,101.6,5.74,9.003,22.048,33.51,55525
Stainless Steel 304,38.1,2.77,12.017,30.025,64.16,146781
Carbon Steel,25.4,3.38,2.978,5.533,17.13,10150
Stainless Steel 316,101.6,5.74,5.986,81.651,55.37,459337
PVC,203.2,7.04,3.03,18.426,25.44,44957
Carbon Steel,254.0,3.4,12.013,255.201,58.61,316441
PVC,101.6,3.05,9.041,11.843,33.9,32406
Stainless Steel 316,152.4,6.35,6.011,137.528,53.44,766438
Stainless Steel 304,50.8,2.77,9.018,29.802,50.07,143341
Carbon Steel,50.8,3.91,11.955,53.355,50.75,73342
Carbon Steel,76.2,2.11,8.994,34.329,37.21,49236
HDPE,152.4,6.35,12.018,33.994,44.33,68888
Carbon Steel,38.1,2.77,6.003,14.377,26.73,22993
Galvanized Steel,101.6,2.11,11.951,61.079,57.9,101379
Stainless Steel 316,25.4,2.77,11.954,19.24,68.49,117985
Galvanized Steel,101.6,5.74,2.956,39.829,30.08,65400
Stainless Steel 316,203.2,3.96,8.995,179.813,69.93,1002106
Carbon Steel,38.1,2.77,11.951,29.22,53.3,44241
HDPE,76.2,5.16,11.955,13.413,39.03,32215
PVC,25.4,2.77,9.039,2.506,28.18,10708
Galvanized Steel,25.4,2.77,6.006,9.269,30.26,19194
HDPE,50.8,2.77,5.962,2.326,19.34,8806
PVC,25.4,2.77,2.954,0.817,11.76,4312
Stainless Steel 304,50.8,2.77,2.986,10.035,22.01,48795
PVC,50.8,1.65,2.979,1.062,12.11,4425
Stainless Steel 316,50.8,1.65,9.009,18.224,50.45,109616
Stainless Steel 304,76.2,5.16,9.027,82.837,57.0,383240
Carbon Steel,25.4,1.65,2.996,2.889,15.17,6218
PVC,152.4,2.77,12.046,21.75,40.63,54578
Carbon Steel,203.2,2.77,2.968,41.046,25.77,54246
Stainless Steel 304,76.2,2.11,11.96,46.982,59.31,222074
Stainless Steel 304,76.2,3.05,9.017,51.145,50.03,239867
Stainless Steel 316,25.4,2.77,8.969,13.892,54.19,86928
Stainless Steel 304,38.1,2.77,6.041,14.863,38.43,74809
Carbon Steel,38.1,2.77,11.981,29.468,48.91,44293
PVC,38.1,3.56,8.991,4.87,29.71,15898
Carbon Steel,76.2,3.05,5.96,32.435,30.96,44599
Carbon Steel,38.1,1.65,6.023,9.016,24.48,15198
PVC,25.4,1.65,2.99,0.509,11.2,3507
PVC,76.2,2.11,12.008,8.283,36.67,25352
Carbon Steel,76.2,2.11,8.962,34.787,41.38,48907
Copper,25.4,2.77,6.037,10.699,30.45,133391
Carbon Steel,152.4,2.77,8.988,92.859,42.99,119915
Stainless Steel 304,203.2,7.04,8.977,310.959,70.43,1411603
Galvanized Steel,152.4,6.35,11.962,275.071,62.44,424134
Carbon Steel,25.4,1.65,6.004,5.887,25.0,12010
Carbon Steel,50.8,1.65,12.03,23.526,46.83,37193
Stainless Steel 316,76.2,3.05,8.964,49.402,59.78,282227
PVC,50.8,1.65,2.951,1.049,11.24,4993
Carbon Steel,152.4,3.4,2.963,36.991,23.57,48835
PVC,25.4,1.65,6.007,1.031,16.16,5030
Stainless Steel 304,50.8,2.77,6.013,20.174,39.45,97511
Stainless Steel 316,25.4,2.77,12.007,18.839,63.92,115293
PVC,152.4,6.35,9.019,36.296,36.57,86449
Galvanized Steel,101.6,3.05,12.037,88.638,55.21,143169
Carbon Steel,203.2,3.96,2.98,57.739,28.49,74280
Carbon Steel,304.8,9.53,6.038,421.176,60.98,516102
Carbon Steel,50.8,2.77,9.045,29.646,39.33,42630
Stainless Steel 316,76.2,3.05,8.952,50.687,57.44,289216
Stainless Steel 304,76.2,3.05,9.027,51.202,54.53,239733
Carbon Steel,25.4,3.38,9.014,16.411,36.43,26065
PVC,25.4,1.65,2.965,0.509,11.16,2936
Carbon Steel,25.4,2.77,9.037,13.798,39.29,23235
Carbon Steel,38.1,3.56,11.985,36.084,50.09,52839
Stainless Steel 316,101.6,2.11,11.996,63.765,73.89,363930
Galvanized Steel,76.2,3.05,8.995,49.977,45.48,83244
PVC,25.4,1.65,2.971,0.523,10.06,3122
Carbon Steel,25.4,3.38,6.04,11.152,31.71,18157
Carbon Steel,38.1,2.77,6.016,14.531,28.05,21684
Stainless Steel 304,25.4,2.77,3.043,4.868,22.62,26520
PVC,25.4,3.38,8.964,2.931,30.38,12219
PVC,38.1,3.56,2.991,1.635,13.85,5991
PVC,25.4,2.77,11.964,3.244,36.72,13860
Carbon Steel,152.4,3.4,8.969,113.236,45.59,143988
PVC,38.1,1.65,11.983,3.154,33.13,12637
Carbon Steel,76.2,5.16,3.001,27.226,24.34,36425
Stainless Steel 316,38.1,3.56,11.982,37.698,70.08,219610
PVC,25.4,3.38,11.954,3.886,34.49,15244
Stainless Steel 316,76.2,2.11,3.042,11.897,24.9,69965
HDPE,25.4,1.65,12.046,1.396,33.7,8806
Copper,38.1,1.65,2.993,4.949,17.09,63362
PVC,38.1,1.65,12.045,3.187,34.44,12544
HDPE,38.1,3.56,11.961,4.452,31.36,13488
Stainless Steel 304,38.1,3.56,5.951,18.439,40.26,90521
Copper,76.2,3.05,8.993,56.864,49.52,691698
Copper,25.4,2.77,2.983,5.286,22.16,67276
PVC,152.4,2.77,2.972,5.495,15.95,14491
Stainless Steel 304,25.4,1.65,2.978,2.952,19.46,16677
Copper,203.2,2.77,11.957,188.682,71.23,2276976
Copper,50.8,3.91,5.951,30.782,37.7,375978
Copper,38.1,3.56,2.971,10.213,22.2,126453
Copper,152.4,3.4,3.047,43.319,29.01,524506
Copper,101.6,2.11,12.039,71.628,59.4,870482
Galvanized Steel,25.4,2.77,5.998,9.224,30.82,19476
Galvanized Steel,76.2,3.05,11.953,65.802,53.8,108279
Copper,50.8,2.77,8.994,33.856,47.31,415218
Carbon Steel,152.4,6.35,12.015,272.535,59.92,338785
Stainless Steel 316,25.4,3.38,2.969,5.558,26.37,35179
HDPE,50.8,2.77,12.002,4.781,33.83,14380
Galvanized Steel,254.0,3.4,9.002,188.973,58.32,293832
Carbon Steel,304.8,4.78,11.955,419.434,70.57,515332
PVC,101.6,5.74,3.006,7.276,19.55,19502
Carbon Steel,152.4,3.4,6.034,75.144,34.82,96808
Stainless Steel 304,38.1,1.65,12.042,18.025,62.5,92244
Stainless Steel 304,203.2,3.96,3.009,59.575,39.51,276147
Stainless Steel 304,25.4,2.77,8.954,14.153,50.0,72699
HDPE,25.4,3.38,3.004,0.662,13.22,4032
Stainless Steel 304,25.4,3.38,6.007,11.208,38.28,57019
PVC,76.2,2.11,11.988,8.225,33.35,23885
Stainless Steel 316,38.1,3.56,9.003,27.847,58.48,163745
Carbon Steel,76.2,2.11,8.959,34.406,40.74,49347
Copper,304.8,3.4,6.049,173.251,52.52,2087486
Stainless Steel 316,76.2,3.05,6.008,33.59,42.75,192407
Copper,38.1,1.65,12.006,20.093,53.55,250319
Carbon Steel,254.0,4.78,5.994,174.666,43.78,216553
Carbon Steel,304.8,4.78,12.043,421.861,70.36,518526
Carbon Steel,76.2,3.05,6.031,33.452,30.85,45282
Stainless Steel 304,76.2,2.11,3.008,11.774,25.02,58326
Copper,25.4,2.77,2.957,5.205,22.29,66557
Carbon Steel,101.6,2.11,12.012,62.467,49.48,82937
HDPE,50.8,1.65,11.991,2.874,35.36,11176
Carbon Steel,152.4,6.35,9.0,203.004,53.95,254133
Carbon Steel,50.8,1.65,6.006,12.111,27.55,19041
PVC,101.6,3.05,8.981,11.665,29.62,31390
HDPE,38.1,1.65,2.974,0.537,10.6,4187
Carbon Steel,76.2,5.16,2.999,26.78,25.9,36213
Carbon Steel,152.4,3.4,3.007,37.351,25.14,48139
HDPE,101.6,3.05,3.041,2.74,14.54,8323
PVC,25.4,3.38,8.974,2.913,28.64,12222
Copper,101.6,2.11,3.007,17.738,24.67,217485
Copper,203.2,7.04,12.025,468.371,80.25,5634906
PVC,25.4,1.65,11.997,2.084,35.24,10522
Carbon Steel,38.1,1.65,11.963,17.763,45.67,29854
Stainless Steel 304,38.1,3.56,9.031,27.884,52.22,135212
Stainless Steel 304,152.4,3.4,6.003,75.378,49.6,348199
Carbon Steel,38.1,3.56,9.011,27.296,42.22,40660
Copper,38.1,1.65,9.019,15.323,47.13,193335
Stainless Steel 304,152.4,3.4,12.011,153.141,74.03,701779
Stainless Steel 304,38.1,1.65,6.0,9.045,33.15,46319
Stainless Steel 316,203.2,3.96,12.02,234.16,81.98,1302565
Stainless Steel 316,25.4,3.38,9.028,16.905,54.55,103620
Stainless Steel 304,76.2,3.05,5.965,32.843,40.46,154895
Carbon Steel,152.4,6.35,5.955,135.323,39.26,170085
Carbon Steel,38.1,3.56,11.956,36.395,54.71,53298
Galvanized Steel,76.2,5.16,3.05,27.912,26.29,46537
Carbon Steel,25.4,1.65,12.036,11.46,45.68,21023
Stainless Steel 304,50.8,2.77,11.956,39.754,64.6,190893
Carbon Steel,203.2,7.04,6.033,204.784,44.62,253404
HDPE,38.1,1.65,12.018,2.152,31.84,10005
Stainless Steel 316,76.2,5.16,9.043,82.919,67.88,467766
Galvanized Steel,50.8,1.65,11.962,24.021,51.62,44897
Stainless Steel 316,25.4,1.65,11.979,12.011,67.51,78110
Stainless Steel 304,50.8,2.77,6.024,19.764,41.49,96707
Stainless Steel 316,152.4,3.4,11.959,152.611,76.11,852810
Stainless Steel 304,38.1,1.65,12.05,18.377,62.62,93717
Carbon Steel,203.2,3.96,5.994,115.43,39.31,146065
Copper,203.2,3.96,3.008,67.409,33.12,814305
Carbon Steel,76.2,3.05,5.965,32.45,29.65,43871
Stainless Steel 316,50.8,3.91,12.004,55.512,78.44,319447
Stainless Steel 316,50.8,1.65,9.012,18.613,53.22,111863
Stainless Steel 316,76.2,2.11,11.959,46.563,66.04,267710
Stainless Steel 304,25.4,3.38,6.027,11.207,39.1,57124
HDPE,50.8,2.77,2.958,1.178,13.08,4740
Carbon Steel,38.1,2.77,2.966,7.176,18.34,12265
HDPE,38.1,2.77,8.962,2.623,25.93,9252
HDPE,50.8,2.77,2.965,1.153,12.66,4317
Carbon Steel,50.8,1.65,5.965,11.85,28.51,19256
Carbon Steel,101.6,3.05,2.989,22.316,20.58,30282
Stainless Steel 304,25.4,3.38,11.977,21.992,64.27,110813
HDPE,25.4,3.38,8.971,2.001,25.31,7892
Stainless Steel 304,25.4,3.38,5.964,10.937,35.96,56179
Carbon Steel,25.4,2.77,9.029,14.097,36.25,23255
Carbon Steel,76.2,2.11,9.012,34.761,39.28,48704
Copper,76.2,5.16,11.965,124.077,69.05,1500907
Stainless Steel 316,50.8,3.91,12.041,55.098,70.13,315638
Copper,25.4,1.65,5.95,6.557,28.22,83340
Carbon Steel,38.1,1.65,8.999,13.292,37.62,23207
Carbon Steel,203.2,7.04,12.032,409.727,66.83,504053
Stainless Steel 304,101.6,2.11,5.959,32.128,39.75,150743
Stainless Steel 304,76.2,3.05,6.013,33.628,40.23,158043
Galvanized Steel,25.4,1.65,6.047,5.843,27.84,13766
Stainless Steel 304,203.2,2.77,5.992,83.432,44.53,384201
Stainless Steel 316,254.0,4.78,11.996,358.349,94.23,1988290
Stainless Steel 304,38.1,1.65,6.011,9.125,35.35,46760
Stainless Steel 304,38.1,3.56,2.992,9.201,24.19,45416
Copper,50.8,3.91,3.044,15.815,28.02,193980
Carbon Steel,38.1,3.56,8.962,27.658,41.69,40936
Stainless Steel 316,76.2,5.16,9.017,83.936,62.88,471941
Carbon Steel,101.6,5.74,8.962,119.242,50.4,152440
Carbon Steel,50.8,2.77,3.007,9.823,18.9,15058
Galvanized Steel,50.8,3.91,9.038,40.133,44.5,67979
Carbon Steel,254.0,3.4,5.967,124.634,37.65,156312
Stainless Steel 316,38.1,3.56,5.974,18.297,45.48,109484
PVC,50.8,2.77,2.979,1.744,12.41,5770
Stainless Steel 304,152.4,6.35,6.022,139.532,48.96,636844
Carbon Steel,76.2,3.05,2.958,16.275,20.4,23539
PVC,38.1,3.56,3.033,1.67,12.54,6907
HDPE,25.4,3.38,3.048,0.673,12.21,3674
PVC,152.4,6.35,8.994,37.101,33.14,87559
Carbon Steel,203.2,3.96,3.005,59.125,28.11,76740
Galvanized Steel,76.2,3.05,5.978,32.542,32.0,54923
PVC,50.8,1.65,8.953,3.147,26.95,11342
Carbon Steel,203.2,3.96,11.993,233.225,63.01,292531
HDPE,152.4,2.77,2.966,3.738,15.27,9056
Galvanized Steel,38.1,2.77,8.966,21.5,42.72,39638
PVC,76.2,2.11,12.017,8.314,38.2,24940
HDPE,76.2,2.11,8.959,4.3,24.93,11561
Carbon Steel,25.4,2.77,12.019,18.737,48.41,31953
Stainless Steel 304,50.8,3.91,6.023,27.906,41.33,132848
Carbon Steel,38.1,3.56,2.997,8.99,19.38,14989
Stainless Steel 304,203.2,2.77,2.968,40.693,35.67,189474
Stainless Steel 304,38.1,2.77,8.978,22.115,53.31,108646
Carbon Steel,50.8,2.77,11.954,39.399,48.28,55974
Stainless Steel 304,76.2,5.16,8.964,82.49,55.42,380313
Carbon Steel,152.4,6.35,12.017,275.369,66.79,342290
Carbon Steel,25.4,1.65,5.959,5.696,24.17,12012
HDPE,50.8,1.65,3.01,0.719,11.83,3172
Stainless Steel 316,50.8,1.65,2.971,6.047,21.27,36960
Stainless Steel 316,152.4,3.4,6.044,76.229,48.02,427984
Stainless Steel 304,25.4,2.77,11.989,18.885,66.61,97308
HDPE,152.4,6.35,11.964,32.954,48.69,68404
Copper,101.6,3.05,5.989,51.015,40.1,620188
Stainless Steel 316,76.2,5.16,12.035,111.149,83.15,626461
Galvanized Steel,25.4,2.77,11.968,18.468,54.02,37767
Stainless Steel 304,50.8,2.77,9.043,30.511,53.72,146788
Copper,101.6,2.11,2.954,17.111,23.83,209106
Stainless Steel 316,203.2,2.77,2.979,41.666,36.16,236708
Stainless Steel 316,25.4,3.38,11.988,22.302,74.91,135584
Stainless Steel 316,254.0,8.56,11.987,633.331,108.52,3503087
Stainless Steel 316,152.4,3.4,2.956,37.797,36.71,214853
Carbon Steel,101.6,3.05,6.042,44.566,33.55,59531
Stainless Steel 304,38.1,1.65,3.018,4.565,20.77,24487
HDPE,101.6,2.11,9.026,5.69,27.73,14500
Carbon Steel,76.2,2.11,9.034,34.525,37.57,48720
Carbon Steel,254.0,3.4,11.98,250.92,65.93,312462
Stainless Steel 316,38.1,2.77,6.029,14.667,40.71,88017
HDPE,38.1,3.56,11.974,4.476,35.84,13715
HDPE,25.4,1.65,5.99,0.708,18.82,5211
Stainless Steel 304,76.2,5.16,5.979,54.57,46.88,254550
HDPE,152.4,6.35,6.049,16.667,30.62,35516
Copper,50.8,3.91,12.01,61.004,64.99,743924
Copper,25.4,1.65,6.007,6.575,35.73,85987
Stainless Steel 316,203.2,7.04,9.026,311.331,73.04,1725411
HDPE,25.4,1.65,5.987,0.694,18.09,4317
HDPE,152.4,2.77,9.001,11.226,29.29,25708
Galvanized Steel,203.2,3.96,3.042,58.782,31.87,93627
Carbon Steel,101.6,3.05,8.976,66.836,43.94,88337
Copper,76.2,2.11,11.952,51.623,61.61,630477
Carbon Steel,50.8,2.77,2.951,9.686,19.27,14682
Stainless Steel 304,25.4,2.77,8.983,14.17,51.69,73175
Carbon Steel,76.2,3.05,11.965,66.183,47.96,87824
PVC,38.1,3.56,6.018,3.154,20.72,10681
PVC,76.2,2.11,5.973,4.046,20.94,13229
Copper,50.8,1.65,3.03,6.822,19.78,85967
Copper,76.2,5.16,11.978,122.538,63.35,1482560
Stainless Steel 304,38.1,2.77,8.956,22.049,51.97,108894
Carbon Steel,25.4,3.38,11.955,21.877,51.83,36202
PVC,38.1,2.77,6.005,2.549,20.9,9541
Stainless Steel 304,76.2,2.11,12.039,47.826,60.49,226803
Copper,101.6,3.05,3.016,25.759,25.95,313193
Stainless Steel 304,50.8,2.77,2.965,9.909,23.73,48465
Copper,101.6,2.11,2.968,17.227,25.45,211885
Stainless Steel 304,38.1,3.56,2.977,9.334,25.0,46369
HDPE,304.8,4.78,3.023,13.08,24.44,28275
Carbon Steel,304.8,3.4,3.029,76.24,34.65,98748
Carbon Steel,25.4,3.38,2.962,5.552,17.41,9533
PVC,152.4,2.77,6.006,10.918,25.18,28272
Stainless Steel 304,38.1,3.56,12.031,37.99,69.63,182827
PVC,25.4,2.77,8.984,2.474,28.54,10764
Carbon Steel,50.8,1.65,9.047,18.056,36.42,28443
Galvanized Steel,38.1,3.56,12.016,36.46,56.83,63662
Carbon Steel,25.4,3.38,2.985,5.497,17.67,9959
HDPE,38.1,1.65,6.0,1.095,18.47,4616
Carbon Steel,152.4,2.77,2.966,30.526,22.23,40145
Copper,38.1,2.77,8.951,24.866,46.78,306931
PVC,25.4,1.65,8.959,1.529,22.76,8413
Carbon Steel,152.4,6.35,12.02,273.373,63.97,340028
HDPE,152.4,2.77,5.952,7.321,23.76,17183
Stainless Steel 304,76.2,3.05,3.009,16.852,25.65,79848
Stainless Steel 304,25.4,1.65,5.958,5.83,33.03,32494
Stainless Steel 316,101.6,2.11,8.974,47.472,54.15,270881
Carbon Steel,25.4,1.65,6.012,5.849,23.63,12445
Carbon Steel,38.1,2.77,8.952,21.524,38.56,32925
Stainless Steel 304,76.2,5.16,11.979,109.169,75.39,503432
Copper,25.4,2.77,8.958,15.915,46.39,198827
Stainless Steel 316,101.6,5.74,8.975,122.966,64.24,688419
Stainless Steel 316,25.4,2.77,2.976,4.793,23.35,30480
Carbon Steel,203.2,7.04,6.025,204.946,47.56,254699
Carbon Steel,25.4,1.65,12.033,11.679,38.82,21336
Copper,38.1,3.56,2.983,10.199,23.21,127292
Stainless Steel 304,38.1,3.56,12.039,36.783,68.23,178038
Stainless Steel 304,101.6,3.05,9.03,68.658,55.01,318327
Carbon Steel,101.6,5.74,12.048,165.62,56.59,208865
Stainless Steel 304,38.1,1.65,12.002,18.415,63.49,94692
Copper,38.1,1.65,8.992,15.178,40.01,189451
Stainless Steel 304,25.4,1.65,8.987,9.051,48.98,50032
Stainless Steel 304,50.8,2.77,12.025,40.191,65.95,192375
Stainless Steel 304,38.1,2.77,3.007,7.28,22.58,35951
Carbon Steel,101.6,3.05,11.958,88.695,54.76,116638
Stainless Steel 304,152.4,3.4,9.047,114.514,62.76,526329
Stainless Steel 316,25.4,3.38,8.996,16.601,59.11,101526
Carbon Steel,101.6,3.05,6.038,45.209,33.78,60419
Carbon Steel,38.1,1.65,2.992,4.47,15.17,8006
Stainless Steel 304,101.6,3.05,6.037,46.198,39.69,215290
Stainless Steel 316,50.8,1.65,2.97,6.085,19.29,36457
Stainless Steel 316,25.4,2.77,9.021,13.962,52.72,86639
PVC,76.2,2.11,6.042,4.092,21.8,12864
Stainless Steel 304,50.8,2.77,9.033,29.936,54.16,145271
Stainless Steel 304,50.8,3.91,6.003,27.429,41.24,130309
Carbon Steel,76.2,5.16,12.016,108.534,54.22,140343
Copper,25.4,1.65,9.019,9.82,45.77,126242
Stainless Steel 316,76.2,2.11,6.045,23.859,40.37,138673
Carbon Steel,304.8,3.4,3.045,76.617,32.94,97719
HDPE,38.1,2.77,12.042,3.444,34.89,12077
Carbon Steel,50.8,1.65,9.021,18.071,35.23,28178
Carbon Steel,25.4,1.65,12.044,11.714,44.81,22022
Stainless Steel 304,25.4,2.77,11.982,19.479,57.35,98466
Carbon Steel,76.2,5.16,2.974,26.958,25.24,36348
HDPE,50.8,1.65,6.021,1.455,18.37,6381
Carbon Steel,38.1,1.65,11.977,17.966,45.69,29354
Copper,101.6,5.74,8.994,139.734,58.46,1687507
Stainless Steel 304,152.4,2.77,6.047,63.904,46.62,296140
Stainless Steel 304,25.4,2.77,6.026,9.712,37.83,49921
Carbon Steel,304.8,9.53,12.024,827.296,76.71,1006529
HDPE,25.4,2.77,3.016,0.563,11.96,3077
Copper,38.1,3.56,6.018,20.803,33.4,254862
Copper,38.1,3.56,2.958,10.117,23.51,126404
Carbon Steel,25.4,2.77,9.024,13.866,41.92,24567
Stainless Steel 316,101.6,2.11,12.049,62.864,72.9,359204
Stainless Steel 304,101.6,2.11,11.952,62.276,68.9,292506
Stainless Steel 304,25.4,1.65,12.006,11.779,63.67,63899
HDPE,76.2,3.05,2.961,1.964,14.57,6301
HDPE,50.8,3.91,3.015,1.666,14.2,6339
Carbon Steel,25.4,2.77,8.972,14.133,39.21,24265
Stainless Steel 304,76.2,3.05,6.019,33.112,40.2,155888
HDPE,50.8,1.65,5.955,1.427,18.01,5880
Carbon Steel,38.1,3.56,6.05,18.634,28.65,27315
Stainless Steel 304,38.1,2.77,8.997,22.288,53.42,109059
Stainless Steel 316,76.2,3.05,12.02,67.997,71.77,386183
Stainless Steel 316,25.4,1.65,9.019,8.898,53.04,59442
Carbon Steel,101.6,2.11,2.986,15.643,21.49,22240
Galvanized Steel,304.8,9.53,12.005,820.983,86.45,1246971
Stainless Steel 304,38.1,1.65,2.958,4.53,20.05,24316
Carbon Steel,25.4,1.65,6.013,5.748,27.99,12790
Stainless Steel 316,76.2,5.16,2.956,26.745,33.53,153133
Carbon Steel,50.8,2.77,11.96,39.137,55.09,57506
PVC,38.1,3.56,5.989,3.305,20.57,11730
Carbon Steel,304.8,3.4,2.961,75.72,33.77,98051
Carbon Steel,38.1,1.65,8.989,13.333,33.37,22988
Stainless Steel 316,50.8,1.65,11.993,24.831,62.93,148060
Carbon Steel,50.8,2.77,5.964,19.734,30.28,29057
PVC,304.8,3.4,12.0,53.981,48.05,127955
Stainless Steel 304,203.2,3.96,11.978,236.323,75.54,1076214
Stainless Steel 316,50.8,1.65,12.03,24.549,60.54,145593
PVC,25.4,3.38,8.99,2.94,29.24,11953
Carbon Steel,50.8,3.91,12.001,53.607,53.12,73257
Stainless Steel 316,203.2,3.96,2.998,60.797,44.56,342130
Stainless Steel 304,101.6,3.05,11.98,89.112,71.0,413974
Galvanized Steel,76.2,3.05,6.036,32.821,30.6,54615
Stainless Steel 316,50.8,1.65,3.046,6.272,23.32,38271
Copper,101.6,2.11,12.034,71.996,64.47,874956
Carbon Steel,152.4,2.77,8.965,91.582,43.96,117217
Galvanized Steel,203.2,3.96,12.016,234.546,65.76,364457
Galvanized Steel,203.2,2.77,11.977,161.454,61.55,252907
Carbon Steel,25.4,2.77,5.955,9.043,24.78,15196
Copper,25.4,3.38,2.959,6.114,22.78,77358
PVC,254.0,4.78,9.026,46.537,38.67,110164
PVC,25.4,1.65,5.997,1.019,17.16,5221
Galvanized Steel,76.2,5.16,9.031,80.446,49.03,128811
Stainless Steel 304,76.2,5.16,11.961,109.854,78.06,508010
Carbon Steel,304.8,3.4,2.963,74.903,29.41,95793
Stainless Steel 316,50.8,3.91,11.963,55.622,73.03,318601
HDPE,101.6,5.74,11.997,19.887,39.13,42336
Galvanized Steel,152.4,2.77,8.978,91.288,51.2,146686
Carbon Steel,203.2,2.77,11.959,165.112,62.06,208513
Stainless Steel 304,76.2,2.11,12.027,47.344,72.42,225933
Carbon Steel,203.2,2.77,12.032,162.039,62.91,205625
Stainless Steel 316,25.4,1.65,5.993,5.824,38.18,39164
Stainless Steel 304,50.8,2.77,6.01,20.151,37.23,97922
Carbon Steel,76.2,2.11,3.035,11.621,19.16,17253
Stainless Steel 304,38.1,2.77,5.966,14.698,34.87,72936
Galvanized Steel,76.2,2.11,2.974,11.239,21.12,20919
PVC,38.1,1.65,9.016,2.359,27.21,9956
Stainless Steel 304,25.4,3.38,6.03,11.24,42.09,59038
Stainless Steel 304,76.2,5.16,12.044,111.118,74.71,512807
Stainless Steel 304,76.2,3.05,2.985,16.706,25.89,78764
HDPE,25.4,3.38,3.018,0.675,13.08,4400
Stainless Steel 316,101.6,5.74,12.039,168.582,82.68,941884
Stainless Steel 316,38.1,3.56,2.964,9.214,26.68,55786
Carbon Steel,304.8,3.4,6.024,151.734,40.85,189314
Carbon Steel,76.2,5.16,9.01,81.25,42.44,103834
Carbon Steel,50.8,2.77,6.046,19.91,28.49,29241
Carbon Steel,25.4,3.38,11.97,21.823,48.14,34495
Carbon Steel,76.2,2.11,11.967,45.961,49.91,63756
HDPE,25.4,3.38,3.015,0.676,13.16,4288
Galvanized Steel,101.6,5.74,12.026,160.296,72.72,252767
Stainless Steel 316,25.4,1.65,5.991,5.883,35.59,38202
Copper,152.4,2.77,2.997,35.289,31.71,427699
Stainless Steel 316,76.2,3.05,5.993,33.144,45.42,189426
Stainless Steel 304,38.1,1.65,12.001,17.932,55.12,90847
Galvanized Steel,76.2,3.05,6.007,32.816,35.75,55271
HDPE,25.4,1.65,6.014,0.698,18.45,4133
Galvanized Steel,50.8,3.91,2.951,13.221,22.18,23614
Carbon Steel,38.1,2.77,5.965,14.503,27.66,22220
Copper,76.2,2.11,11.958,53.018,63.8,645982
Carbon Steel,50.8,3.91,11.954,53.402,44.96,72279
HDPE,38.1,2.77,2.97,0.886,13.49,3566
Stainless Steel 304,203.2,7.04,5.999,209.622,62.49,954706
Carbon Steel,25.4,3.38,6.003,11.072,28.76,18265
Copper,152.4,3.4,3.001,43.404,28.76,526198
HDPE,38.1,2.77,9.008,2.658,27.93,9308
Carbon Steel,25.4,3.38,6.002,10.849,27.76,17016
Stainless Steel 304,101.6,5.74,12.025,166.534,79.55,764015
Carbon Steel,304.8,9.53,12.022,840.003,83.42,1022508
Carbon Steel,101.6,2.11,3.039,15.699,19.04,23281
Stainless Steel 304,25.4,1.65,6.021,5.898,32.99,31978
HDPE,101.6,5.74,3.039,4.963,18.85,11673
PVC,25.4,3.38,6.007,1.96,18.03,6756
Carbon Steel,25.4,3.38,2.967,5.518,19.36,9872
Stainless Steel 316,25.4,2.77,8.974,14.114,52.06,86672
Stainless Steel 304,25.4,3.38,6.037,11.307,40.63,58684
HDPE,101.6,5.74,6.015,9.927,25.19,22820
HDPE,50.8,3.91,12.048,6.635,36.88,18749
Stainless Steel 316,50.8,1.65,2.983,6.118,22.99,37021
Carbon Steel,38.1,3.56,12.008,36.101,56.66,52755
Copper,25.4,2.77,6.017,10.626,35.39,134076
Carbon Steel,152.4,2.77,2.978,29.979,24.16,40186
HDPE,101.6,2.11,12.037,7.602,35.77,19385
PVC,101.6,5.74,6.034,14.659,25.26,36893
HDPE,25.4,3.38,3.002,0.658,11.46,3286
Carbon Steel,38.1,2.77,6.015,14.465,28.45,22685
Galvanized Steel,152.4,3.4,6.001,74.419,35.49,118462
Stainless Steel 316,25.4,2.77,8.983,14.24,54.76,88556
Carbon Steel,101.6,5.74,2.972,40.278,25.26,52707
Stainless Steel 316,101.6,2.11,8.96,47.109,58.12,268694
Stainless Steel 304,76.2,3.05,9.049,50.283,54.11,235554
Stainless Steel 316,254.0,3.4,12.004,252.532,88.08,1404667
Galvanized Steel,152.4,6.35,5.978,137.991,44.38,215739
Carbon Steel,25.4,3.38,12.046,21.898,46.34,34796
Stainless Steel 316,304.8,4.78,5.978,215.229,64.16,1195560
HDPE,38.1,3.56,8.995,3.336,27.15,11154
Carbon Steel,38.1,1.65,6.039,8.916,23.57,15435
Carbon Steel,38.1,1.65,12.038,17.699,48.64,30079
Copper,101.6,5.74,6.018,92.677,42.77,1120123
Stainless Steel 304,50.8,3.91,11.998,55.529,74.7,263390
PVC,254.0,4.78,6.031,31.764,28.92,75417
Stainless Steel 304,25.4,1.65,9.018,8.905,45.96,48631
Carbon Steel,50.8,3.91,6.007,26.99,29.85,37862
Stainless Steel 316,50.8,2.77,3.033,10.163,24.61,60914
PVC,50.8,2.77,12.021,7.053,38.31,21744
Stainless Steel 304,152.4,6.35,5.989,139.603,51.04,636602
Stainless Steel 304,25.4,1.65,2.986,2.96,20.49,17193
Carbon Steel,50.8,2.77,9.034,29.883,38.63,42502
HDPE,50.8,1.65,11.999,2.917,31.63,11167
Carbon Steel,101.6,3.05,5.991,44.59,32.23,58725
Carbon Steel,50.8,2.77,11.968,39.162,51.77,56832
Stainless Steel 316,38.1,2.77,12.048,29.644,70.43,176037
Copper,25.4,3.38,11.971,24.898,68.84,310295
HDPE,101.6,2.11,9.001,5.645,29.85,15588
Copper,76.2,3.05,3.001,19.035,24.12,232402
Carbon Steel,76.2,3.05,8.975,49.764,40.36,67705
Stainless Steel 304,25.4,2.77,8.971,14.066,52.29,72828
Stainless Steel 304,25.4,3.38,5.989,11.317,42.01,58344
Stainless Steel 316,254.0,4.78,8.984,268.242,67.49,1487121
HDPE,152.4,6.35,6.008,16.398,31.71,34712
HDPE,101.6,3.05,6.023,5.375,22.91,13998
Stainless Steel 316,152.4,6.35,11.953,277.256,86.27,1539825
Stainless Steel 316,152.4,3.4,3.049,38.851,33.64,220183
Carbon Steel,25.4,3.38,9.043,16.41,39.25,26179
Carbon Steel,38.1,1.65,5.991,8.95,27.54,16556
Copper,101.6,2.11,3.005,17.779,26.51,217388
Stainless Steel 316,101.6,5.74,12.025,170.625,84.59,953673
Stainless Steel 316,25.4,1.65,8.971,8.788,48.73,57608
Stainless Steel 304,152.4,6.35,9.028,207.352,73.34,946157
Stainless Steel 304,50.8,3.91,11.997,55.665,71.3,262647
PVC,76.2,5.16,5.973,9.641,24.4,25502
Copper,25.4,3.38,9.019,18.685,45.8,231520
Stainless Steel 316,38.1,2.77,6.047,14.885,41.53,88899
Stainless Steel 304,50.8,2.77,8.956,29.364,49.46,141616
HDPE,50.8,1.65,9.016,2.177,24.36,7796
Carbon Steel,50.8,1.65,9.009,18.239,38.23,28639
Stainless Steel 304,203.2,7.04,6.01,209.289,57.55,952346
Stainless Steel 304,25.4,1.65,8.969,8.806,48.53,48570
Carbon Steel,76.2,2.11,2.978,11.34,16.76,16192
Galvanized Steel,101.6,2.11,2.957,15.318,22.29,27749
Stainless Steel 316,152.4,6.35,3.046,69.931,46.12,393580
Copper,25.4,3.38,11.994,24.707,60.67,306905
Stainless Steel 316,152.4,3.4,8.976,116.194,65.29,650852
HDPE,101.6,5.74,6.017,10.014,26.24,22881
Carbon Steel,152.4,6.35,6.02,140.465,40.1,175980
Carbon Steel,50.8,3.91,9.019,40.554,39.63,56328
PVC,101.6,2.11,5.969,5.541,21.92,16021
Stainless Steel 304,38.1,3.56,9.031,28.246,51.85,135824
Stainless Steel 304,50.8,2.77,12.03,40.153,71.23,193036
Carbon Steel,254.0,8.56,8.995,465.117,60.42,569109
Stainless Steel 316,76.2,5.16,2.975,27.389,34.64,157032
Stainless Steel 316,101.6,5.74,9.012,123.497,68.27,691418
Carbon Steel,25.4,3.38,11.998,21.886,47.29,33761
Carbon Steel,25.4,1.65,9.045,8.755,37.03,16741
Copper,38.1,2.77,12.04,33.067,59.1,407320
Carbon Steel,50.8,2.77,9.04,29.839,38.78,42368
HDPE,101.6,3.05,3.0,2.692,15.42,7336
Copper,76.2,5.16,8.961,93.571,54.77,1132753
Stainless Steel 304,50.8,2.77,2.96,9.939,23.12,48771
Carbon Steel,101.6,5.74,8.962,120.814,47.22,153152
Carbon Steel,38.1,1.65,5.961,8.892,26.21,16094
Galvanized Steel,25.4,1.65,9.008,8.701,41.69,19772
Stainless Steel 304,254.0,4.78,8.975,264.358,70.6,1202835
Stainless Steel 304,101.6,5.74,8.98,123.622,63.12,567517
Stainless Steel 316,38.1,3.56,11.952,36.758,67.73,213828
PVC,152.4,6.35,5.98,24.431,29.99,59843
Stainless Steel 304,25.4,2.77,9.032,14.308,49.89,72943
Carbon Steel,304.8,4.78,6.021,211.323,43.19,261534
Carbon Steel,50.8,1.65,9.04,17.986,35.95,27733
Carbon Steel,38.1,1.65,3.023,4.597,15.44,8568
Galvanized Steel,203.2,7.04,11.98,404.139,68.21,619565
PVC,152.4,2.77,8.957,16.575,33.4,43142
Carbon Steel,254.0,8.56,5.961,306.527,53.92,377919
Carbon Steel,76.2,3.05,11.982,66.344,48.72,87862
Carbon Steel,76.2,3.05,6.04,33.507,29.88,45709
Carbon Steel,25.4,2.77,2.955,4.583,16.33,8327
Carbon Steel,76.2,3.05,6.048,33.115,31.88,44438
Stainless Steel 304,76.2,3.05,11.983,68.439,63.63,319910
Stainless Steel 316,254.0,4.78,11.992,361.745,92.64,2006873
Stainless Steel 304,101.6,2.11,8.982,46.906,53.94,221172
Copper,152.4,3.4,9.036,127.332,55.85,1537865
Stainless Steel 316,101.6,2.11,3.021,15.95,27.42,92030
Carbon Steel,76.2,3.05,2.968,16.418,20.18,23261
Stainless Steel 304,304.8,4.78,3.013,108.689,48.3,498422
Stainless Steel 316,25.4,1.65,12.043,11.877,67.45,76416
Stainless Steel 316,101.6,3.05,3.047,22.946,28.2,131300
Stainless Steel 304,38.1,1.65,2.993,4.506,21.57,23746
Stainless Steel 304,25.4,2.77,6.015,9.67,36.52,50255
HDPE,38.1,3.56,11.986,4.42,34.03,14549
Stainless Steel 304,76.2,2.11,11.99,47.735,60.64,226037
PVC,101.6,2.11,6.05,5.497,19.29,15790
Stainless Steel 316,25.4,3.38,9.021,17.155,51.52,102993
Carbon Steel,76.2,3.05,2.997,16.482,19.61,23371
PVC,76.2,3.05,12.003,11.77,37.17,32201
Stainless Steel 304,76.2,5.16,2.964,27.019,35.56,127620
Stainless Steel 316,25.4,3.38,12.002,22.277,73.3,135440
Carbon Steel,152.4,6.35,8.995,206.168,52.96,256910
Stainless Steel 304,50.8,3.91,9.041,41.978,57.57,200037
Copper,304.8,4.78,6.025,240.414,61.57,2895598
PVC,50.8,1.65,2.995,1.084,11.43,3699
PVC,25.4,1.65,2.952,0.522,10.76,3474
Stainless Steel 304,25.4,3.38,9.001,16.968,48.42,84707
Carbon Steel,38.1,2.77,2.998,7.103,18.92,11925
Stainless Steel 304,25.4,1.65,9.01,8.948,49.15,49214
PVC,152.4,2.77,6.045,10.821,25.68,28527
Stainless Steel 304,25.4,1.65,6.007,5.825,32.13,32086
Stainless Steel 304,76.2,3.05,3.001,16.832,26.94,81102
Galvanized Steel,152.4,2.77,5.959,59.875,36.09,96193
Stainless Steel 304,38.1,2.77,9.034,22.118,48.68,107851
Stainless Steel 304,38.1,2.77,5.992,14.585,36.79,71751
Carbon Steel,38.1,1.65,11.962,17.9,48.66,31037
PVC,152.4,3.4,12.046,27.181,40.33,65888
Carbon Steel,152.4,6.35,12.04,277.63,61.81,343975
Carbon Steel,25.4,1.65,12.05,11.617,47.36,22402
Stainless Steel 316,50.8,3.91,5.986,28.275,42.19,163289
Carbon Steel,76.2,3.05,5.962,32.871,30.49,45086
HDPE,76.2,2.11,12.047,5.667,34.51,15757
Copper,101.6,5.74,12.031,188.474,71.85,2275156
Carbon Steel,76.2,2.11,8.978,34.399,36.56,47173
Stainless Steel 316,152.4,2.77,9.047,95.125,59.8,533920
Carbon Steel,38.1,1.65,6.034,8.998,26.76,14894
Carbon Steel,76.2,5.16,8.989,82.881,46.0,108018
HDPE,76.2,2.11,12.024,5.638,32.62,15476
Stainless Steel 304,38.1,1.65,3.032,4.569,18.33,23850
Stainless Steel 316,101.6,2.11,3.005,16.009,27.67,92480
Stainless Steel 304,76.2,2.11,11.957,47.059,63.35,224128
Carbon Steel,152.4,2.77,11.983,123.476,57.67,158567
Stainless Steel 316,50.8,3.91,12.035,55.121,73.69,316316
Stainless Steel 304,76.2,5.16,11.974,110.656,73.06,511203
Stainless Steel 304,101.6,5.74,9.001,123.378,59.75,566127
PVC,50.8,3.91,5.958,4.737,23.33,15035
Carbon Steel,203.2,7.04,2.986,101.096,36.31,127733
Galvanized Steel,38.1,1.65,2.964,4.424,16.92,9619
Carbon Steel,25.4,2.77,5.999,9.23,27.71,15686
Stainless Steel 304,25.4,3.38,3.024,5.773,23.38,30927
Stainless Steel 316,38.1,1.65,12.014,18.19,68.01,113246
Carbon Steel,50.8,3.91,9.047,41.124,43.42,56897
Stainless Steel 304,50.8,1.65,3.009,6.071,22.2,30323
Carbon Steel,38.1,1.65,6.0,8.959,27.49,15869
Copper,76.2,3.05,11.963,73.881,53.12,895967
HDPE,50.8,2.77,8.959,3.555,26.79,11581
PVC,25.4,2.77,9.036,2.442,28.66,9158
Stainless Steel 304,50.8,1.65,5.963,12.215,33.76,61336
PVC,25.4,1.65,9.044,1.574,25.48,7742
Carbon Steel,50.8,3.91,2.966,13.349,19.98,19840
Carbon Steel,25.4,1.65,6.015,5.835,25.88,11064
Copper,25.4,3.38,5.977,12.39,35.6,155375
Stainless Steel 316,25.4,1.65,2.999,2.975,21.23,20178
HDPE,50.8,1.65,5.96,1.458,17.93,5472
Stainless Steel 316,38.1,3.56,12.017,37.41,70.87,218478
Carbon Steel,76.2,2.11,6.013,23.576,27.98,32349
Carbon Steel,38.1,1.65,9.024,13.375,37.64,22348
Carbon Steel,38.1,2.77,8.979,21.745,39.11,33248
Copper,25.4,2.77,2.962,5.167,22.04,66552
PVC,50.8,2.77,5.954,3.502,20.89,12204
Galvanized Steel,25.4,1.65,9.025,8.727,38.5,19973
Carbon Steel,76.2,2.11,8.964,34.18,38.25,48268
Stainless Steel 316,38.1,3.56,8.998,28.028,55.96,163607
Carbon Steel,38.1,1.65,12.022,17.612,49.23,29075
Carbon Steel,38.1,1.65,3.039,4.484,14.85,8234
Stainless Steel 304,50.8,1.65,11.976,23.779,57.93,117494
Copper,101.6,3.05,2.987,25.25,26.95,308613
Stainless Steel 316,25.4,2.77,2.982,4.661,24.77,30555
Stainless Steel 316,38.1,3.56,5.991,18.646,41.53,110861
Copper,38.1,1.65,6.024,10.152,30.91,127525
Stainless Steel 316,25.4,1.65,5.964,5.841,35.13,38171
Carbon Steel,38.1,2.77,9.006,21.643,38.08,32714
Carbon Steel,38.1,2.77,11.951,28.912,51.22,43480
Carbon Steel,50.8,2.77,8.952,29.385,41.88,42363
Carbon Steel,101.6,5.74,12.041,160.726,62.46,204044
Carbon Steel,25.4,2.77,9.033,13.87,37.51,23831
HDPE,152.4,2.77,3.038,3.785,15.77,9595
Carbon Steel,50.8,3.91,8.999,40.998,42.55,56491
Stainless Steel 304,254.0,3.4,6.014,128.25,52.05,586541
Stainless Steel 304,25.4,2.77,12.032,18.886,59.88,95484
Carbon Steel,50.8,1.65,5.986,12.045,25.7,19205
Stainless Steel 316,101.6,3.05,12.0,91.556,67.69,516419
PVC,38.1,2.77,12.029,5.09,34.06,17405
Stainless Steel 316,38.1,3.56,11.952,36.707,70.3,214585
HDPE,76.2,2.11,9.028,4.224,28.45,12876
Copper,50.8,3.91,9.001,46.069,53.13,562833
Carbon Steel,38.1,1.65,3.027,4.443,15.97,8885
PVC,38.1,2.77,8.981,3.808,27.83,13758
HDPE,25.4,1.65,3.035,0.351,10.41,2524
Carbon Steel,76.2,5.16,6.004,53.789,32.94,70465
Copper,203.2,7.04,11.981,468.999,77.7,5642345
Carbon Steel,50.8,1.65,9.022,18.108,37.21,27649
Carbon Steel,254.0,8.56,12.01,617.499,70.84,753577
PVC,50.8,2.77,6.034,3.523,20.86,10818
Stainless Steel 316,50.8,3.91,2.971,13.615,29.5,80125
PVC,152.4,6.35,9.034,36.66,36.28,86965
Carbon Steel,76.2,2.11,5.951,23.193,29.76,33300
Stainless Steel 304,101.6,5.74,11.962,164.756,79.1,756357
Carbon Steel,203.2,3.96,12.015,233.647,58.69,291139
Carbon Steel,152.4,6.35,11.985,273.315,62.17,339611
Stainless Steel 304,38.1,1.65,9.026,13.47,45.98,68553
Carbon Steel,50.8,2.77,5.951,19.376,27.81,28366
HDPE,25.4,2.77,3.018,0.567,12.0,2190
Copper,152.4,6.35,5.979,155.774,53.39,1878443
Carbon Steel,50.8,2.77,9.016,29.75,40.27,42927
Carbon Steel,152.4,6.35,3.046,70.011,29.43,89508
Stainless Steel 304,25.4,3.38,6.0,11.259,37.57,57790
Copper,76.2,5.16,6.032,61.69,43.06,748371
Carbon Steel,25.4,1.65,11.998,11.508,47.32,22151
Carbon Steel,76.2,2.11,6.027,23.018,29.93,33633
Copper,38.1,2.77,5.959,16.489,28.73,202730
Carbon Steel,50.8,1.65,3.026,6.062,15.43,10644
Galvanized Steel,50.8,1.65,9.047,18.131,42.24,34640
Carbon Steel,76.2,2.11,6.028,23.049,30.22,32837
PVC,101.6,2.11,9.032,8.353,29.03,23332
Stainless Steel 316,38.1,3.56,12.001,36.818,78.49,216520
Stainless Steel 304,76.2,5.16,8.997,82.247,61.13,381251
Carbon Steel,76.2,3.05,5.994,32.935,27.49,43615
Stainless Steel 304,25.4,1.65,8.99,8.852,43.61,47261
Carbon Steel,38.1,2.77,8.95,21.659,39.31,33425
Carbon Steel,38.1,1.65,9.009,13.401,39.27,23142
Stainless Steel 304,38.1,3.56,9.006,27.927,47.41,133529
Stainless Steel 316,76.2,5.16,5.98,54.621,52.71,309340
Stainless Steel 316,25.4,3.38,5.975,11.181,40.59,68525
Carbon Steel,25.4,2.77,11.973,18.454,43.84,29924
Stainless Steel 316,38.1,2.77,12.045,29.46,69.03,174269
Stainless Steel 304,76.2,5.16,2.974,27.332,31.11,128774
PVC,76.2,5.16,9.042,14.388,31.55,37434
Carbon Steel,38.1,2.77,9.048,21.795,37.59,32689
Galvanized Steel,304.8,3.4,8.968,223.551,53.11,345139
Copper,101.6,3.05,5.952,49.508,37.27,601389
Carbon Steel,25.4,2.77,12.04,18.746,45.85,30726
Stainless Steel 316,38.1,1.65,12.014,18.386,67.06,112313
Stainless Steel 316,254.0,3.4,3.013,64.522,42.12,362825
Galvanized Steel,25.4,3.38,2.971,5.35,20.09,11302
Stainless Steel 304,25.4,3.38,5.972,11.098,37.11,56598
Carbon Steel,152.4,2.77,11.991,123.99,56.16,158749
Stainless Steel 304,25.4,3.38,11.978,22.531,67.47,113517
PVC,25.4,1.65,6.005,1.027,18.35,5730
Copper,38.1,2.77,8.963,24.803,47.83,306170
Carbon Steel,50.8,1.65,3.041,6.114,16.75,10792
Stainless Steel 316,101.6,2.11,12.005,63.861,72.3,364394
Stainless Steel 304,50.8,2.77,3.013,10.129,24.95,50408
PVC,38.1,2.77,2.97,1.279,13.37,5364
HDPE,76.2,3.05,6.001,3.923,20.96,11039
Copper,25.4,2.77,5.983,10.567,37.42,133663
Carbon Steel,101.6,2.11,12.049,63.076,54.27,85664
Stainless Steel 304,50.8,3.91,9.014,41.564,58.54,197527
Stainless Steel 304,152.4,3.4,11.968,153.2,69.1,702313
Stainless Steel 304,152.4,2.77,11.994,126.063,69.56,580163
HDPE,50.8,2.77,5.97,2.375,20.71,7385
Galvanized Steel,50.8,2.77,6.028,20.021,30.5,35008
HDPE,25.4,3.38,12.013,2.627,35.44,11416
Stainless Steel 304,50.8,1.65,5.965,12.228,32.98,60438
Stainless Steel 316,101.6,3.05,2.96,22.382,31.2,128041
Carbon Steel,76.2,3.05,11.994,65.4,50.51,87329
HDPE,38.1,3.56,8.969,3.294,29.09,11833
Carbon Steel,101.6,2.11,6.037,31.407,31.47,43087
HDPE,50.8,3.91,9.02,5.046,30.06,15763
Carbon Steel,25.4,3.38,8.997,16.295,39.17,27027
Stainless Steel 304,76.2,3.05,12.037,67.984,67.24,317901
HDPE,76.2,2.11,8.978,4.116,27.74,11369
Carbon Steel,25.4,2.77,12.027,18.619,50.61,31002
HDPE,50.8,2.77,5.981,2.371,21.84,8263
PVC,304.8,9.53,3.003,37.115,30.5,87032
PVC,254.0,8.56,8.983,83.527,39.47,190786
Carbon Steel,50.8,2.77,6.013,19.623,30.16,29388
Galvanized Steel,38.1,3.56,11.971,36.068,53.91,63155
PVC,101.6,5.74,8.963,21.462,33.3,53298
Stainless Steel 316,38.1,1.65,12.013,17.726,68.24,110554
Carbon Steel,25.4,1.65,3.029,2.935,14.45,5796
Carbon Steel,76.2,2.11,11.976,45.653,52.83,63223
Copper,304.8,4.78,8.952,361.658,68.85,4351597
Carbon Steel,101.6,3.05,12.011,89.843,52.95,117989
Stainless Steel 304,25.4,3.38,9.012,17.08,50.45,86029
Copper,76.2,5.16,8.989,92.97,58.28,1126658
Copper,101.6,5.74,3.048,46.2,32.32,560222
Stainless Steel 304,25.4,3.38,2.975,5.545,21.15,28500
Carbon Steel,38.1,2.77,5.99,14.325,27.13,22134
Stainless Steel 316,101.6,5.74,11.955,167.097,81.37,934918
Galvanized Steel,152.4,6.35,11.982,269.246,74.17,417492
Stainless Steel 304,38.1,1.65,6.006,9.22,33.32,47425
Copper,101.6,3.05,5.987,49.735,39.43,603430
Carbon Steel,25.4,3.38,2.967,5.438,19.14,9860
Stainless Steel 316,38.1,2.77,5.982,14.862,39.44,88670
PVC,38.1,1.65,12.041,3.206,33.51,13128
Stainless Steel 316,101.6,5.74,12.012,167.414,78.14,934751
HDPE,25.4,2.77,9.003,1.71,24.79,7719
Carbon Steel,76.2,5.16,3.044,27.713,26.49,38189
PVC,38.1,2.77,9.025,3.855,26.24,13796
Stainless Steel 316,152.4,6.35,8.975,210.427,67.22,1170337
Stainless Steel 304,25.4,1.65,12.02,11.708,59.97,63757
Carbon Steel,76.2,2.11,8.961,34.651,39.53,48614
HDPE,25.4,2.77,6.014,1.122,17.58,5103
Stainless Steel 316,203.2,2.77,5.956,83.232,52.57,467271
Carbon Steel,38.1,2.77,11.986,28.893,48.18,43554
HDPE,152.4,6.35,6.003,16.624,29.46,36481
HDPE,38.1,2.77,8.992,2.637,28.03,10285
Carbon Steel,76.2,2.11,8.994,34.813,39.67,49348
Carbon Steel,203.2,2.77,8.994,123.895,46.19,156998
Stainless Steel 304,25.4,1.65,6.039,5.947,34.05,32594
Carbon Steel,50.8,2.77,11.983,39.378,47.42,55093
Carbon Steel,25.4,1.65,11.979,11.416,50.07,22543
Stainless Steel 304,38.1,1.65,9.03,13.45,52.22,69745
Copper,101.6,2.11,8.951,52.61,51.61,640748
Stainless Steel 304,152.4,6.35,8.993,209.936,67.2,956456
PVC,152.4,6.35,2.989,11.986,21.71,30495
HDPE,203.2,2.77,3.0,5.036,18.69,11766
PVC,76.2,2.11,12.016,8.224,37.95,25724
Copper,76.2,2.11,8.961,39.593,46.28,482783
Carbon Steel,304.8,4.78,2.99,105.705,35.16,133706
Stainless Steel 304,25.4,3.38,12.01,22.507,62.39,112949
PVC,76.2,3.05,5.957,5.783,20.98,16689
Carbon Steel,76.2,3.05,2.981,16.326,19.95,22875
Stainless Steel 316,50.8,2.77,2.978,9.962,25.57,59625
Stainless Steel 316,203.2,2.77,2.966,41.456,36.71,234104
Carbon Steel,203.2,2.77,11.99,166.285,55.01,209535
Stainless Steel 304,76.2,2.11,12.001,46.6,66.55,221133
Stainless Steel 316,152.4,2.77,11.981,123.938,73.0,694523
PVC,76.2,5.16,6.012,9.605,24.62,25883
Copper,152.4,2.77,5.953,68.796,38.97,832537
Carbon Steel,76.2,3.05,2.988,16.888,19.9,24437
HDPE,50.8,3.91,5.956,3.226,21.7,9115
Copper,50.8,2.77,3.01,11.311,21.39,139663
PVC,50.8,2.77,6.011,3.487,21.89,12398
Stainless Steel 316,152.4,2.77,2.992,30.921,33.53,176079
Copper,76.2,3.05,3.021,18.803,24.01,230009
HDPE,25.4,3.38,2.958,0.651,13.75,3716
Stainless Steel 316,25.4,2.77,5.95,9.536,38.89,59781
Carbon Steel,76.2,2.11,9.023,34.266,42.46,48131
Carbon Steel,25.4,1.65,2.975,2.883,14.32,6508
Carbon Steel,25.4,2.77,8.971,13.799,37.86,24020
PVC,38.1,3.56,12.034,6.551,31.65,19687
PVC,50.8,3.91,3.021,2.395,14.52,7953
Stainless Steel 316,50.8,3.91,2.963,13.484,33.12,79954
Stainless Steel 304,38.1,1.65,8.953,13.572,46.37,69356
Stainless Steel 316,50.8,2.77,8.961,29.95,57.44,175606
Stainless Steel 304,50.8,2.77,3.025,10.036,24.49,49966
Stainless Steel 304,38.1,1.65,11.97,18.05,67.51,93521
HDPE,76.2,3.05,3.027,2.015,15.03,5862
HDPE,50.8,2.77,3.014,1.179,13.7,4865
Stainless Steel 304,25.4,2.77,2.962,4.696,19.59,24148
Carbon Steel,38.1,3.56,3.034,9.355,18.7,14024
HDPE,203.2,3.96,5.982,13.999,28.49,30332
Carbon Steel,50.8,3.91,3.018,13.769,23.04,20286
Carbon Steel,50.8,3.91,8.971,40.264,38.07,55451
Stainless Steel 304,25.4,2.77,9.033,14.284,51.67,75056
Copper,76.2,5.16,2.959,30.234,30.71,367933
Stainless Steel 304,25.4,3.38,11.985,22.792,64.16,113554
HDPE,25.4,3.38,9.04,2.013,27.03,9191
Stainless Steel 304,254.0,3.4,5.955,126.485,54.3,578013
Carbon Steel,25.4,1.65,9.013,8.734,34.91,17061
HDPE,203.2,3.96,2.994,7.061,18.18,15932
Stainless Steel 316,25.4,3.38,11.952,22.195,67.52,133559
Stainless Steel 304,304.8,4.78,8.97,326.91,78.64,1485534
Galvanized Steel,101.6,2.11,6.011,30.653,34.57,53052
Copper,25.4,2.77,11.991,21.452,55.8,267443
HDPE,76.2,3.05,8.974,5.922,27.2,15357
Carbon Steel,203.2,2.77,12.006,167.742,60.06,212117
Carbon Steel,25.4,1.65,8.977,8.634,35.95,17383
Carbon Steel,101.6,2.11,12.037,61.23,52.33,82530
Carbon Steel,76.2,5.16,12.021,109.96,55.7,141593
Carbon Steel,203.2,7.04,6.023,206.959,46.38,256516
Stainless Steel 316,101.6,2.11,2.96,15.408,28.91,90004
HDPE,76.2,5.16,5.961,6.622,24.35,15634
Carbon Steel,38.1,2.77,5.993,14.276,29.17,22120
Carbon Steel,152.4,3.4,6.0,75.829,31.97,97004
Stainless Steel 304,304.8,9.53,11.99,832.363,91.04,3761946
PVC,152.4,6.35,9.007,36.515,39.8,86692
PVC,25.4,1.65,12.022,2.096,32.96,10853
PVC,152.4,6.35,8.961,36.021,35.64,85823
Carbon Steel,25.4,3.38,5.954,10.995,29.43,17614
Carbon Steel,38.1,1.65,5.977,8.865,27.97,15196
Carbon Steel,25.4,2.77,5.961,9.111,29.37,16177
Stainless Steel 304,38.1,2.77,6.036,14.874,38.99,74859
Carbon Steel,76.2,3.05,8.978,48.814,40.64,65451
Stainless Steel 304,76.2,3.05,3.029,17.364,27.12,83438
Stainless Steel 316,152.4,6.35,5.988,138.747,57.1,773225
Stainless Steel 304,152.4,6.35,6.019,140.704,52.53,642952
Stainless Steel 316,25.4,2.77,8.981,14.067,50.16,86750
Carbon Steel,254.0,3.4,6.042,127.488,38.23,159364
Carbon Steel,25.4,2.77,9.008,14.123,38.3,23779
Carbon Steel,50.8,2.77,5.983,19.677,31.03,29865
Carbon Steel,25.4,3.38,6.045,10.957,28.14,18068
Carbon Steel,76.2,5.16,8.973,80.573,41.95,104739
Stainless Steel 304,76.2,3.05,9.027,50.612,55.4,236696
Galvanized Steel,25.4,1.65,12.015,11.661,46.53,25850
HDPE,152.4,3.4,3.035,4.499,18.54,11195
Stainless Steel 304,101.6,5.74,5.99,83.002,45.53,381100
PVC,50.8,1.65,6.031,2.155,19.46,9430
Copper,76.2,5.16,3.014,31.189,29.88,380148
Stainless Steel 316,101.6,3.05,11.956,89.738,80.06,508210
Stainless Steel 304,76.2,5.16,5.964,54.916,40.79,254675
Stainless Steel 304,152.4,2.77,8.979,92.379,59.89,426895
Carbon Steel,50.8,1.65,5.962,12.033,24.07,18237
Stainless Steel 304,25.4,1.65,2.978,2.958,20.51,17338
Stainless Steel 304,25.4,3.38,8.951,16.98,51.36,86631
Copper,50.8,2.77,6.009,22.344,34.56,274730
PVC,50.8,2.77,6.006,3.51,20.27,11442
Copper,76.2,2.11,2.987,13.037,22.04,159591
Stainless Steel 304,50.8,3.91,3.035,14.036,27.85,68332
Stainless Steel 316,76.2,5.16,12.022,110.622,73.01,622034
Carbon Steel,25.4,2.77,9.042,14.08,37.12,23381
HDPE,25.4,2.77,11.97,2.234,29.19,9230
Stainless Steel 316,203.2,3.96,5.971,117.571,55.04,656528
Stainless Steel 304,76.2,3.05,8.977,51.381,52.19,241200
Stainless Steel 304,38.1,2.77,11.992,29.486,63.13,143946
Stainless Steel 304,25.4,1.65,3.008,2.951,18.93,17035
PVC,50.8,1.65,12.044,4.341,35.55,15619
Carbon Steel,25.4,3.38,6.017,11.151,28.46,18996
Stainless Steel 304,38.1,1.65,8.985,13.655,43.87,69693
Stainless Steel 316,25.4,3.38,2.991,5.546,25.76,35131
Carbon Steel,203.2,2.77,9.017,122.813,48.89,156552
HDPE,38.1,2.77,6.035,1.789,17.79,7051
Copper,25.4,2.77,8.968,15.989,47.35,200087
Galvanized Steel,50.8,2.77,12.041,39.902,58.96,70182
Galvanized Steel,76.2,3.05,3.02,16.502,20.95,28077
Stainless Steel 316,76.2,2.11,12.037,47.057,72.63,271545
Stainless Steel 304,76.2,3.05,8.962,50.115,50.68,235525
Stainless Steel 304,25.4,3.38,6.002,11.109,39.3,57397
Stainless Steel 316,76.2,5.16,2.957,27.216,32.69,154936
Stainless Steel 316,38.1,1.65,5.956,8.986,35.69,56462
HDPE,101.6,3.05,11.955,10.62,38.32,26231
PVC,101.6,2.11,2.961,2.681,13.22,8746
Carbon Steel,38.1,1.65,12.013,18.09,51.4,30165
Carbon Steel,38.1,2.77,8.957,21.239,36.43,31412
Stainless Steel 316,101.6,2.11,12.007,63.864,70.06,363566
PVC,203.2,3.96,3.042,10.613,20.12,26760
Carbon Steel,38.1,3.56,3.044,9.162,21.32,14574
Copper,76.2,5.16,6.029,62.573,44.01,758951
HDPE,25.4,1.65,12.048,1.403,32.5,8221
Copper,304.8,3.4,6.037,172.687,52.74,2081726
Copper,152.4,6.35,11.998,307.381,78.09,3703065
Stainless Steel 316,101.6,5.74,6.003,82.807,49.3,464289
Carbon Steel,38.1,1.65,5.993,8.874,27.54,16421
Copper,50.8,2.77,9.041,33.398,45.75,409896
Stainless Steel 316,25.4,3.38,12.024,22.079,72.32,135022
Stainless Steel 316,38.1,2.77,12.034,29.449,68.01,174024
Carbon Steel,25.4,1.65,3.034,2.922,15.43,6732
Carbon Steel,38.1,1.65,9.023,13.577,34.65,22058
Carbon Steel,203.2,7.04,3.03,103.309,36.25,130448
Carbon Steel,25.4,2.77,8.963,13.912,38.74,23861
Stainless Steel 316,101.6,3.05,11.97,90.034,82.95,509725
PVC,101.6,2.11,8.986,8.313,27.74,22901
Stainless Steel 316,38.1,2.77,5.963,14.538,46.73,88167
PVC,101.6,5.74,5.993,14.672,26.64,37273
Stainless Steel 316,25.4,1.65,12.015,11.928,66.2,77201
Carbon Steel,101.6,3.05,9.03,66.071,43.54,87592
Copper,76.2,2.11,3.019,13.241,22.81,162767
Carbon Steel,50.8,1.65,12.015,24.105,51.03,38414
Carbon Steel,76.2,3.05,11.994,65.845,50.71,88628
Copper,38.1,1.65,12.019,20.153,58.26,252583
Carbon Steel,25.4,1.65,8.972,8.666,36.33,17294
Stainless Steel 304,76.2,5.16,6.015,55.753,45.6,258719
Galvanized Steel,304.8,4.78,9.039,318.487,70.1,490804
Stainless Steel 316,38.1,2.77,11.992,29.435,71.46,174868
HDPE,101.6,5.74,5.982,9.608,27.5,21887
Stainless Steel 304,254.0,8.56,11.971,632.306,100.2,2863045
Galvanized Steel,50.8,3.91,5.988,26.546,33.98,45482
Carbon Steel,50.8,2.77,8.982,29.371,40.01,42693
Carbon Steel,38.1,3.56,8.975,27.554,38.77,40766
PVC,50.8,2.77,6.0,3.483,21.4,10948
Carbon Steel,38.1,3.56,9.026,27.523,38.94,39997
Stainless Steel 316,50.8,1.65,12.03,24.403,60.35,145148
Stainless Steel 304,50.8,2.77,5.97,19.813,37.59,95855
PVC,254.0,3.4,9.019,34.482,33.35,82830
Carbon Steel,50.8,3.91,9.04,40.785,42.05,56608
Copper,25.4,1.65,11.976,13.145,60.6,167931
HDPE,25.4,3.38,9.033,2.027,26.2,8630
Carbon Steel,50.8,1.65,5.95,12.085,26.2,19959
Carbon Steel,101.6,5.74,12.011,162.875,61.51,206380
Galvanized Steel,76.2,2.11,3.035,11.524,21.15,20647
Carbon Steel,50.8,1.65,12.018,23.837,46.88,36917
Stainless Steel 304,50.8,3.91,2.977,13.771,26.53,66526
Stainless Steel 316,50.8,1.65,12.044,24.723,70.29,148429
HDPE,76.2,3.05,11.984,7.979,37.53,21556
HDPE,152.4,6.35,6.033,16.726,28.97,34936
Carbon Steel,25.4,2.77,11.958,18.643,45.53,30763
Galvanized Steel,38.1,3.56,12.032,36.679,53.29,64945
Stainless Steel 304,254.0,3.4,5.969,128.358,51.43,586759
HDPE,38.1,3.56,11.982,4.453,31.34,13978
Stainless Steel 304,38.1,1.65,5.984,9.091,32.91,47259
Carbon Steel,76.2,2.11,12.038,45.878,52.27,65309
Copper,152.4,6.35,5.958,155.197,49.18,1872493
Carbon Steel,254.0,8.56,12.019,619.167,68.84,756035
Copper,76.2,5.16,3.019,31.294,29.87,380564
Copper,76.2,2.11,6.019,26.57,37.94,325412
Stainless Steel 304,101.6,2.11,2.988,15.851,27.85,75679
Stainless Steel 304,25.4,2.77,12.014,18.6,61.39,95323
PVC,101.6,2.11,12.026,11.009,33.37,30090
Stainless Steel 304,50.8,2.77,5.977,20.197,35.74,97405
Galvanized Steel,152.4,3.4,12.001,148.893,60.82,234106
Carbon Steel,203.2,7.04,5.987,205.249,43.37,254560
Stainless Steel 316,76.2,2.11,3.014,11.915,26.46,69936
Carbon Steel,152.4,6.35,3.003,69.656,31.5,87939
Carbon Steel,25.4,1.65,12.037,11.542,44.97,22293
Carbon Steel,50.8,3.91,9.028,41.239,41.38,56809
Copper,25.4,3.38,5.976,12.425,31.65,154925
HDPE,203.2,3.96,11.99,28.029,41.49,58529
Carbon Steel,50.8,2.77,11.983,39.667,51.49,56724
Carbon Steel,203.2,3.96,11.989,236.699,57.38,295225
PVC,76.2,3.05,6.023,5.905,21.52,16996
PVC,76.2,2.11,12.001,8.188,32.43,23512
Stainless Steel 304,152.4,6.35,9.049,209.482,72.48,955863
Carbon Steel,50.8,1.65,9.031,18.081,35.3,27991
Carbon Steel,50.8,3.91,8.996,40.303,42.26,56543
Carbon Steel,25.4,1.65,11.97,11.654,47.68,22568
Galvanized Steel,25.4,3.38,8.986,16.438,40.47,31543
Carbon Steel,50.8,2.77,2.983,9.637,18.32,14644
Galvanized Steel,50.8,2.77,5.952,19.373,31.65,35430
Carbon Steel,25.4,3.38,3.019,5.501,18.24,9692
Stainless Steel 316,25.4,3.38,5.984,11.136,41.55,69151
PVC,50.8,1.65,9.013,3.2,26.52,11201
Stainless Steel 304,38.1,2.77,2.971,7.244,21.77,36829
Stainless Steel 316,25.4,3.38,9.036,17.029,58.77,104061
HDPE,76.2,2.11,6.014,2.815,18.66,8094
PVC,101.6,3.05,2.988,3.981,13.65,11611
HDPE,25.4,2.77,12.036,2.254,33.59,10118
Copper,50.8,1.65,6.002,13.511,30.47,167845
Stainless Steel 304,76.2,2.11,3.007,11.88,24.14,57928
Galvanized Steel,101.6,3.05,12.03,88.711,54.99,143397
Carbon Steel,152.4,2.77,5.959,61.063,33.46,79561
Carbon Steel,254.0,3.4,3.012,62.376,30.44,80164
Carbon Steel,203.2,2.77,5.998,82.226,36.17,104578
Copper,25.4,3.38,11.955,24.82,55.66,307877
Carbon Steel,76.2,5.16,6.033,54.168,34.74,71170
Carbon Steel,25.4,2.77,9.004,13.968,37.09,23205
Stainless Steel 316,76.2,5.16,5.952,53.886,49.42,305497
Carbon Steel,101.6,2.11,5.957,30.821,30.51,42610
Carbon Steel,25.4,3.38,6.009,11.149,31.28,18365
HDPE,38.1,2.77,8.988,2.629,27.91,9607
Stainless Steel 316,101.6,3.05,3.039,22.929,31.78,132185
Galvanized Steel,76.2,2.11,8.984,33.986,43.23,57637
PVC,38.1,1.65,5.995,1.581,17.87,6135
Carbon Steel,76.2,5.16,6.023,54.597,38.37,72123
Carbon Steel,38.1,2.77,5.983,14.144,28.32,21680
PVC,152.4,6.35,2.983,12.06,21.16,31768
Galvanized Steel,38.1,2.77,9.021,21.294,41.68,39785
Stainless Steel 304,25.4,3.38,5.997,11.279,40.98,58249
Stainless Steel 304,76.2,5.16,6.031,55.217,45.28,256363
HDPE,38.1,2.77,6.012,1.76,21.26,8183
Carbon Steel,254.0,8.56,8.95,462.078,60.76,566050
PVC,50.8,2.77,5.977,3.5,20.72,10620
Carbon Steel,25.4,3.38,9.017,16.275,38.88,26890
Stainless Steel 304,76.2,3.05,9.013,50.138,55.33,235252
Carbon Steel,38.1,3.56,2.961,8.913,19.39,14305
Stainless Steel 316,25.4,1.65,8.969,8.769,47.98,55471
Copper,38.1,1.65,9.019,15.392,46.38,192973
Carbon Steel,101.6,2.11,2.957,15.599,20.32,22146
Carbon Steel,101.6,5.74,5.953,80.985,38.08,103447
Stainless Steel 316,203.2,2.77,11.999,165.709,85.99,927088
Galvanized Steel,101.6,2.11,9.038,47.416,41.5,78762
Carbon Steel,50.8,3.91,9.033,41.012,40.24,56639
Stainless Steel 304,76.2,2.11,5.993,23.508,35.37,112711
Galvanized Steel,101.6,3.05,6.043,44.143,36.99,73330
Carbon Steel,76.2,5.16,2.974,27.008,26.57,37880
HDPE,50.8,2.77,8.964,3.616,30.52,12388
Stainless Steel 304,101.6,5.74,6.004,81.709,47.84,376067
Stainless Steel 304,50.8,1.65,3.043,6.177,21.12,31739
Carbon Steel,50.8,2.77,3.009,9.993,18.25,15871
PVC,152.4,3.4,9.027,19.789,31.04,50179
Copper,25.4,2.77,12.003,21.387,58.68,267263
Carbon Steel,101.6,5.74,2.965,40.243,26.62,53351
Carbon Steel,76.2,5.16,8.985,80.919,45.6,104639
Stainless Steel 316,76.2,3.05,12.015,66.798,76.96,381089
Carbon Steel,50.8,1.65,6.031,12.056,26.59,18119
Stainless Steel 304,254.0,4.78,11.962,356.473,76.92,1618786
PVC,76.2,2.11,2.953,2.059,12.51,6907
Stainless Steel 304,152.4,6.35,11.97,277.315,84.65,1264092
PVC,25.4,3.38,2.961,0.98,12.81,4013
Stainless Steel 304,25.4,1.65,8.994,8.862,46.73,47164
Stainless Steel 304,50.8,3.91,11.951,55.0,63.83,258873
Stainless Steel 304,25.4,3.38,3.014,5.7,24.88,30320
Stainless Steel 304,25.4,2.77,11.961,19.076,60.6,95558
Stainless Steel 316,101.6,2.11,3.025,15.878,27.53,92366
Carbon Steel,304.8,3.4,12.018,302.193,69.04,375510
HDPE,76.2,3.05,2.952,1.941,13.65,6215
Carbon Steel,76.2,5.16,11.967,108.183,54.48,139822
Stainless Steel 304,50.8,2.77,11.963,39.873,66.64,191423
HDPE,152.4,3.4,9.03,13.554,29.25,29149
Carbon Steel,152.4,3.4,11.972,148.902,54.77,188533
Stainless Steel 316,38.1,3.56,3.011,9.251,28.3,56250
PVC,254.0,4.78,12.011,62.904,47.0,146443
PVC,76.2,2.11,3.011,2.017,13.39,6980
Carbon Steel,25.4,2.77,11.957,18.674,45.92,30421
Stainless Steel 304,38.1,2.77,5.996,14.832,39.24,73408
Carbon Steel,101.6,3.05,6.03,44.721,32.02,60047
Stainless Steel 304,38.1,3.56,8.975,28.005,48.93,135179
Stainless Steel 304,38.1,3.56,3.015,9.342,26.21,47107
Stainless Steel 316,203.2,2.77,9.004,124.908,69.0,699625
Stainless Steel 316,38.1,1.65,5.997,8.94,42.73,56378
Stainless Steel 316,152.4,6.35,3.034,71.309,44.54,400783
Stainless Steel 316,101.6,3.05,9.036,69.167,61.4,391839
Carbon Steel,203.2,7.04,8.987,303.648,55.45,373986
HDPE,25.4,1.65,5.953,0.694,18.68,4970
HDPE,25.4,2.77,2.958,0.553,12.86,3557
Stainless Steel 304,25.4,1.65,8.974,8.77,46.44,48057
Stainless Steel 316,203.2,3.96,11.986,236.238,86.78,1315239
Stainless Steel 316,76.2,5.16,3.026,27.808,35.4,159509
Stainless Steel 304,38.1,2.77,3.031,7.476,23.96,37726
HDPE,152.4,2.77,3.021,3.694,16.25,9017
Stainless Steel 316,304.8,9.53,11.969,839.246,95.98,4632553
Stainless Steel 304,25.4,3.38,8.987,16.8,51.68,84819
Carbon Steel,101.6,2.11,2.998,15.458,19.92,22019
Stainless Steel 304,50.8,3.91,2.95,13.516,27.38,65637
Carbon Steel,304.8,3.4,9.025,231.577,52.62,287288
Carbon Steel,50.8,2.77,3.049,10.034,18.32,14846
Stainless Steel 304,101.6,3.05,5.968,45.309,42.23,211649
Carbon Steel,50.8,1.65,9.018,17.877,39.92,27649
Stainless Steel 316,76.2,2.11,12.011,47.953,70.84,276884
Stainless Steel 304,76.2,3.05,3.024,17.102,25.36,81833
Carbon Steel,38.1,2.77,9.031,21.61,40.01,33244
Carbon Steel,38.1,2.77,6.01,14.346,28.87,21717
Carbon Steel,38.1,2.77,6.035,14.507,26.36,22238
Carbon Steel,76.2,2.11,2.968,11.412,17.59,17483
Stainless Steel 304,25.4,3.38,2.969,5.53,23.27,29307
Copper,50.8,2.77,3.035,11.279,20.75,138517
Stainless Steel 316,50.8,3.91,3.017,13.767,30.66,81141
Copper,101.6,3.05,12.042,102.31,64.21,1238771
PVC,101.6,2.11,9.015,8.328,26.88,23080
Carbon Steel,50.8,3.91,9.025,40.873,42.37,56377
Stainless Steel 304,25.4,3.38,11.977,22.273,65.11,111763
Stainless Steel 304,38.1,2.77,8.996,22.204,50.8,108625
Stainless Steel 304,101.6,5.74,2.96,41.253,33.88,191476
Stainless Steel 304,101.6,5.74,2.957,41.24,39.71,193603
PVC,76.2,5.16,3.026,4.739,17.4,12759
Stainless Steel 304,50.8,1.65,3.002,6.053,19.34,30784
HDPE,101.6,5.74,11.982,19.561,43.39,42165
Carbon Steel,38.1,2.77,2.999,7.15,16.86,11542
Carbon Steel,25.4,3.38,5.999,10.837,28.1,17745
Carbon Steel,76.2,3.05,2.952,16.345,19.85,22937
Stainless Steel 316,76.2,2.11,2.974,11.641,26.28,68998
Carbon Steel,25.4,2.77,8.977,13.905,37.98,22631
Carbon Steel,304.8,9.53,5.995,409.15,61.97,502290
PVC,38.1,2.77,8.981,3.862,28.27,13785
Galvanized Steel,101.6,2.11,2.976,15.471,19.67,26769
Carbon Steel,101.6,3.05,2.99,21.966,20.95,30032
Carbon Steel,50.8,1.65,9.002,17.909,35.66,27267
Stainless Steel 316,76.2,2.11,3.02,11.808,26.21,69662
Carbon Steel,152.4,6.35,5.973,136.508,41.93,171188
PVC,101.6,2.11,12.012,11.13,36.83,31165
Copper,152.4,6.35,3.036,78.665,36.39,950608
Stainless Steel 304,50.8,2.77,12.048,40.084,62.16,190966
HDPE,38.1,1.65,2.964,0.531,9.82,2486
Carbon Steel,50.8,1.65,8.978,18.169,33.32,27896
HDPE,25.4,3.38,2.985,0.672,12.78,3539
Stainless Steel 304,38.1,3.56,9.042,28.166,49.43,135403
Stainless Steel 304,50.8,1.65,5.993,12.274,37.45,62407
HDPE,38.1,1.65,6.022,1.085,18.55,5206
Carbon Steel,101.6,5.74,9.024,122.019,45.67,154424
Galvanized Steel,25.4,2.77,3.018,4.604,19.48,9939
Copper,152.4,6.35,12.008,307.673,69.59,3704125
Galvanized Steel,76.2,2.11,8.963,33.888,42.42,58418
PVC,25.4,1.65,9.02,1.576,23.52,7363
Stainless Steel 316,101.6,5.74,11.966,166.413,83.18,930162
Stainless Steel 304,25.4,3.38,11.968,22.384,61.37,112267
Copper,50.8,1.65,5.995,13.625,30.53,169212
Carbon Steel,25.4,1.65,6.025,5.812,25.46,11662
Stainless Steel 304,25.4,1.65,11.961,11.836,65.17,65520
Stainless Steel 304,203.2,2.77,12.032,171.462,79.03,785823
HDPE,25.4,1.65,12.026,1.41,32.37,7628
Copper,76.2,3.05,8.985,57.069,51.31,693732
Stainless Steel 316,203.2,3.96,12.043,238.618,87.77,1328043
HDPE,254.0,8.56,9.009,55.71,38.13,107496
HDPE,50.8,2.77,12.015,4.858,35.72,15301
Carbon Steel,38.1,3.56,6.043,18.303,32.07,28582
Stainless Steel 316,25.4,1.65,11.955,11.843,61.07,76756
PVC,50.8,3.91,2.988,2.393,14.09,7910
Galvanized Steel,101.6,2.11,3.012,15.485,21.36,26577
Carbon Steel,101.6,3.05,12.024,89.056,56.5,117172
Carbon Steel,50.8,3.91,12.04,54.177,53.98,74720
Stainless Steel 316,25.4,3.38,11.984,22.582,68.84,136400
Carbon Steel,254.0,3.4,2.964,63.422,29.77,80563
PVC,203.2,7.04,12.042,72.354,49.25,168502
Copper,25.4,1.65,6.035,6.687,30.02,86898
Carbon Steel,38.1,1.65,3.037,4.504,16.95,8795
Stainless Steel 316,38.1,1.65,11.966,18.219,66.5,112156
HDPE,101.6,5.74,9.014,15.152,33.63,33933
Galvanized Steel,38.1,3.56,8.995,26.422,42.64,47333
HDPE,50.8,1.65,3.016,0.726,10.89,3845
Galvanized Steel,76.2,3.05,8.986,49.206,45.61,81885
Carbon Steel,25.4,3.38,12.005,22.076,48.32,35264
HDPE,38.1,1.65,2.99,0.542,11.65,2629
Carbon Steel,50.8,1.65,12.037,23.977,45.28,37829
Galvanized Steel,76.2,2.11,6.035,22.894,31.43,39698
Copper,38.1,1.65,5.995,10.07,32.61,125832
Carbon Steel,38.1,1.65,12.003,17.665,47.43,29761
Copper,50.8,2.77,6.02,22.35,34.65,273450
PVC,76.2,2.11,9.014,6.24,28.45,18899
Stainless Steel 316,76.2,5.16,12.01,110.301,81.62,619845
Stainless Steel 304,152.4,6.35,12.0,279.032,79.37,1269519
PVC,101.6,3.05,6.043,7.925,21.56,22096
Stainless Steel 316,203.2,3.96,12.036,235.521,82.06,1309554
Stainless Steel 304,38.1,2.77,2.963,7.372,23.93,38252
Stainless Steel 304,50.8,2.77,8.965,30.183,49.3,145044
Stainless Steel 304,76.2,5.16,12.027,108.982,79.1,504773
Stainless Steel 316,76.2,3.05,2.979,16.615,30.11,97222
Carbon Steel,254.0,3.4,6.011,127.017,39.56,159367
PVC,25.4,3.38,11.965,3.824,34.4,14706
Stainless Steel 304,101.6,5.74,8.976,124.193,67.15,571119
Galvanized Steel,152.4,2.77,3.001,30.217,24.61,49065
Stainless Steel 304,203.2,2.77,8.988,122.968,56.84,564395
Stainless Steel 316,50.8,3.91,9.017,41.545,57.45,238704
HDPE,50.8,1.65,8.976,2.188,27.66,8891
Carbon Steel,101.6,3.05,5.982,44.64,31.13,58683
HDPE,76.2,2.11,3.009,1.416,13.19,5170
PVC,76.2,3.05,5.989,5.846,22.8,16733
HDPE,25.4,3.38,11.967,2.685,34.69,11247
HDPE,25.4,2.77,5.971,1.133,19.73,5711
Stainless Steel 316,254.0,4.78,9.006,272.497,76.57,1512769
Copper,38.1,3.56,6.005,20.723,38.33,255525
Stainless Steel 316,50.8,1.65,11.951,24.2,67.39,145594
Stainless Steel 304,101.6,2.11,8.975,48.019,56.07,226277
Carbon Steel,38.1,1.65,11.959,17.833,41.12,29659
HDPE,50.8,2.77,3.021,1.192,13.75,4700
Stainless Steel 304,76.2,5.16,8.991,80.804,54.79,373216
Carbon Steel,50.8,1.65,12.006,24.128,48.73,37575
PVC,152.4,3.4,3.031,6.704,17.69,17204
Stainless Steel 304,76.2,5.16,12.02,113.191,74.05,522905
HDPE,50.8,2.77,11.974,4.79,35.93,15108
Stainless Steel 304,152.4,2.77,3.037,31.922,32.17,149603
Carbon Steel,76.2,3.05,6.025,32.796,31.46,44507
Carbon Steel,38.1,2.77,3.012,7.266,18.34,12063
Carbon Steel,152.4,3.4,5.989,74.185,34.77,96021
Copper,254.0,4.78,3.012,100.889,41.47,1218129
PVC,25.4,3.38,5.979,1.985,19.81,7579
Stainless Steel 304,152.4,3.4,6.019,76.538,49.99,353338
Carbon Steel,38.1,1.65,2.987,4.474,16.71,8645
Carbon Steel,50.8,2.77,6.037,19.66,29.87,29033
Galvanized Steel,50.8,2.77,2.953,9.627,21.44,17598
Carbon Steel,25.4,3.38,6.014,10.943,29.87,18439
PVC,152.4,3.4,5.995,13.403,24.29,33805
Stainless Steel 304,76.2,5.16,8.979,83.369,59.41,386664
HDPE,101.6,3.05,3.002,2.68,14.07,6871
Stainless Steel 304,50.8,3.91,8.951,41.61,56.89,197297
Copper,38.1,2.77,5.996,16.408,34.92,203215
Carbon Steel,76.2,3.05,9.041,50.491,44.09,68642
PVC,38.1,3.56,8.959,4.77,27.83,14571
PVC,203.2,3.96,5.986,20.845,28.56,51117
Carbon Steel,25.4,1.65,11.999,11.695,49.5,23799
Stainless Steel 316,76.2,5.16,5.969,54.802,44.74,308859
Carbon Steel,50.8,3.91,2.997,13.584,20.74,19111
HDPE,38.1,1.65,2.974,0.534,10.69,1858
PVC,38.1,2.77,9.023,3.858,28.36,13635
Carbon Steel,38.1,1.65,5.972,8.758,26.87,15861
Carbon Steel,50.8,3.91,11.97,54.177,49.23,73703
Carbon Steel,203.2,3.96,3.012,59.72,26.93,77347
Galvanized Steel,25.4,1.65,2.992,2.883,17.07,7744
Copper,25.4,1.65,12.018,13.27,55.6,169638
Carbon Steel,76.2,2.11,5.988,23.255,29.13,32883
Stainless Steel 316,38.1,3.56,2.997,9.26,27.86,56061
Stainless Steel 304,304.8,4.78,9.014,323.424,73.74,1468530
Stainless Steel 316,25.4,1.65,12.013,11.763,63.05,75969
Stainless Steel 316,76.2,2.11,9.041,36.04,55.52,208361
PVC,50.8,3.91,3.022,2.434,14.95,8016
Carbon Steel,38.1,1.65,9.021,13.219,35.51,21982
Carbon Steel,25.4,3.38,2.956,5.375,16.49,8761
Galvanized Steel,50.8,2.77,8.959,29.007,44.36,51542
Stainless Steel 304,76.2,5.16,5.988,55.55,49.06,258588
Copper,76.2,3.05,9.012,57.129,44.89,693058
HDPE,50.8,2.77,9.039,3.581,28.07,12068
Galvanized Steel,203.2,3.96,2.963,56.875,28.73,90531
PVC,50.8,2.77,8.954,5.244,28.76,15762
HDPE,25.4,3.38,9.015,2.023,25.52,8841
Carbon Steel,76.2,5.16,3.027,27.917,24.55,37435
Galvanized Steel,76.2,3.05,2.982,16.291,22.28,28510
HDPE,254.0,8.56,2.952,18.149,30.21,38520
Stainless Steel 304,25.4,3.38,6.016,11.444,37.74,58559
Carbon Steel,38.1,1.65,3.024,4.465,15.03,8416
PVC,76.2,3.05,3.042,2.957,15.35,9602
Stainless Steel 316,38.1,3.56,3.001,9.366,25.7,57046
HDPE,38.1,3.56,11.961,4.38,38.92,15038
Carbon Steel,50.8,3.91,9.025,41.575,42.57,57486
HDPE,38.1,2.77,11.984,3.493,36.78,12618
Stainless Steel 304,76.2,5.16,5.989,54.613,45.6,253493
Copper,38.1,3.56,12.011,41.431,68.18,509886
Copper,76.2,5.16,8.961,92.248,59.6,1117773
HDPE,25.4,2.77,5.998,1.123,20.59,5765
Stainless Steel 304,50.8,2.77,9.0,29.968,48.3,143151
Carbon Steel,203.2,2.77,2.951,40.395,26.46,52402
PVC,50.8,3.91,11.998,9.627,38.21,27922
HDPE,101.6,2.11,5.964,3.722,22.05,11480
Copper,25.4,2.77,5.996,10.756,33.98,135008
HDPE,25.4,3.38,8.965,2.023,29.28,8514
Stainless Steel 316,25.4,2.77,8.956,14.159,54.66,87870
Carbon Steel,101.6,3.05,6.03,44.19,33.91,59361
Stainless Steel 304,50.8,2.77,5.959,20.119,37.51,98188
PVC,38.1,1.65,3.003,0.794,11.06,4394
PVC,152.4,6.35,3.026,12.131,22.47,30177
Stainless Steel 304,76.2,2.11,11.979,47.521,64.83,226019
PVC,101.6,5.74,5.973,14.684,24.67,36761
Stainless Steel 304,76.2,2.11,9.037,35.673,50.01,170051
HDPE,50.8,3.91,3.048,1.666,13.95,5905
Carbon Steel,38.1,1.65,2.985,4.416,13.8,8029
HDPE,38.1,2.77,12.022,3.492,35.45,13441
PVC,38.1,2.77,11.982,5.121,33.27,17829
Stainless Steel 316,25.4,2.77,11.971,18.996,63.29,115508
HDPE,25.4,2.77,6.047,1.144,20.29,5529
Carbon Steel,50.8,1.65,11.987,24.202,50.84,38092
Carbon Steel,38.1,2.77,2.98,7.038,16.82,11467
Stainless Steel 304,38.1,2.77,6.027,14.944,36.64,73423
Carbon Steel,38.1,3.56,3.036,9.234,20.06,15016
HDPE,25.4,2.77,3.004,0.562,10.74,3225
Stainless Steel 316,25.4,2.77,9.0,14.275,56.33,88497
PVC,38.1,2.77,9.046,3.862,29.72,13776
Stainless Steel 304,25.4,2.77,6.014,9.47,39.13,49861
Stainless Steel 316,76.2,3.05,12.005,67.183,71.34,382891
PVC,25.4,3.38,9.047,2.961,24.41,10704
Stainless Steel 316,76.2,5.16,11.987,109.932,81.33,619270
Carbon Steel,76.2,3.05,2.996,16.297,20.04,23072
HDPE,38.1,1.65,5.958,1.07,18.96,5717
HDPE,152.4,3.4,12.037,18.148,42.13,40654
Stainless Steel 316,76.2,3.05,8.969,49.785,58.63,284028
Copper,76.2,2.11,8.993,38.776,47.07,474065
Stainless Steel 304,50.8,1.65,3.047,6.243,21.63,32243
Carbon Steel,76.2,3.05,6.041,32.907,30.08,44457
Stainless Steel 316,101.6,3.05,5.968,44.718,46.24,253259
PVC,50.8,2.77,12.042,6.939,31.11,20611
HDPE,50.8,3.91,11.97,6.582,36.64,18876
Stainless Steel 316,25.4,2.77,5.987,9.552,40.14,59321
PVC,25.4,1.65,5.983,1.037,18.06,6495
Galvanized Steel,38.1,1.65,9.034,13.426,38.85,26644
Carbon Steel,101.6,2.11,2.977,15.369,19.74,21607
Carbon Steel,101.6,3.05,11.998,87.742,52.22,113801
Carbon Steel,152.4,3.4,11.951,151.335,51.27,190838
Copper,101.6,3.05,9.043,76.391,48.47,925387
Copper,152.4,6.35,9.007,239.87,64.53,2889589
PVC,50.8,3.91,11.952,9.757,36.75,27425
Copper,25.4,3.38,12.007,25.662,58.14,318375
Carbon Steel,50.8,1.65,9.048,18.398,39.38,29031
Stainless Steel 316,152.4,2.77,5.994,62.316,45.43,352155
Carbon Steel,101.6,5.74,5.966,81.609,35.96,104813
Stainless Steel 316,50.8,3.91,12.037,54.845,70.78,314419
Carbon Steel,203.2,2.77,5.961,80.482,39.21,104555
Stainless Steel 316,25.4,1.65,5.982,5.851,36.52,39388
Stainless Steel 304,38.1,2.77,6.005,14.632,37.85,72326
Stainless Steel 316,25.4,2.77,6.015,9.577,40.18,59727
PVC,152.4,6.35,8.953,35.848,37.73,86607
PVC,25.4,3.38,2.999,0.976,11.81,4525
Stainless Steel 304,101.6,2.11,8.989,46.908,55.27,221222
HDPE,50.8,2.77,9.032,3.627,27.87,11981
Stainless Steel 304,254.0,8.56,5.997,312.531,68.99,1419199
Carbon Steel,152.4,2.77,8.998,94.039,42.68,120215
Carbon Steel,76.2,2.11,5.983,23.0,31.0,33468
Carbon Steel,38.1,3.56,5.973,18.002,28.95,26680
HDPE,50.8,3.91,2.97,1.61,13.98,5873
Copper,101.6,5.74,9.04,139.85,59.36,1687767
Carbon Steel,101.6,3.05,11.987,89.002,51.03,115967
Carbon Steel,76.2,5.16,8.974,79.997,47.07,104394
Carbon Steel,25.4,2.77,3.043,4.805,17.34,9684
Stainless Steel 304,50.8,3.91,2.986,13.83,25.2,66709
Carbon Steel,38.1,1.65,9.039,13.403,37.36,23053
Stainless Steel 316,203.2,7.04,9.035,313.192,82.18,1736066
PVC,76.2,3.05,2.993,2.962,14.21,9326
Carbon Steel,25.4,2.77,9.007,14.028,35.97,23749
Stainless Steel 316,76.2,2.11,12.039,47.174,73.78,273117
Stainless Steel 304,38.1,1.65,8.973,13.528,48.82,70251
Carbon Steel,25.4,1.65,9.035,8.785,37.45,17088
Stainless Steel 304,50.8,1.65,12.039,24.688,61.04,122130
Stainless Steel 316,25.4,1.65,8.969,8.834,50.85,57653
Galvanized Steel,38.1,2.77,11.992,28.634,58.02,53486
Carbon Steel,203.2,7.04,8.958,303.958,56.99,374819
Stainless Steel 304,152.4,2.77,5.997,62.82,43.8,291363
HDPE,50.8,1.65,3.014,0.735,10.98,3530
Copper,101.6,3.05,3.008,25.834,24.54,313776
Carbon Steel,76.2,5.16,5.979,52.511,35.39,69072
PVC,254.0,3.4,5.998,22.656,27.09,54546
PVC,76.2,5.16,6.026,9.853,24.63,26504
Galvanized Steel,50.8,1.65,12.017,23.958,53.38,46002
PVC,50.8,3.91,2.994,2.421,13.65,7784
Copper,38.1,2.77,11.96,32.38,58.12,398587
PVC,25.4,3.38,8.987,2.974,27.19,11286
Stainless Steel 304,25.4,1.65,6.001,5.868,35.18,32881
Stainless Steel 304,76.2,3.05,12.027,66.116,66.96,309043
Carbon Steel,50.8,3.91,3.042,13.585,21.34,20850
Carbon Steel,50.8,1.65,2.974,5.964,16.02,9908
Galvanized Steel,50.8,3.91,8.983,40.271,46.01,69331
Stainless Steel 316,50.8,2.77,6.0,19.635,38.42,115151
HDPE,38.1,1.65,5.985,1.082,17.58,5085
Carbon Steel,76.2,5.16,8.969,81.121,47.22,105931
Carbon Steel,101.6,3.05,2.99,21.796,21.09,30093
PVC,76.2,2.11,9.043,6.2,29.13,19013
PVC,25.4,2.77,3.019,0.824,10.76,3903
PVC,50.8,2.77,2.952,1.724,13.17,6362
PVC,38.1,1.65,5.971,1.562,17.96,5735
Stainless Steel 316,101.6,2.11,6.018,31.977,43.09,183273
Copper,152.4,2.77,2.97,34.557,28.16,419459
Copper,76.2,5.16,9.041,92.858,54.63,1124074
Copper,76.2,2.11,9.03,40.066,46.0,489067
HDPE,101.6,2.11,11.952,7.427,32.34,19033
Carbon Steel,38.1,1.65,6.026,8.91,26.21,15004
Copper,25.4,1.65,5.954,6.624,28.47,84335
Carbon Steel,76.2,3.05,5.997,33.045,32.92,45026
PVC,76.2,5.16,9.008,14.67,33.26,38741
Carbon Steel,50.8,1.65,2.98,5.828,17.86,10635
Carbon Steel,101.6,5.74,2.966,40.025,27.51,52925
Galvanized Steel,25.4,3.38,2.997,5.497,21.39,11671
Stainless Steel 316,203.2,2.77,3.044,42.167,40.71,239399
PVC,254.0,8.56,11.991,111.194,50.09,253453
PVC,152.4,3.4,6.008,13.297,25.08,33643
Carbon Steel,76.2,2.11,9.012,34.595,37.14,48030
PVC,38.1,2.77,9.049,3.923,28.51,14018
Carbon Steel,101.6,2.11,11.977,60.678,56.27,83130
Stainless Steel 304,101.6,5.74,2.972,40.771,32.22,189644
Stainless Steel 316,50.8,2.77,2.983,9.903,26.58,59600
Carbon Steel,101.6,2.11,9.049,47.203,42.96,64628
PVC,38.1,3.56,6.045,3.221,19.35,10149
Carbon Steel,38.1,3.56,5.965,18.354,30.86,27342
HDPE,25.4,2.77,2.976,0.556,12.95,2702
PVC,152.4,6.35,12.036,48.756,48.17,116509
Carbon Steel,50.8,1.65,5.957,12.061,26.19,19583
Stainless Steel 316,101.6,3.05,8.993,67.663,60.57,382841
Stainless Steel 304,38.1,3.56,9.035,27.928,51.51,135034
Stainless Steel 304,76.2,3.05,9.029,50.085,57.27,235099
Carbon Steel,203.2,7.04,9.005,302.632,55.03,373545
Galvanized Steel,38.1,2.77,3.049,7.286,18.34,13442
Stainless Steel 304,101.6,5.74,3.03,42.318,32.8,196586
Stainless Steel 304,203.2,3.96,8.959,176.265,68.03,805431
Copper,50.8,3.91,12.031,61.82,61.37,752934
Copper,304.8,3.4,3.022,87.133,43.24,1052759
HDPE,152.4,3.4,9.009,13.528,34.34,30413
Copper,101.6,5.74,5.979,93.601,44.57,1131303
Stainless Steel 316,101.6,2.11,6.007,31.904,41.48,182651
Copper,254.0,8.56,8.954,531.892,68.79,6395929
Galvanized Steel,203.2,3.96,8.981,174.065,49.88,269677
HDPE,50.8,1.65,3.034,0.728,11.04,2518
Carbon Steel,25.4,2.77,11.985,18.521,48.76,30764
Carbon Steel,25.4,3.38,12.048,22.014,53.8,36360
HDPE,76.2,3.05,6.015,3.986,21.39,10932
Copper,50.8,2.77,11.995,45.47,64.17,557479
Stainless Steel 304,76.2,2.11,6.005,23.825,37.98,114033
Carbon Steel,152.4,3.4,8.987,113.363,45.84,144352
Stainless Steel 304,152.4,6.35,11.957,279.464,85.22,1272519
Stainless Steel 304,76.2,3.05,12.025,66.587,70.81,313027
Copper,76.2,3.05,9.012,56.223,50.17,684650
PVC,152.4,2.77,9.009,16.275,30.61,41941
Stainless Steel 316,203.2,2.77,5.965,82.524,49.39,462377
Carbon Steel,38.1,1.65,8.99,13.4,39.66,23074
Stainless Steel 316,76.2,2.11,3.015,11.865,25.24,69312
Galvanized Steel,25.4,1.65,3.018,2.931,17.32,7692
HDPE,38.1,1.65,2.996,0.537,11.1,3019
Stainless Steel 304,38.1,3.56,9.012,27.687,53.64,132818
Galvanized Steel,254.0,4.78,8.972,260.512,59.54,401383
Copper,38.1,1.65,6.02,10.237,31.95,129806
HDPE,50.8,1.65,6.022,1.46,19.44,6598
PVC,38.1,1.65,5.964,1.565,16.95,6079
Carbon Steel,25.4,2.77,11.966,18.575,50.34,30720
Stainless Steel 304,152.4,2.77,5.985,62.976,45.17,292474
Galvanized Steel,76.2,3.05,8.959,48.275,46.05,81435
Carbon Steel,152.4,6.35,2.996,68.842,33.57,88345
Carbon Steel,76.2,2.11,6.031,23.119,30.53,33380
Stainless Steel 304,203.2,3.96,8.971,177.09,68.25,809188
Stainless Steel 304,304.8,9.53,11.999,859.736,108.48,3889781
HDPE,38.1,2.77,6.0,1.775,21.16,7524
Stainless Steel 316,50.8,1.65,2.975,6.142,24.2,38567
HDPE,76.2,5.16,11.983,12.972,38.71,30034
Carbon Steel,76.2,2.11,3.022,11.533,18.23,17256
Stainless Steel 304,25.4,3.38,11.98,22.061,68.02,111981
PVC,101.6,5.74,11.957,28.593,40.84,70933
Stainless Steel 316,25.4,3.38,9.029,16.685,56.38,101414
Copper,25.4,3.38,3.027,6.363,22.21,80196
Stainless Steel 304,38.1,2.77,9.009,22.675,52.37,111350
PVC,38.1,2.77,5.977,2.542,20.01,9787
Copper,76.2,5.16,9.003,91.985,57.18,1113970
PVC,50.8,3.91,11.996,9.706,37.72,29231
Carbon Steel,38.1,1.65,12.032,17.852,49.26,30428
PVC,76.2,5.16,12.032,19.211,39.68,50163
Stainless Steel 316,50.8,1.65,12.046,24.603,66.64,146159
Carbon Steel,38.1,2.77,9.042,22.061,34.87,33879
HDPE,203.2,2.77,9.036,15.159,34.43,33528
Copper,50.8,2.77,9.037,33.682,47.36,412036
HDPE,38.1,1.65,3.005,0.532,11.72,3248
PVC,25.4,3.38,11.961,3.915,35.73,14024
HDPE,25.4,2.77,12.036,2.254,35.61,10150
Copper,203.2,3.96,2.99,67.167,34.31,812510
Carbon Steel,38.1,1.65,6.045,9.124,27.18,16248
Stainless Steel 304,76.2,2.11,5.991,23.556,39.25,112448
PVC,25.4,3.38,5.986,1.941,20.63,7656
Stainless Steel 316,50.8,3.91,9.016,41.451,61.44,238305
Stainless Steel 316,50.8,2.77,8.967,30.173,52.02,175182
Carbon Steel,25.4,3.38,5.973,11.061,27.31,17802
Carbon Steel,25.4,2.77,8.96,13.672,36.15,22277
PVC,38.1,3.56,6.027,3.278,20.49,9867
PVC,25.4,2.77,11.983,3.274,33.14,13340
Stainless Steel 316,38.1,3.56,8.996,27.713,55.35,162103
Stainless Steel 304,254.0,4.78,12.034,358.603,83.82,1628988
Carbon Steel,203.2,3.96,6.046,119.049,40.53,150294
Stainless Steel 316,50.8,1.65,12.027,24.617,67.01,146307
Stainless Steel 316,25.4,3.38,8.975,16.731,57.35,102971
Carbon Steel,25.4,1.65,12.02,11.636,47.65,22321
Carbon Steel,101.6,5.74,9.011,123.887,48.79,157121
HDPE,76.2,3.05,11.95,8.064,38.25,20106
PVC,101.6,3.05,9.04,12.01,30.51,31935
Carbon Steel,25.4,1.65,11.986,11.51,49.73,23121
HDPE,25.4,3.38,12.021,2.692,36.46,11156
HDPE,25.4,2.77,11.974,2.236,34.45,9920
Stainless Steel 316,25.4,1.65,2.987,2.947,19.4,20478
HDPE,101.6,5.74,11.972,19.697,38.57,42782
Stainless Steel 304,76.2,5.16,2.991,27.326,33.22,129174
Copper,25.4,3.38,11.954,25.005,62.51,311015
PVC,76.2,5.16,5.978,9.59,25.81,25285
Carbon Steel,50.8,2.77,9.017,29.855,38.86,42573
Carbon Steel,254.0,4.78,9.024,264.832,53.41,327382
Stainless Steel 316,152.4,6.35,3.034,70.46,40.27,395565
Stainless Steel 304,76.2,2.11,12.007,47.679,68.47,227704
Carbon Steel,152.4,6.35,9.024,207.44,49.26,257496
Copper,76.2,2.11,12.036,53.132,54.79,647369
HDPE,101.6,2.11,12.04,7.515,36.91,20021
Stainless Steel 304,254.0,4.78,5.982,180.714,57.73,824656
Carbon Steel,304.8,3.4,6.012,153.192,47.68,192014
PVC,101.6,3.05,3.031,4.006,15.28,10824
Carbon Steel,25.4,2.77,9.006,14.072,38.17,23832
PVC,50.8,2.77,3.035,1.765,13.28,6856
Carbon Steel,50.8,3.91,9.036,40.912,40.47,56892
Stainless Steel 316,101.6,2.11,9.009,47.882,58.49,273716
Stainless Steel 316,101.6,3.05,8.951,67.116,61.21,380291
HDPE,76.2,5.16,8.993,9.808,31.95,23463
Stainless Steel 304,25.4,1.65,5.95,5.896,33.56,32508
Carbon Steel,50.8,3.91,9.028,40.256,42.56,56137
Galvanized Steel,25.4,1.65,12.05,11.622,52.58,27109
Stainless Steel 316,101.6,3.05,8.959,68.315,61.26,387192
HDPE,76.2,5.16,11.973,13.042,38.63,30091
Carbon Steel,101.6,3.05,9.032,67.901,45.43,89720
Stainless Steel 304,76.2,3.05,11.951,66.557,66.12,311842
Stainless Steel 304,38.1,3.56,2.954,9.112,25.52,44654
PVC,25.4,2.77,5.957,1.661,18.56,6856
Carbon Steel,76.2,5.16,2.995,26.601,24.84,36000
Carbon Steel,25.4,1.65,11.994,11.746,46.05,22559
Stainless Steel 304,50.8,2.77,6.022,20.129,38.83,97170
Copper,76.2,2.11,6.021,26.343,32.09,322319
Stainless Steel 316,50.8,1.65,9.002,18.158,51.78,109512
HDPE,50.8,2.77,5.958,2.377,20.33,8178
Carbon Steel,101.6,5.74,11.993,163.147,59.99,206268
Carbon Steel,76.2,5.16,5.995,54.353,31.67,71535
Carbon Steel,101.6,5.74,2.966,40.4,27.57,54451
PVC,50.8,1.65,6.005,2.171,19.04,8582
Copper,101.6,3.05,12.045,103.793,60.87,1256221
PVC,38.1,2.77,5.952,2.633,19.66,9544
Stainless Steel 316,38.1,2.77,11.996,29.836,61.91,176316
Stainless Steel 316,38.1,1.65,5.963,9.069,37.59,56651
Stainless Steel 316,76.2,5.16,3.038,27.847,36.42,158921
Stainless Steel 304,152.4,6.35,11.979,282.352,89.52,1286913
Stainless Steel 316,50.8,3.91,9.028,41.965,61.89,242592
Galvanized Steel,76.2,3.05,6.03,32.774,35.72,55727
PVC,101.6,3.05,2.959,3.885,15.06,12132
Stainless Steel 304,25.4,2.77,11.957,18.758,65.39,96515
HDPE,25.4,3.38,3.04,0.678,12.55,3355
Stainless Steel 316,38.1,2.77,5.98,14.915,39.99,88480
Carbon Steel,76.2,5.16,8.965,80.711,43.69,104523
Stainless Steel 316,101.6,3.05,5.96,44.694,43.04,253388
Stainless Steel 304,152.4,2.77,9.015,93.804,56.19,431012
Stainless Steel 316,254.0,8.56,9.011,472.75,87.5,2615599
PVC,25.4,3.38,3.017,0.993,12.94,3779
Carbon Steel,101.6,2.11,3.042,15.944,20.17,22302
Carbon Steel,50.8,2.77,9.029,29.298,42.24,42101
Carbon Steel,50.8,2.77,6.039,19.809,28.66,28475
Stainless Steel 304,101.6,2.11,5.988,31.848,42.54,150858
Galvanized Steel,50.8,1.65,11.961,23.647,50.09,43467
Stainless Steel 304,76.2,5.16,2.999,27.326,32.31,129211
Carbon Steel,76.2,2.11,3.022,11.727,17.29,16141
Carbon Steel,50.8,1.65,8.961,17.712,36.38,27157
HDPE,76.2,3.05,11.963,7.928,36.15,21356
Carbon Steel,101.6,5.74,6.01,81.396,39.32,104344
HDPE,38.1,3.56,12.039,4.452,34.02,13941
Copper,50.8,3.91,9.023,46.728,52.46,570079
Galvanized Steel,25.4,3.38,3.021,5.519,19.5,12419
PVC,152.4,2.77,2.989,5.503,16.79,13705
Stainless Steel 316,76.2,2.11,8.971,35.128,54.1,203507
Stainless Steel 316,38.1,3.56,6.016,18.773,41.63,110651
Stainless Steel 316,25.4,1.65,6.04,5.919,40.02,39051
Carbon Steel,38.1,3.56,5.986,18.112,29.03,27285
HDPE,25.4,1.65,3.037,0.354,10.41,2391
HDPE,152.4,2.77,11.983,14.791,39.87,34479
Carbon Steel,50.8,3.91,5.992,26.954,31.16,37961
Copper,50.8,3.91,6.044,30.92,40.16,378297
PVC,38.1,3.56,5.958,3.241,19.42,10427
Carbon Steel,254.0,8.56,9.002,469.491,65.73,575451
PVC,38.1,3.56,11.988,6.411,33.95,20349
PVC,38.1,2.77,3.043,1.315,13.05,5551
Stainless Steel 316,101.6,2.11,12.024,62.92,72.75,359002
HDPE,25.4,2.77,6.015,1.109,21.12,5435
Stainless Steel 316,25.4,3.38,5.996,11.266,39.02,69784
PVC,50.8,1.65,3.035,1.081,11.61,4468
Carbon Steel,50.8,3.91,11.959,54.289,49.4,73773
Galvanized Steel,38.1,3.56,9.042,27.164,47.01,49692
Carbon Steel,101.6,5.74,3.035,40.94,27.18,53886
Stainless Steel 304,254.0,4.78,5.993,180.551,54.91,822836
Copper,25.4,2.77,11.992,21.049,53.83,261608
Stainless Steel 316,25.4,1.65,12.021,11.743,60.74,75539
Carbon Steel,38.1,2.77,8.971,21.455,39.47,33453
Stainless Steel 316,25.4,1.65,2.984,2.968,21.29,20432
Stainless Steel 304,50.8,2.77,5.956,19.83,35.12,95175
Stainless Steel 304,50.8,3.91,12.006,55.045,69.86,259821
Stainless Steel 304,25.4,3.38,6.013,11.378,38.61,58389
Carbon Steel,50.8,1.65,11.991,24.061,49.33,37460
PVC,101.6,3.05,12.043,15.844,37.52,40826
Stainless Steel 304,50.8,1.65,8.981,18.31,44.63,90066
Carbon Steel,101.6,3.05,3.033,22.556,22.34,31855
Carbon Steel,76.2,2.11,3.025,11.579,20.46,18013
Carbon Steel,76.2,2.11,2.993,11.344,17.77,17359
Stainless Steel 316,25.4,2.77,12.007,18.715,72.43,115982
Carbon Steel,38.1,3.56,6.025,18.28,28.59,27407
Copper,101.6,2.11,9.025,53.334,46.84,648791
Stainless Steel 316,203.2,2.77,5.996,84.904,49.74,476547
Copper,304.8,9.53,11.985,962.522,89.25,11566521
Stainless Steel 316,50.8,3.91,12.049,55.449,78.77,318187
HDPE,101.6,5.74,11.964,19.746,42.65,42058
Carbon Steel,38.1,3.56,6.046,18.456,32.27,27650
Carbon Steel,50.8,1.65,2.952,5.84,15.99,9720
PVC,152.4,2.77,3.002,5.487,16.22,14843
Stainless Steel 304,38.1,1.65,9.027,13.54,48.6,69528
HDPE,50.8,3.91,9.008,4.901,30.58,14568
Galvanized Steel,152.4,2.77,2.995,30.699,26.67,50976
Galvanized Steel,38.1,3.56,3.006,8.999,20.49,17386
Copper,50.8,1.65,11.951,27.4,59.51,339105
Carbon Steel,304.8,9.53,11.971,845.019,78.69,1028147
Copper,76.2,2.11,5.993,26.019,35.44,318753
HDPE,152.4,6.35,3.014,8.364,22.39,19285
Stainless Steel 304,254.0,8.56,3.044,161.047,51.89,734868
Carbon Steel,76.2,3.05,8.979,49.425,40.59,66246
Carbon Steel,101.6,2.11,2.995,15.706,19.3,21981
Carbon Steel,50.8,2.77,5.96,19.208,28.14,28744
Stainless Steel 304,76.2,2.11,11.979,46.766,69.16,223758
HDPE,25.4,2.77,8.983,1.687,25.94,8311
Carbon Steel,304.8,9.53,2.979,204.9,43.35,253886
PVC,25.4,2.77,12.048,3.33,32.64,13305
Carbon Steel,38.1,2.77,11.971,28.74,50.76,42943
Galvanized Steel,76.2,3.05,9.032,49.459,43.04,81285
Stainless Steel 316,76.2,2.11,2.975,11.731,27.82,69776
Carbon Steel,152.4,2.77,5.968,61.699,36.64,80410
Carbon Steel,203.2,2.77,3.0,41.34,27.93,54685
PVC,25.4,3.38,8.964,2.929,26.49,12400
Stainless Steel 316,254.0,8.56,9.035,472.27,81.61,2612006
Stainless Steel 316,50.8,2.77,5.96,20.316,38.85,119378
Stainless Steel 304,38.1,2.77,9.048,22.386,50.94,109603
Stainless Steel 304,25.4,3.38,3.03,5.771,21.73,30489
Stainless Steel 304,38.1,2.77,11.984,29.149,69.39,143308
HDPE,50.8,2.77,12.025,4.754,32.62,13830
Stainless Steel 316,25.4,1.65,2.957,2.96,20.64,19823
Stainless Steel 304,38.1,1.65,9.05,13.903,47.92,71472
Galvanized Steel,101.6,5.74,5.988,79.551,41.04,126621
Galvanized Steel,38.1,2.77,9.009,21.447,42.88,40950
Carbon Steel,25.4,1.65,5.966,5.722,27.21,12144
Stainless Steel 316,25.4,3.38,2.955,5.599,26.16,35401
Stainless Steel 316,254.0,4.78,6.04,182.454,59.36,1014280
Carbon Steel,203.2,2.77,11.963,163.664,60.44,207477
Stainless Steel 316,152.4,6.35,11.982,277.944,90.94,1544609
Stainless Steel 316,25.4,3.38,11.965,22.204,70.47,134918
Carbon Steel,38.1,3.56,11.981,35.811,50.07,52249
Stainless Steel 316,38.1,3.56,2.987,9.288,25.32,55764
PVC,50.8,3.91,9.009,7.385,29.56,21506
HDPE,254.0,3.4,9.018,22.878,36.5,47468
Carbon Steel,76.2,2.11,9.047,34.917,41.06,49465
Carbon Steel,25.4,3.38,3.011,5.491,19.2,9726
Copper,254.0,4.78,5.984,200.196,57.45,2412399
Stainless Steel 304,50.8,2.77,12.024,40.367,66.23,193258
Stainless Steel 304,50.8,2.77,3.026,10.07,24.25,49718
Stainless Steel 304,50.8,2.77,3.016,10.275,25.35,51598
Carbon Steel,50.8,2.77,5.976,19.565,30.2,29502
Stainless Steel 316,38.1,3.56,2.99,9.377,25.5,56171
PVC,50.8,1.65,8.962,3.223,24.65,11605
HDPE,304.8,4.78,2.985,12.937,26.66,27447
Stainless Steel 316,76.2,5.16,3.044,27.686,33.47,158804
PVC,50.8,2.77,6.039,3.505,19.65,10939
PVC,101.6,5.74,8.997,21.753,32.42,53769
PVC,50.8,2.77,12.022,6.989,35.6,22040
PVC,38.1,3.56,9.033,4.95,30.3,15396
Stainless Steel 316,76.2,3.05,11.98,67.152,69.85,381796
HDPE,38.1,1.65,5.992,1.084,19.57,4974
Stainless Steel 316,38.1,3.56,5.967,18.488,39.31,109594
Carbon Steel,101.6,3.05,3.015,22.268,20.65,29866
Stainless Steel 304,38.1,1.65,2.966,4.557,19.55,25658
Stainless Steel 304,76.2,3.05,11.971,67.565,67.09,316459
HDPE,203.2,7.04,3.017,12.647,24.44,27864
Carbon Steel,50.8,1.65,12.045,24.432,46.77,37945
Stainless Steel 304,25.4,1.65,3.017,2.979,19.11,16786
Stainless Steel 304,76.2,2.11,2.971,11.723,23.48,56759
PVC,203.2,7.04,8.995,55.891,40.07,130395
Copper,25.4,3.38,11.961,25.078,56.53,311607
HDPE,25.4,2.77,5.952,1.115,18.19,5940
Carbon Steel,38.1,1.65,6.018,9.001,27.19,16424
Stainless Steel 304,25.4,3.38,12.027,22.492,60.66,111484
Carbon Steel,38.1,3.56,2.989,9.023,18.63,14240
Stainless Steel 316,25.4,2.77,12.0,19.106,70.84,117856
Stainless Steel 304,76.2,5.16,6.024,55.204,48.79,257432
Galvanized Steel,203.2,7.04,6.039,205.272,49.99,316398
PVC,25.4,1.65,5.974,1.041,18.19,6427
Carbon Steel,50.8,2.77,11.95,38.95,48.32,56330
Carbon Steel,203.2,3.96,3.008,57.906,31.92,75822
HDPE,38.1,1.65,8.976,1.575,25.12,6323
Stainless Steel 304,50.8,1.65,5.975,12.373,34.35,61337
Carbon Steel,25.4,2.77,3.036,4.585,17.3,8592
Carbon Steel,38.1,1.65,12.01,18.151,40.81,29393
PVC,152.4,6.35,12.044,48.999,46.97,116297
Stainless Steel 316,152.4,2.77,5.951,63.485,45.4,357621
Carbon Steel,304.8,3.4,12.023,298.338,63.76,369371
Stainless Steel 316,25.4,3.38,3.028,5.663,28.43,36156
Copper,38.1,2.77,6.027,16.707,33.67,206716
Carbon Steel,50.8,1.65,6.011,11.87,25.47,19191
Copper,76.2,5.16,2.952,30.386,30.39,369754
Stainless Steel 304,38.1,2.77,8.961,21.67,46.38,106639
Copper,50.8,1.65,9.043,21.373,51.57,266455
Stainless Steel 304,76.2,5.16,3.003,27.416,31.52,129650
Carbon Steel,76.2,2.11,12.019,46.432,49.08,64980
HDPE,50.8,3.91,5.986,3.313,23.4,10836
Carbon Steel,38.1,2.77,3.035,7.518,18.24,13365
Stainless Steel 316,38.1,3.56,2.955,9.222,29.21,56015
Carbon Steel,152.4,3.4,12.031,149.029,57.63,189342
Carbon Steel,76.2,3.05,6.036,33.377,31.4,45215
Stainless Steel 304,38.1,3.56,2.983,9.119,22.57,44785
Carbon Steel,50.8,2.77,3.047,10.15,19.41,15615
Carbon Steel,50.8,1.65,6.01,12.057,26.97,19252
Carbon Steel,76.2,3.05,5.998,33.003,33.93,46012
Carbon Steel,101.6,2.11,6.038,31.009,28.13,42063
Galvanized Steel,50.8,2.77,8.96,29.006,42.77,51300
Carbon Steel,76.2,5.16,9.003,81.527,46.9,105351
Carbon Steel,38.1,3.56,2.967,9.025,19.78,14606
PVC,25.4,2.77,3.014,0.825,11.9,4011
Carbon Steel,38.1,2.77,3.0,7.127,16.46,12065
HDPE,76.2,5.16,12.031,13.277,37.68,30964
Stainless Steel 304,50.8,3.91,12.035,55.706,76.38,264849
Carbon Steel,76.2,5.16,12.042,108.543,57.25,141392
HDPE,101.6,2.11,11.985,7.623,36.23,19735
PVC,38.1,1.65,12.03,3.158,34.19,12951
Galvanized Steel,101.6,5.74,3.023,40.422,29.85,65987
Stainless Steel 304,50.8,1.65,6.001,11.967,36.49,59780
Carbon Steel,38.1,2.77,9.034,21.625,38.25,33063
PVC,152.4,3.4,3.0,6.703,17.28,18121
PVC,203.2,2.77,6.013,14.864,24.88,37184
Carbon Steel,76.2,3.05,11.958,64.387,50.72,85622
HDPE,25.4,3.38,9.001,2.007,26.84,7372
PVC,101.6,3.05,5.976,7.802,21.31,21646
PVC,25.4,2.77,5.968,1.666,18.47,7364
Stainless Steel 304,25.4,2.77,11.987,18.681,65.35,96400
Carbon Steel,50.8,2.77,6.026,19.978,27.79,30163
Stainless Steel 316,50.8,2.77,11.977,39.344,68.15,228675
Carbon Steel,152.4,2.77,5.966,61.434,36.44,79989
PVC,25.4,2.77,6.039,1.635,20.21,7793
Carbon Steel,38.1,2.77,5.963,14.472,27.91,23060
Carbon Steel,50.8,1.65,8.965,17.857,36.94,29064
HDPE,38.1,2.77,6.03,1.731,19.57,5810
Stainless Steel 316,25.4,1.65,8.97,8.674,52.89,56712
Stainless Steel 304,25.4,1.65,9.05,8.834,44.99,47585
Stainless Steel 316,254.0,8.56,5.991,313.905,70.04,1739050
Carbon Steel,101.6,3.05,2.953,21.691,20.06,29474
HDPE,76.2,2.11,9.047,4.282,26.99,12158
HDPE,25.4,2.77,6.036,1.113,20.51,6250
Stainless Steel 304,76.2,3.05,3.046,17.167,25.51,81854
PVC,38.1,2.77,11.97,5.082,35.32,17268
HDPE,203.2,7.04,3.043,12.741,26.55,28203
Carbon Steel,76.2,2.11,2.996,11.563,19.8,17745
Stainless Steel 304,25.4,2.77,2.991,4.786,22.89,25240
Stainless Steel 316,25.4,1.65,6.036,6.014,36.33,39864
Carbon Steel,304.8,3.4,11.986,297.156,61.76,367676
Stainless Steel 304,38.1,3.56,12.045,36.547,64.02,176682
Galvanized Steel,50.8,1.65,12.011,24.124,54.26,45586
Stainless Steel 316,38.1,3.56,9.022,28.06,62.12,166685
Galvanized Steel,50.8,3.91,6.042,27.084,35.9,47093
PVC,25.4,1.65,2.982,0.514,10.11,2806
Stainless Steel 316,304.8,9.53,6.016,429.892,78.84,2378170
PVC,38.1,2.77,3.028,1.314,12.63,5383
Carbon Steel,50.8,1.65,12.011,24.217,49.3,37964
Carbon Steel,25.4,1.65,8.954,8.702,35.51,17356
PVC,38.1,3.56,12.013,6.584,37.51,20913
Stainless Steel 304,25.4,1.65,11.991,11.789,63.03,63747
Carbon Steel,101.6,5.74,3.035,41.258,26.68,54842
PVC,76.2,5.16,9.035,14.478,34.14,37878
Galvanized Steel,38.1,3.56,12.023,36.166,57.96,64197
Carbon Steel,50.8,1.65,2.962,5.833,15.65,9850
PVC,50.8,1.65,9.033,3.22,26.99,12590
Carbon Steel,203.2,3.96,2.978,57.506,27.66,73826
Carbon Steel,25.4,2.77,5.992,9.243,25.35,16066
Carbon Steel,203.2,7.04,6.02,204.821,47.36,254439
Galvanized Steel,50.8,2.77,3.013,10.057,21.22,18686
Copper,38.1,3.56,11.959,41.331,60.8,506570
Carbon Steel,25.4,1.65,11.992,11.654,45.85,22505
PVC,152.4,3.4,8.97,19.959,31.96,48398
Stainless Steel 316,50.8,2.77,9.017,30.016,54.08,174783
Stainless Steel 304,38.1,2.77,8.98,22.187,51.54,108920
Stainless Steel 304,38.1,3.56,9.03,28.138,55.06,135812
Stainless Steel 316,25.4,1.65,12.003,11.701,72.18,77607
Carbon Steel,101.6,2.11,2.954,15.471,18.14,21015
HDPE,38.1,3.56,8.955,3.281,29.68,11461
Stainless Steel 304,101.6,3.05,2.984,22.735,29.7,108000
PVC,50.8,3.91,11.981,9.649,31.62,26823
Stainless Steel 316,25.4,1.65,11.985,11.95,65.91,77305
Copper,25.4,2.77,12.004,21.173,62.73,265153
Carbon Steel,50.8,2.77,9.035,30.065,38.51,43660
Stainless Steel 316,38.1,3.56,5.994,18.675,41.28,109660
HDPE,25.4,1.65,12.027,1.384,33.26,8300
Stainless Steel 304,101.6,3.05,11.984,90.121,68.25,417730
Carbon Steel,38.1,1.65,5.958,8.875,25.32,14402
Stainless Steel 304,50.8,3.91,3.049,14.166,27.68,68718
PVC,152.4,2.77,9.005,16.386,30.65,41873
Stainless Steel 304,38.1,1.65,5.989,9.23,33.18,48158
PVC,50.8,1.65,8.972,3.219,24.73,11977
Stainless Steel 304,25.4,1.65,8.975,8.819,45.8,48722
Carbon Steel,76.2,2.11,11.973,46.364,49.88,64584
HDPE,50.8,3.91,8.991,4.91,29.57,14111
PVC,38.1,2.77,6.023,2.627,17.08,8293
HDPE,25.4,3.38,3.016,0.686,12.63,2013
Carbon Steel,50.8,1.65,11.954,24.032,47.08,37279
Carbon Steel,152.4,3.4,5.988,75.115,34.44,95930
Carbon Steel,38.1,2.77,9.001,21.703,36.57,33360
Carbon Steel,101.6,3.05,5.977,44.108,29.63,58522
Stainless Steel 316,203.2,3.96,6.044,120.091,54.85,670338
Stainless Steel 304,101.6,5.74,2.969,40.613,34.31,188522
HDPE,25.4,1.65,12.012,1.406,31.85,8850
Copper,38.1,2.77,2.981,8.191,20.47,101672
PVC,38.1,3.56,12.025,6.445,31.84,19609
Stainless Steel 304,50.8,2.77,8.957,29.933,51.23,143739
Carbon Steel,76.2,5.16,8.952,81.207,44.31,105027
Carbon Steel,76.2,3.05,9.024,49.09,41.71,66862
Galvanized Steel,25.4,1.65,3.005,2.832,18.43,7134
Stainless Steel 304,25.4,3.38,6.042,11.337,38.27,57960
HDPE,152.4,3.4,6.034,8.925,24.46,21137
Stainless Steel 304,25.4,3.38,2.967,5.597,23.75,29206
Stainless Steel 316,50.8,1.65,3.023,6.204,23.31,37855
Stainless Steel 316,152.4,6.35,9.048,208.875,74.97,1162051
Copper,50.8,1.65,8.97,20.484,43.01,253206
Carbon Steel,25.4,2.77,3.008,4.652,17.48,8721
Stainless Steel 316,38.1,1.65,5.954,9.028,35.08,56141
Carbon Steel,76.2,2.11,3.028,11.615,18.31,17586
PVC,25.4,3.38,6.039,1.96,21.4,8104
Carbon Steel,50.8,1.65,8.964,17.807,37.45,28168
HDPE,38.1,1.65,5.997,1.079,19.78,5216
Stainless Steel 316,76.2,2.11,3.012,11.74,26.3,70026
Galvanized Steel,38.1,3.56,8.975,26.388,48.35,48480
Carbon Steel,76.2,3.05,8.97,49.301,41.4,66837
Copper,76.2,3.05,5.985,37.405,37.14,455245
Copper,76.2,5.16,9.035,92.958,53.27,1125269
Stainless Steel 316,254.0,8.56,3.012,155.819,59.87,867715
Carbon Steel,254.0,8.56,2.978,154.941,39.91,193271
Stainless Steel 316,38.1,1.65,8.963,13.548,51.0,83081
HDPE,25.4,1.65,9.031,1.056,25.78,6657
Carbon Steel,76.2,5.16,9.03,82.613,43.18,106380
PVC,254.0,3.4,6.025,23.043,29.64,55797
Stainless Steel 304,50.8,3.91,6.0,28.068,43.34,134522
Carbon Steel,25.4,2.77,9.006,13.967,40.23,23441
Carbon Steel,101.6,3.05,8.971,67.117,41.28,88294
Stainless Steel 304,254.0,4.78,8.957,269.681,76.94,1227273
Carbon Steel,203.2,3.96,11.958,232.249,62.3,290647
Stainless Steel 316,50.8,2.77,6.008,20.04,43.42,118850
Stainless Steel 316,50.8,2.77,11.979,40.193,66.15,232597
Stainless Steel 304,38.1,3.56,5.95,18.275,41.03,89335
Carbon Steel,76.2,3.05,9.0,48.842,41.06,65680
Carbon Steel,101.6,3.05,5.978,44.739,30.67,58760
Carbon Steel,203.2,7.04,5.987,205.505,46.17,254711
Stainless Steel 304,50.8,3.91,9.019,40.685,52.11,192515
Carbon Steel,25.4,3.38,6.023,11.148,27.92,18288
Copper,50.8,3.91,6.044,31.243,39.08,382673
Stainless Steel 316,101.6,5.74,5.99,82.173,53.92,461599
Stainless Steel 316,304.8,3.4,9.006,234.622,75.31,1304431
Stainless Steel 316,38.1,3.56,6.021,18.575,42.4,110713
Stainless Steel 316,76.2,5.16,3.007,27.646,36.57,158925
Carbon Steel,50.8,2.77,11.965,39.499,51.78,56130
Stainless Steel 304,25.4,1.65,6.002,5.937,33.66,32650
Carbon Steel,50.8,1.65,12.048,24.221,47.86,37780
HDPE,38.1,1.65,12.023,2.186,33.44,9878
Stainless Steel 304,25.4,3.38,9.026,17.009,49.73,84993
Stainless Steel 316,38.1,2.77,8.968,22.036,51.02,131106
HDPE,101.6,5.74,11.961,19.588,37.24,41785
Carbon Steel,101.6,3.05,8.961,66.642,40.67,87495
HDPE,50.8,2.77,9.044,3.572,27.59,11362
Carbon Steel,76.2,3.05,5.98,33.177,29.3,45623
PVC,50.8,1.65,3.036,1.065,11.67,5042
Stainless Steel 316,38.1,3.56,3.004,9.439,26.93,56985
Stainless Steel 304,76.2,2.11,9.019,35.384,45.98,167598
Stainless Steel 304,38.1,1.65,5.975,9.116,31.47,47227
Stainless Steel 304,76.2,2.11,2.969,11.684,23.17,57195
Carbon Steel,38.1,2.77,9.006,21.675,40.73,33149
Stainless Steel 304,152.4,2.77,9.033,94.222,60.65,434910
HDPE,76.2,2.11,11.987,5.49,38.34,16504
Carbon Steel,50.8,2.77,12.044,39.679,48.03,56906
PVC,38.1,2.77,8.967,3.886,27.24,13865
Galvanized Steel,50.8,1.65,12.029,23.754,54.58,45182
HDPE,101.6,2.11,2.976,1.859,15.06,4961
Stainless Steel 316,304.8,3.4,5.961,152.029,56.15,846787
Stainless Steel 304,50.8,3.91,6.018,27.543,36.9,130753
Carbon Steel,25.4,1.65,12.019,11.768,45.42,22061
Stainless Steel 316,25.4,1.65,6.023,5.973,36.94,38857
Stainless Steel 316,38.1,2.77,11.965,30.149,65.73,177490
Stainless Steel 316,25.4,1.65,5.973,5.9,36.93,39868
Carbon Steel,25.4,2.77,3.014,4.58,15.47,8066
Carbon Steel,50.8,1.65,6.031,12.125,25.32,18938
Stainless Steel 316,152.4,3.4,12.009,153.565,82.36,859387
HDPE,152.4,6.35,11.974,33.701,43.2,69113
Stainless Steel 316,25.4,3.38,6.007,11.182,41.4,68397
Stainless Steel 304,76.2,5.16,9.032,84.263,58.06,389607
Carbon Steel,50.8,3.91,11.959,53.941,52.67,74003
Carbon Steel,25.4,3.38,8.995,16.781,42.36,28122
Carbon Steel,38.1,1.65,6.029,9.033,28.02,16114
Carbon Steel,38.1,2.77,6.006,14.61,28.28,22947
Stainless Steel 316,50.8,2.77,11.993,39.706,65.13,229965
Stainless Steel 304,76.2,5.16,6.014,54.952,46.54,256216
PVC,25.4,1.65,3.043,0.52,10.87,3527
PVC,25.4,3.38,3.011,0.998,13.8,4120
Stainless Steel 316,76.2,2.11,9.038,35.285,52.66,203387
Stainless Steel 316,50.8,3.91,12.01,55.851,72.92,320071
Stainless Steel 304,304.8,4.78,9.036,322.049,68.89,1462767
PVC,152.4,6.35,2.952,12.074,21.97,31151
Stainless Steel 316,76.2,2.11,9.043,35.967,57.82,207898
Stainless Steel 304,76.2,5.16,6.036,54.955,47.28,255502
HDPE,76.2,5.16,5.983,6.494,21.67,15169
Carbon Steel,152.4,6.35,6.045,139.962,47.97,177517
Carbon Steel,50.8,1.65,11.973,24.332,47.58,37821
Carbon Steel,38.1,3.56,11.984,36.541,47.03,52021
Carbon Steel,25.4,1.65,12.024,11.636,47.04,22643
PVC,76.2,2.11,6.044,4.106,20.83,13120
Carbon Steel,38.1,3.56,12.009,36.413,47.53,51706
PVC,50.8,2.77,11.963,7.092,32.88,21848
HDPE,76.2,3.05,9.041,6.027,27.25,15945
HDPE,101.6,3.05,5.974,5.354,22.55,13565
Stainless Steel 304,38.1,3.56,9.033,27.908,56.14,135660
Copper,38.1,2.77,6.049,16.781,39.73,208176
HDPE,101.6,3.05,12.044,10.675,38.51,25968
Galvanized Steel,38.1,2.77,3.009,7.19,19.88,14280
Stainless Steel 316,152.4,6.35,11.964,274.486,88.39,1525545
Carbon Steel,76.2,3.05,12.002,66.25,50.85,89122
Stainless Steel 304,25.4,2.77,3.011,4.726,22.65,25891
Stainless Steel 304,50.8,3.91,5.988,27.546,38.43,130898
Galvanized Steel,25.4,3.38,9.009,16.256,45.14,32695
HDPE,304.8,9.53,2.956,24.733,27.91,48270
Carbon Steel,76.2,3.05,11.962,64.806,53.69,87281
Stainless Steel 304,152.4,2.77,12.037,125.436,75.05,578454
Copper,25.4,2.77,2.968,5.297,21.26,67983
Stainless Steel 304,38.1,2.77,12.048,29.927,58.56,144434
Stainless Steel 304,50.8,3.91,6.02,27.754,41.15,132688
Carbon Steel,254.0,8.56,6.014,311.095,47.77,381848
Galvanized Steel,101.6,3.05,9.048,65.859,49.21,107891
Carbon Steel,38.1,1.65,5.99,9.017,25.65,14688
Carbon Steel,152.4,2.77,2.988,30.499,24.29,41188
Carbon Steel,50.8,1.65,11.967,24.584,46.1,38294
Carbon Steel,101.6,5.74,12.008,165.648,59.67,210086
Galvanized Steel,101.6,3.05,6.039,43.847,36.72,72352
Galvanized Steel,38.1,2.77,9.014,21.687,41.34,39838
Copper,101.6,3.05,6.026,50.215,38.19,608513
Stainless Steel 304,76.2,2.11,5.962,23.889,37.61,114711
Carbon Steel,25.4,3.38,6.006,11.023,28.03,18012
HDPE,25.4,1.65,6.045,0.707,20.21,5073
PVC,152.4,3.4,8.959,19.518,32.95,48691
Copper,38.1,2.77,9.039,24.907,49.21,308790
PVC,25.4,1.65,9.002,1.576,26.24,8651
Copper,38.1,2.77,9.007,25.023,47.45,309246
Copper,50.8,1.65,12.014,27.624,60.45,341544
Copper,101.6,3.05,2.982,24.791,24.62,301913
Stainless Steel 316,38.1,2.77,12.033,29.096,73.51,173324
HDPE,101.6,5.74,8.964,14.654,32.55,32027
Carbon Steel,76.2,5.16,5.977,54.491,34.07,70559
Copper,25.4,3.38,6.028,12.493,33.61,156649
Stainless Steel 316,25.4,1.65,6.009,5.901,36.51,39303
PVC,50.8,1.65,6.02,2.165,18.82,8188
Copper,76.2,2.11,11.985,52.356,55.61,638722
PVC,101.6,5.74,12.012,28.652,37.27,69382
Stainless Steel 304,50.8,3.91,6.006,27.708,40.86,131740
Stainless Steel 316,38.1,2.77,9.021,22.387,53.84,133586
Stainless Steel 316,76.2,5.16,3.042,27.373,32.64,156660
Carbon Steel,25.4,1.65,5.979,5.832,24.25,11099
Carbon Steel,76.2,2.11,5.97,23.423,29.7,33463
Carbon Steel,76.2,3.05,9.038,50.111,43.04,68310
PVC,25.4,1.65,9.015,1.552,25.92,8507
Stainless Steel 304,50.8,3.91,3.005,13.886,25.86,67228
HDPE,101.6,3.05,8.999,8.035,30.96,20990
Stainless Steel 316,254.0,8.56,11.958,622.94,109.35,3445398
Stainless Steel 304,25.4,1.65,11.955,11.621,66.26,64263
HDPE,76.2,3.05,8.984,6.034,29.54,16204
PVC,25.4,3.38,2.999,0.995,13.93,5600
Stainless Steel 304,25.4,1.65,12.044,11.92,56.71,64026
Stainless Steel 316,50.8,3.91,9.041,41.686,63.88,240024
Stainless Steel 304,50.8,3.91,11.986,54.965,76.4,261027
PVC,25.4,3.38,8.995,2.955,29.56,11414
Galvanized Steel,304.8,4.78,3.017,106.529,40.86,167770
Stainless Steel 304,50.8,1.65,5.995,12.008,33.96,59934
Stainless Steel 316,25.4,2.77,9.026,14.413,59.01,88956
PVC,50.8,1.65,2.959,1.073,11.71,3646
Carbon Steel,25.4,3.38,8.993,16.608,40.47,26778
Galvanized Steel,25.4,1.65,6.016,5.773,28.29,13797
Carbon Steel,38.1,3.56,8.973,27.245,39.56,39742
Stainless Steel 316,76.2,2.11,9.039,36.388,55.9,209680
HDPE,50.8,1.65,11.974,2.891,35.04,10725
HDPE,25.4,2.77,5.992,1.131,21.11,5824
Carbon Steel,101.6,3.05,2.992,22.516,20.66,30485
Carbon Steel,76.2,2.11,3.009,11.659,19.84,17290
Carbon Steel,101.6,5.74,6.0,82.035,37.24,105800
Carbon Steel,50.8,1.65,2.997,5.975,16.04,10966
HDPE,50.8,1.65,2.992,0.736,11.72,3615
Carbon Steel,38.1,2.77,12.01,29.148,48.7,44023
Carbon Steel,38.1,1.65,3.029,4.537,16.07,8792
PVC,38.1,1.65,9.01,2.418,25.8,10340
Carbon Steel,50.8,1.65,9.001,18.01,39.31,28924
Copper,152.4,6.35,6.02,160.12,47.27,1929646
Copper,25.4,2.77,12.048,21.321,59.13,267744
PVC,76.2,2.11,12.024,8.281,35.07,24492
Stainless Steel 304,101.6,3.05,5.993,44.996,43.54,211115
Stainless Steel 316,50.8,3.91,12.015,55.57,75.58,319405
Carbon Steel,50.8,1.65,9.035,17.889,38.38,27831
Carbon Steel,203.2,2.77,12.021,162.362,60.69,205884
Stainless Steel 316,50.8,1.65,11.956,24.562,70.41,147587
Carbon Steel,76.2,3.05,11.97,66.609,52.79,88850
Stainless Steel 304,304.8,4.78,11.966,430.822,83.28,1953923
Carbon Steel,25.4,2.77,8.961,13.871,37.03,22625
Carbon Steel,25.4,2.77,2.989,4.542,17.14,8434
Carbon Steel,50.8,2.77,5.989,19.95,30.56,29826
Stainless Steel 316,50.8,2.77,2.983,10.129,21.43,59943
Stainless Steel 304,38.1,1.65,8.975,13.631,49.36,69989
Carbon Steel,101.6,3.05,9.045,67.853,46.74,89934
Stainless Steel 304,25.4,2.77,9.048,14.077,49.16,72502
Carbon Steel,76.2,5.16,12.032,109.155,55.61,140632
Stainless Steel 304,76.2,5.16,11.998,111.603,73.43,514881
Carbon Steel,203.2,7.04,2.967,101.127,33.19,127744
HDPE,25.4,1.65,3.01,0.357,11.22,2497
Stainless Steel 304,304.8,9.53,5.975,425.576,71.95,1928221
PVC,101.6,5.74,9.04,22.238,33.75,55294
Carbon Steel,25.4,1.65,6.001,5.818,24.37,11815
HDPE,25.4,3.38,5.959,1.335,21.01,6245
Carbon Steel,152.4,2.77,12.04,124.077,55.82,159381
Copper,203.2,3.96,3.019,66.277,35.07,802559
Stainless Steel 316,38.1,3.56,3.028,9.297,27.2,55754
Carbon Steel,76.2,3.05,12.036,66.252,52.42,89114
Carbon Steel,50.8,2.77,9.033,29.042,38.76,42623
HDPE,203.2,3.96,9.013,21.479,37.19,45413
Stainless Steel 304,101.6,2.11,11.962,63.578,70.71,298780
Stainless Steel 304,76.2,2.11,11.969,46.638,75.85,223571
Copper,50.8,1.65,9.018,20.893,44.62,258781
HDPE,50.8,1.65,9.032,2.161,22.98,7667
Carbon Steel,152.4,3.4,3.012,37.662,27.98,49760
Carbon Steel,38.1,3.56,2.956,8.866,19.06,13797
PVC,25.4,3.38,12.001,3.943,37.0,15443
Carbon Steel,50.8,1.65,5.998,12.081,29.22,19338
Carbon Steel,203.2,7.04,6.013,207.114,45.51,255801
Copper,25.4,3.38,5.984,12.778,32.61,159857
Carbon Steel,304.8,3.4,5.985,152.181,40.6,190158
Stainless Steel 304,50.8,1.65,3.013,6.164,22.31,32134
Carbon Steel,25.4,2.77,2.965,4.61,16.76,8970
PVC,38.1,1.65,3.002,0.783,11.14,4437
Carbon Steel,38.1,1.65,3.031,4.521,15.58,7699
Stainless Steel 316,50.8,2.77,6.042,20.087,39.7,118015
HDPE,101.6,5.74,12.041,19.729,36.96,41552
Stainless Steel 316,101.6,5.74,5.988,83.167,54.33,467288
Copper,25.4,1.65,11.96,13.293,51.25,168689
Stainless Steel 304,152.4,3.4,8.964,115.598,57.44,530072
Stainless Steel 304,25.4,3.38,6.048,11.387,37.06,57842
HDPE,38.1,1.65,12.014,2.177,34.03,9737
Copper,76.2,2.11,12.029,52.811,64.53,645515
Stainless Steel 304,25.4,1.65,5.991,5.998,31.9,32337
Carbon Steel,25.4,1.65,11.98,11.559,46.55,21814
Carbon Steel,25.4,2.77,3.018,4.643,16.94,9149
Stainless Steel 316,25.4,2.77,3.005,4.754,24.17,30097
Carbon Steel,203.2,2.77,11.994,165.259,57.24,207503
Carbon Steel,76.2,5.16,12.031,107.791,56.53,139815
Galvanized Steel,152.4,6.35,9.027,204.151,57.43,317325
HDPE,76.2,3.05,5.963,3.908,21.42,11291
Carbon Steel,203.2,3.96,12.022,230.678,58.38,287711
Stainless Steel 304,101.6,5.74,12.049,168.202,78.19,771293
PVC,76.2,3.05,9.041,9.008,30.88,25322
Copper,25.4,3.38,9.019,18.832,48.3,234077
Stainless Steel 316,76.2,3.05,3.027,17.103,25.41,98186
Stainless Steel 304,25.4,1.65,8.955,8.949,45.15,48068
Copper,203.2,3.96,11.95,269.214,72.18,3243342
Carbon Steel,38.1,3.56,5.993,17.872,32.15,27103
PVC,25.4,1.65,12.035,2.116,31.8,10200
Carbon Steel,50.8,2.77,6.04,19.786,32.37,29956
PVC,50.8,1.65,12.028,4.262,33.16,15843
Stainless Steel 316,50.8,2.77,9.023,30.415,54.96,177761
Copper,101.6,3.05,11.959,99.616,67.16,1207857
Carbon Steel,50.8,3.91,2.991,13.776,21.0,20356
Stainless Steel 304,76.2,3.05,3.019,17.002,25.99,81535
Carbon Steel,304.8,9.53,5.987,419.138,57.86,513474
Stainless Steel 304,76.2,2.11,9.015,34.761,55.3,166915
HDPE,101.6,5.74,9.029,14.844,36.39,32727
Stainless Steel 316,38.1,1.65,12.033,17.777,61.31,109027
Stainless Steel 316,152.4,6.35,2.961,69.01,45.14,388356
PVC,25.4,3.38,12.027,3.966,34.68,14930
PVC,50.8,2.77,11.952,6.994,34.12,21320
Stainless Steel 316,101.6,2.11,3.02,15.973,28.95,92725
Carbon Steel,38.1,3.56,6.019,18.367,30.29,27718
Stainless Steel 304,101.6,2.11,3.022,15.735,25.84,75417
Copper,76.2,5.16,2.961,30.514,30.48,371993
Galvanized Steel,25.4,3.38,2.982,5.395,19.94,11885
Carbon Steel,38.1,2.77,11.982,29.217,44.02,42619
Stainless Steel 316,25.4,1.65,9.049,8.984,53.54,59231
Stainless Steel 304,152.4,2.77,6.048,63.338,43.35,293198
Stainless Steel 304,50.8,3.91,9.022,41.192,53.41,195280
Galvanized Steel,38.1,1.65,2.959,4.398,16.54,10078
Carbon Steel,101.6,5.74,3.026,40.625,25.31,53543
Carbon Steel,203.2,7.04,12.034,407.977,62.25,501307
Stainless Steel 304,25.4,2.77,8.961,13.973,50.8,72230
Copper,25.4,2.77,3.038,5.401,19.91,68057
Stainless Steel 304,25.4,1.65,11.977,12.069,61.66,65074
PVC,25.4,1.65,6.042,1.05,17.47,5492
Carbon Steel,25.4,1.65,11.975,11.823,40.67,20396
Carbon Steel,76.2,3.05,9.046,49.801,42.04,66829
PVC,25.4,2.77,6.035,1.664,20.29,7350
PVC,50.8,2.77,3.031,1.737,13.16,6583
Carbon Steel,38.1,3.56,9.027,27.685,40.1,40379
Stainless Steel 316,38.1,1.65,5.953,8.965,39.48,56514
Copper,25.4,2.77,6.038,10.568,35.04,132387
Stainless Steel 316,50.8,3.91,6.049,27.704,43.02,160618
PVC,50.8,1.65,12.047,4.33,32.51,15665
Carbon Steel,101.6,2.11,12.05,62.455,52.21,85109
Carbon Steel,38.1,3.56,9.003,26.998,39.03,38726
Stainless Steel 316,76.2,3.05,5.999,33.206,39.21,189550
Stainless Steel 304,203.2,2.77,6.035,83.966,49.16,386027
Carbon Steel,101.6,2.11,3.025,15.692,18.31,21935
Stainless Steel 304,25.4,1.65,11.98,11.779,60.69,63518
Carbon Steel,38.1,3.56,6.01,17.844,27.12,25568
Stainless Steel 304,152.4,3.4,3.017,37.95,32.0,177198
HDPE,304.8,4.78,3.044,13.008,24.53,27442
Stainless Steel 304,50.8,3.91,2.972,13.63,27.69,66577
Stainless Steel 304,50.8,2.77,9.032,30.012,54.67,145628
PVC,203.2,7.04,11.998,72.503,42.66,166793
Stainless Steel 316,152.4,3.4,12.048,155.021,81.97,867370
Carbon Steel,101.6,2.11,2.966,15.37,20.21,21970
Carbon Steel,101.6,5.74,11.999,162.862,57.3,205635
Galvanized Steel,38.1,2.77,12.001,28.62,56.17,52603
Stainless Steel 316,50.8,3.91,8.983,41.736,60.44,240216
HDPE,50.8,2.77,5.963,2.356,19.91,7824
Carbon Steel,203.2,2.77,12.033,166.387,61.48,210278
Carbon Steel,304.8,3.4,6.047,150.937,44.85,188480
PVC,25.4,2.77,2.967,0.828,11.46,4282
Carbon Steel,25.4,3.38,6.0,11.001,30.53,18655
Galvanized Steel,50.8,3.91,6.033,26.966,36.24,46399
Stainless Steel 316,152.4,6.35,8.982,209.886,76.76,1168102
PVC,38.1,3.56,3.004,1.621,12.55,7335
Stainless Steel 316,152.4,3.4,3.001,38.166,34.5,216199
Stainless Steel 304,25.4,3.38,6.041,11.501,40.44,59036
Stainless Steel 316,25.4,3.38,5.978,11.112,39.16,68943
Galvanized Steel,38.1,1.65,9.048,13.427,37.91,27701
Stainless Steel 316,101.6,3.05,3.034,22.617,33.94,129234
Stainless Steel 304,304.8,4.78,2.981,107.099,49.1,490318
PVC,25.4,3.38,5.969,1.916,21.05,7851
Stainless Steel 304,38.1,2.77,6.028,14.739,39.61,73365
HDPE,25.4,3.38,3.004,0.665,12.73,4375
Copper,38.1,2.77,8.973,24.657,47.91,304580
Stainless Steel 304,25.4,3.38,8.957,16.25,49.98,82002
PVC,76.2,2.11,8.988,6.206,29.53,19304
HDPE,25.4,2.77,5.96,1.138,20.04,4847
Stainless Steel 316,101.6,5.74,3.015,42.15,39.83,238295
Copper,152.4,6.35,2.956,77.715,39.0,939450
Galvanized Steel,76.2,3.05,3.007,16.521,22.55,29113
Galvanized Steel,38.1,2.77,5.981,14.279,32.97,27636
Stainless Steel 304,50.8,1.65,6.031,12.448,32.96,62277
Stainless Steel 304,50.8,3.91,9.02,41.809,54.58,198075
Carbon Steel,38.1,2.77,3.04,7.298,17.92,12571
Copper,152.4,3.4,3.025,43.25,31.31,524952
Carbon Steel,25.4,3.38,9.027,16.584,37.52,27101
Carbon Steel,152.4,2.77,3.044,30.962,23.97,42156
Carbon Steel,38.1,3.56,12.023,35.65,55.23,53568
Carbon Steel,50.8,3.91,12.009,54.212,50.97,74301
Stainless Steel 316,76.2,5.16,12.043,110.32,77.42,620396
PVC,38.1,2.77,9.016,3.882,25.13,13013
Copper,101.6,5.74,9.02,137.175,54.19,1656057
Stainless Steel 304,76.2,2.11,12.03,47.051,66.03,223201
HDPE,76.2,5.16,6.003,6.52,24.72,16609
Copper,50.8,2.77,5.964,22.123,34.83,271968
Carbon Steel,101.6,2.11,11.972,61.939,50.98,83610
PVC,304.8,4.78,6.029,37.866,33.45,90060
Stainless Steel 316,254.0,8.56,2.994,158.214,51.25,879105
Stainless Steel 316,38.1,2.77,6.046,15.09,38.7,89431
Carbon Steel,101.6,2.11,3.029,15.923,20.38,22579
Carbon Steel,25.4,1.65,2.957,2.866,13.59,5706
Stainless Steel 304,203.2,2.77,6.016,84.547,52.54,390436
Carbon Steel,38.1,1.65,8.951,13.281,35.24,22446
Carbon Steel,50.8,2.77,9.032,29.188,41.91,43146
Carbon Steel,38.1,3.56,11.995,35.958,49.94,51950
Galvanized Steel,203.2,3.96,12.027,231.27,66.92,358276
Stainless Steel 316,25.4,3.38,6.028,11.284,41.33,69156
PVC,38.1,3.56,2.979,1.628,13.76,6449
PVC,76.2,2.11,3.044,2.061,12.21,7004
Copper,101.6,5.74,12.045,186.493,69.0,2249899
Stainless Steel 316,101.6,3.05,3.031,22.814,29.87,130453
Stainless Steel 304,101.6,2.11,11.967,63.94,68.74,299927
Stainless Steel 304,38.1,1.65,2.953,4.496,21.23,24052
Stainless Steel 304,25.4,1.65,8.96,8.764,49.1,48525
Copper,38.1,3.56,5.972,20.688,35.63,254402
Carbon Steel,25.4,3.38,9.028,16.542,39.74,27473
Carbon Steel,76.2,3.05,11.955,65.686,49.75,87512
Stainless Steel 316,50.8,3.91,2.99,13.788,28.72,81363
Stainless Steel 316,38.1,2.77,3.04,7.527,27.77,45718
Carbon Steel,25.4,1.65,9.03,8.836,38.92,17393
Stainless Steel 304,152.4,6.35,3.009,69.814,41.58,321793
Stainless Steel 316,38.1,3.56,3.027,9.226,28.59,55536
Carbon Steel,50.8,3.91,12.045,53.152,51.96,72323
HDPE,101.6,5.74,6.037,9.993,25.34,22688
Copper,25.4,2.77,2.997,5.367,21.94,68013
Stainless Steel 304,38.1,3.56,5.96,18.827,36.56,92053
HDPE,38.1,2.77,5.978,1.736,20.46,7044
PVC,50.8,3.91,5.993,4.776,20.61,14029
Stainless Steel 316,50.8,1.65,12.028,24.866,74.23,150458
Carbon Steel,76.2,5.16,12.043,109.602,61.49,142324
HDPE,38.1,3.56,11.981,4.332,36.19,14424
Stainless Steel 304,101.6,5.74,12.01,167.313,72.81,765913
Carbon Steel,38.1,2.77,8.997,21.244,38.2,31315
PVC,50.8,1.65,11.952,4.225,34.63,15772
HDPE,50.8,2.77,11.994,4.783,32.15,14486
Copper,50.8,3.91,9.05,47.017,50.38,572600
PVC,50.8,1.65,2.977,1.056,11.21,5129
Carbon Steel,203.2,3.96,12.007,232.008,56.81,288244
Stainless Steel 316,25.4,1.65,9.024,8.997,48.91,58560
Stainless Steel 304,25.4,2.77,5.985,9.461,40.37,49670
HDPE,76.2,5.16,12.031,13.157,39.02,31046
Stainless Steel 304,254.0,8.56,9.035,473.737,75.62,2144633
Copper,50.8,1.65,5.982,13.527,33.1,167674
Carbon Steel,50.8,1.65,9.006,17.878,34.11,27197
Carbon Steel,38.1,1.65,8.952,13.386,39.28,22508
Copper,101.6,5.74,6.013,92.519,45.72,1117570
Carbon Steel,25.4,3.38,8.978,16.366,38.25,26936
PVC,25.4,1.65,6.002,1.043,19.07,5573
PVC,25.4,2.77,3.002,0.831,11.82,4354
Stainless Steel 304,76.2,5.16,11.969,109.548,72.4,505284
Stainless Steel 304,25.4,1.65,11.957,11.746,57.22,63633
Stainless Steel 316,25.4,2.77,8.95,14.101,55.54,87410
Carbon Steel,50.8,1.65,11.981,23.789,47.51,37900
HDPE,203.2,2.77,8.977,14.973,33.4,33167
Carbon Steel,203.2,2.77,8.965,124.489,45.46,157906
Carbon Steel,254.0,8.56,6.011,310.881,49.56,382045
Stainless Steel 304,101.6,5.74,2.965,41.125,31.88,191384
Stainless Steel 316,50.8,2.77,9.002,30.311,55.72,176322
Stainless Steel 304,38.1,2.77,6.047,14.991,36.35,74264
Stainless Steel 316,38.1,3.56,5.966,18.518,42.04,108582
Stainless Steel 304,25.4,2.77,8.992,14.297,47.31,73328
Stainless Steel 316,101.6,2.11,3.037,15.912,28.54,91768
HDPE,101.6,5.74,8.96,14.598,35.49,32823
Stainless Steel 316,25.4,2.77,11.978,18.637,66.07,114901
PVC,50.8,1.65,9.001,3.194,25.9,11836
PVC,38.1,2.77,6.045,2.612,19.25,9805
HDPE,25.4,3.38,11.953,2.648,37.95,11290
Carbon Steel,101.6,2.11,5.953,30.519,30.01,43367
Copper,101.6,2.11,6.014,35.815,37.44,436831
HDPE,152.4,3.4,12.035,18.537,39.61,40931
HDPE,25.4,2.77,2.967,0.553,11.89,2611
Stainless Steel 316,38.1,1.65,8.959,13.464,45.26,83018
Carbon Steel,101.6,3.05,9.009,66.165,40.2,86429
Copper,101.6,3.05,2.965,25.28,27.66,308160
Stainless Steel 316,50.8,3.91,9.023,41.689,57.79,240235
PVC,25.4,1.65,5.983,1.032,16.6,5240
Carbon Steel,76.2,2.11,9.0,33.897,39.67,46870
Carbon Steel,101.6,2.11,6.04,31.618,31.1,43977
Stainless Steel 304,101.6,3.05,2.986,22.536,28.29,106640
HDPE,50.8,1.65,2.957,0.712,11.89,4156
Stainless Steel 316,76.2,3.05,9.04,50.984,57.38,290950
Carbon Steel,101.6,2.11,12.044,61.839,50.45,82974
Copper,152.4,6.35,8.997,239.283,59.73,2882787
Carbon Steel,50.8,2.77,5.992,19.751,26.73,29122
Carbon Steel,203.2,2.77,8.993,123.39,51.77,156949
PVC,152.4,2.77,9.017,16.139,32.21,41650
PVC,76.2,2.11,12.047,8.243,34.28,23654
Stainless Steel 304,76.2,3.05,3.014,16.915,27.29,80904
Carbon Steel,38.1,3.56,2.982,8.974,17.95,14274
Carbon Steel,101.6,3.05,12.018,90.426,52.21,117203
Stainless Steel 316,38.1,3.56,6.045,18.512,35.45,107696
Carbon Steel,50.8,2.77,5.979,19.97,25.72,29283
Carbon Steel,25.4,2.77,12.032,18.582,46.31,31471
Stainless Steel 304,38.1,1.65,9.019,13.804,51.49,70710
Stainless Steel 316,38.1,2.77,6.048,15.025,38.82,88007
Stainless Steel 304,38.1,1.65,3.024,4.575,22.15,24388
PVC,38.1,3.56,6.034,3.264,20.7,11253
PVC,25.4,1.65,5.959,1.044,16.44,4720
Copper,25.4,2.77,11.998,21.315,58.33,265432
HDPE,25.4,2.77,3.025,0.569,11.95,3359
Copper,25.4,3.38,11.96,25.114,62.27,312572
HDPE,25.4,3.38,9.002,2.01,26.74,8998
Galvanized Steel,101.6,2.11,12.004,61.826,57.71,103709
Stainless Steel 304,38.1,1.65,9.008,13.65,49.41,69786
HDPE,76.2,3.05,5.979,3.989,21.93,12186
Stainless Steel 304,25.4,1.65,5.958,5.853,36.96,33071
Stainless Steel 304,50.8,3.91,9.027,41.633,53.66,196361
Stainless Steel 316,101.6,2.11,11.987,63.071,72.76,359456
HDPE,76.2,2.11,3.016,1.41,13.49,4603
HDPE,50.8,3.91,3.039,1.645,13.89,5633
Stainless Steel 316,203.2,7.04,12.019,416.536,94.26,2307681
Copper,38.1,1.65,11.969,20.105,60.59,252129
Stainless Steel 304,25.4,2.77,6.011,9.521,36.16,50217
Copper,76.2,2.11,12.014,52.76,61.36,643294
Carbon Steel,101.6,5.74,12.017,160.187,59.89,202774
Stainless Steel 304,25.4,1.65,11.993,11.814,59.26,64720
PVC,101.6,5.74,2.96,7.072,20.03,18999
PVC,76.2,5.16,11.983,19.351,36.82,47747
Stainless Steel 304,76.2,3.05,9.038,50.431,55.03,237195
Carbon Steel,50.8,1.65,12.032,24.265,50.01,38796
Carbon Steel,38.1,2.77,8.977,21.45,39.19,32826
Stainless Steel 304,50.8,3.91,5.986,27.77,40.79,131879
Galvanized Steel,76.2,2.11,11.958,45.459,51.73,77476
Stainless Steel 316,254.0,3.4,11.991,258.931,95.01,1441776
Carbon Steel,76.2,5.16,6.002,55.285,34.85,72592
Copper,25.4,1.65,3.038,3.336,16.97,42710
Stainless Steel 304,50.8,3.91,2.999,13.788,26.46,66891
HDPE,38.1,3.56,11.975,4.361,35.97,14405
Galvanized Steel,50.8,1.65,3.045,6.017,17.43,11769
Copper,76.2,5.16,8.991,93.539,53.87,1132386
Stainless Steel 304,38.1,1.65,6.0,9.26,32.66,47257
HDPE,76.2,5.16,3.002,3.284,17.4,8317
Carbon Steel,203.2,3.96,12.005,233.997,58.47,291571
Carbon Steel,25.4,2.77,6.003,9.237,26.46,15935
HDPE,152.4,6.35,11.954,33.259,42.31,66702
Stainless Steel 316,76.2,5.16,2.969,26.92,33.65,154288
Carbon Steel,101.6,3.05,2.955,21.763,22.2,30266
Carbon Steel,25.4,2.77,3.002,4.635,18.18,9650
Carbon Steel,25.4,1.65,5.959,5.721,25.65,11735
PVC,38.1,1.65,2.986,0.782,10.81,4067
Copper,25.4,2.77,8.959,15.979,45.29,199678
Carbon Steel,50.8,1.65,2.956,5.895,15.44,10204
Carbon Steel,76.2,3.05,11.991,65.852,51.7,87983
PVC,38.1,1.65,12.0,3.201,32.94,13014
Carbon Steel,25.4,1.65,8.987,8.615,33.83,16644
Carbon Steel,50.8,1.65,2.95,5.789,15.45,10192
Stainless Steel 316,50.8,2.77,8.966,29.52,58.45,173550
HDPE,304.8,4.78,11.972,51.469,45.57,100006
HDPE,38.1,3.56,11.955,4.334,35.15,13987
Carbon Steel,101.6,5.74,12.03,161.548,59.04,204108
Stainless Steel 316,38.1,1.65,8.982,13.645,51.29,83610
Carbon Steel,25.4,1.65,11.98,11.551,49.61,22253
Stainless Steel 316,25.4,2.77,6.041,9.414,37.7,59074
Carbon Steel,38.1,2.77,8.955,21.41,38.78,32368
Copper,50.8,2.77,8.951,33.274,48.5,407512
Carbon Steel,38.1,3.56,12.027,36.954,54.69,54638
Carbon Steel,254.0,3.4,2.967,62.487,29.39,80754
Carbon Steel,38.1,3.56,8.968,26.938,40.27,38935
Carbon Steel,254.0,8.56,5.972,307.393,46.37,376716
Stainless Steel 316,25.4,1.65,12.023,11.721,62.04,75512
HDPE,203.2,7.04,3.035,12.509,23.38,27350
Copper,76.2,5.16,5.957,60.997,44.94,739512
Carbon Steel,101.6,2.11,9.002,46.134,43.69,62520
Carbon Steel,38.1,1.65,6.015,8.944,25.13,14752
Carbon Steel,38.1,3.56,9.029,27.318,43.3,40396
Stainless Steel 316,38.1,2.77,6.031,14.896,39.45,89532
PVC,38.1,1.65,3.05,0.803,11.48,4738
Carbon Steel,254.0,4.78,2.963,85.433,31.39,108148
Stainless Steel 316,76.2,2.11,8.957,35.4,60.12,205485
PVC,38.1,1.65,9.007,2.381,24.4,9841
Copper,50.8,1.65,3.037,6.933,19.54,86184
Carbon Steel,50.8,2.77,8.983,29.59,38.82,42838
Stainless Steel 316,25.4,3.38,11.993,22.788,70.57,137171
Stainless Steel 316,50.8,2.77,6.041,20.119,38.03,117586
PVC,101.6,5.74,6.01,14.767,26.46,37544
Stainless Steel 304,101.6,5.74,12.03,168.191,81.84,771137
Copper,38.1,2.77,9.033,25.042,48.21,308584
Stainless Steel 304,76.2,2.11,9.031,35.38,51.19,168465
Carbon Steel,76.2,3.05,5.969,32.99,28.88,45636
Stainless Steel 304,76.2,3.05,6.018,34.441,39.31,162571
Stainless Steel 304,25.4,2.77,11.99,19.027,63.72,97384
Stainless Steel 316,152.4,3.4,2.971,37.58,38.28,213366
Copper,38.1,1.65,8.968,15.241,44.91,190641
PVC,152.4,6.35,2.985,12.176,21.31,30531
Copper,203.2,2.77,2.951,46.496,32.04,564505
Stainless Steel 304,38.1,1.65,9.037,13.611,47.34,69730
PVC,203.2,2.77,5.955,14.762,25.76,37041
Copper,76.2,5.16,3.023,31.307,31.52,381519
Stainless Steel 316,38.1,1.65,6.037,9.054,38.03,57005
Carbon Steel,25.4,1.65,12.008,11.599,48.19,22124
Carbon Steel,25.4,2.77,5.968,9.171,28.11,16607
HDPE,50.8,3.91,3.011,1.63,15.35,6146
PVC,152.4,3.4,11.963,26.208,37.53,64208
PVC,38.1,3.56,3.021,1.639,13.04,5525
Stainless Steel 304,304.8,9.53,3.025,214.816,56.72,976168
Copper,25.4,2.77,5.992,10.727,34.14,134765
Carbon Steel,101.6,3.05,12.013,88.567,60.59,116976
Stainless Steel 304,38.1,1.65,3.012,4.524,20.44,25058
Carbon Steel,76.2,2.11,5.971,23.008,28.16,33187
HDPE,38.1,3.56,6.023,2.23,20.92,8071
PVC,38.1,1.65,3.016,0.79,11.89,4484
Carbon Steel,76.2,3.05,5.995,32.808,32.95,45594
Copper,38.1,1.65,8.977,14.878,41.58,186732
PVC,25.4,3.38,11.971,3.912,35.14,14957
Carbon Steel,25.4,3.38,9.01,16.261,41.22,26455
HDPE,152.4,2.77,9.012,11.151,31.52,25295
Carbon Steel,50.8,1.65,12.041,24.044,49.93,38084
Stainless Steel 304,38.1,2.77,3.026,7.352,25.34,37211
Stainless Steel 304,101.6,5.74,11.968,165.198,76.87,757815
PVC,38.1,2.77,3.026,1.319,12.14,4319
HDPE,152.4,3.4,11.973,17.744,42.15,39043
Stainless Steel 304,25.4,3.38,8.956,16.723,48.91,83897
Stainless Steel 304,203.2,3.96,2.974,57.852,33.1,265729
Stainless Steel 316,304.8,9.53,8.996,638.083,92.37,3525628
Copper,76.2,3.05,2.973,18.727,23.63,228859
Stainless Steel 304,25.4,2.77,8.992,14.201,53.26,73391
Stainless Steel 304,101.6,3.05,3.028,22.707,30.38,107162
Carbon Steel,25.4,3.38,12.022,22.188,50.82,35449
Carbon Steel,101.6,2.11,12.032,63.464,50.37,85702
Stainless Steel 304,203.2,7.04,12.021,423.157,82.97,1919324
Carbon Steel,101.6,2.11,2.977,15.578,19.03,22379
Stainless Steel 316,50.8,2.77,11.976,39.989,68.66,232085
Carbon Steel,76.2,2.11,11.964,45.884,51.11,64264
HDPE,25.4,1.65,5.958,0.7,16.44,4765
Carbon Steel,25.4,2.77,8.988,13.923,36.18,23301
Stainless Steel 316,38.1,1.65,12.038,18.275,61.82,111316
Stainless Steel 304,38.1,2.77,8.96,22.259,49.18,109223
PVC,38.1,2.77,6.019,2.588,20.41,9264
Carbon Steel,25.4,3.38,9.033,16.723,43.53,27637
Stainless Steel 304,76.2,2.11,9.049,35.547,50.66,169364
Stainless Steel 316,25.4,3.38,11.989,22.557,63.97,135122
Carbon Steel,101.6,3.05,9.004,67.46,41.66,88336
PVC,152.4,6.35,11.962,48.212,40.14,113473
Carbon Steel,25.4,2.77,6.025,9.34,29.37,16276
Stainless Steel 316,101.6,2.11,6.046,31.21,44.42,180066
HDPE,50.8,3.91,12.032,6.736,35.31,17507
PVC,76.2,5.16,2.969,4.724,16.67,13822
PVC,38.1,3.56,3.048,1.652,13.41,5829
Carbon Steel,38.1,2.77,9.015,21.708,40.78,33467
Carbon Steel,152.4,3.4,12.036,149.376,49.0,187636
Carbon Steel,50.8,2.77,8.997,29.47,39.58,42327
Carbon Steel,76.2,2.11,11.968,44.664,54.58,63328
Stainless Steel 304,76.2,5.16,12.04,111.125,81.68,515135
HDPE,101.6,5.74,9.0,14.985,32.56,33206
Stainless Steel 304,203.2,3.96,12.043,236.493,76.2,1078171
Stainless Steel 304,25.4,2.77,6.046,9.509,35.82,49107
Stainless Steel 304,76.2,2.11,9.033,36.059,51.77,171370
Stainless Steel 304,50.8,2.77,11.957,39.711,66.03,190996
Carbon Steel,203.2,2.77,9.046,122.307,43.28,155013
Stainless Steel 316,50.8,2.77,12.035,40.241,65.39,233974
Carbon Steel,50.8,1.65,12.019,23.834,49.37,37431
HDPE,101.6,2.11,12.032,7.57,33.48,19463
Copper,101.6,3.05,5.956,50.508,37.47,613761
PVC,25.4,1.65,2.995,0.52,9.12,2536
Carbon Steel,38.1,3.56,11.968,36.381,46.67,52244
HDPE,38.1,3.56,5.96,2.201,21.05,8522
Galvanized Steel,25.4,2.77,8.987,13.738,41.32,27838
Copper,101.6,2.11,6.044,35.603,35.28,434268
Copper,25.4,3.38,11.953,25.004,61.39,311052
Stainless Steel 316,101.6,5.74,5.988,82.493,50.66,462821
Carbon Steel,76.2,5.16,12.033,109.632,56.38,141256
HDPE,152.4,2.77,11.994,14.59,38.9,34026
Stainless Steel 316,25.4,3.38,12.006,22.241,71.89,135257
Carbon Steel,50.8,3.91,6.031,27.185,32.16,38524
Carbon Steel,203.2,3.96,12.02,236.17,62.75,294788
Stainless Steel 304,25.4,2.77,3.01,4.688,23.87,25055
Carbon Steel,50.8,3.91,11.95,53.601,53.3,74336
Stainless Steel 304,254.0,3.4,5.96,129.133,53.59,590672
Carbon Steel,38.1,2.77,6.028,14.53,27.89,21930
Stainless Steel 304,38.1,2.77,9.025,22.381,49.12,109651
PVC,38.1,3.56,6.022,3.252,21.51,11060
Carbon Steel,152.4,3.4,11.983,148.325,59.25,188987
Stainless Steel 304,76.2,3.05,12.039,67.709,68.12,317138
Copper,50.8,3.91,5.96,30.92,41.77,378093
Carbon Steel,38.1,2.77,8.998,22.004,35.12,32953
HDPE,304.8,9.53,9.022,76.172,44.45,146092
Carbon Steel,152.4,6.35,9.043,204.161,51.61,254139
Stainless Steel 316,152.4,6.35,5.972,139.591,60.75,778860
PVC,76.2,2.11,6.04,4.09,20.81,13328
Carbon Steel,101.6,3.05,11.981,90.033,54.57,118187
PVC,38.1,3.56,6.015,3.325,18.98,10111
Stainless Steel 304,38.1,2.77,9.006,22.038,52.99,108095
Stainless Steel 304,25.4,2.77,8.998,14.148,51.52,73470
Stainless Steel 304,76.2,3.05,8.974,50.381,59.7,237881
PVC,101.6,3.05,2.974,3.893,16.69,11520
HDPE,25.4,2.77,11.991,2.224,35.94,10724
Stainless Steel 316,38.1,1.65,12.022,18.386,66.75,112319
Stainless Steel 304,76.2,2.11,8.966,35.549,52.98,170684
Stainless Steel 316,50.8,1.65,6.05,12.334,38.55,74492
Carbon Steel,76.2,5.16,12.024,108.13,60.13,140119
PVC,38.1,2.77,6.001,2.605,18.75,9143
Stainless Steel 304,38.1,2.77,8.983,21.922,50.21,108476
Carbon Steel,152.4,3.4,6.006,76.224,37.87,99131
PVC,25.4,2.77,2.953,0.814,12.11,3281
PVC,203.2,7.04,8.953,55.466,38.21,128388
HDPE,25.4,3.38,6.03,1.32,20.09,6110
HDPE,25.4,1.65,11.972,1.382,30.4,8825
Stainless Steel 316,254.0,4.78,2.971,89.124,43.36,498557
Carbon Steel,101.6,5.74,3.039,41.691,26.34,55187
Stainless Steel 304,304.8,3.4,9.031,233.9,65.61,1064046
Stainless Steel 304,25.4,2.77,12.022,19.272,64.63,99069
Copper,101.6,2.11,8.972,53.002,46.72,644265
Stainless Steel 316,50.8,2.77,5.957,19.951,41.86,116690
Stainless Steel 304,101.6,2.11,6.036,31.425,41.06,148609
Copper,76.2,5.16,11.984,123.209,65.72,1491077
Carbon Steel,101.6,2.11,11.962,62.033,52.88,83983
Stainless Steel 304,50.8,1.65,2.996,6.083,19.74,31772
Carbon Steel,76.2,5.16,9.013,81.461,41.54,104693
HDPE,38.1,2.77,2.97,0.858,13.12,3991
Stainless Steel 316,38.1,1.65,11.957,18.199,64.43,111309
Copper,50.8,3.91,12.027,62.729,66.9,764298
Stainless Steel 304,203.2,7.04,8.95,311.505,66.61,1413760
Carbon Steel,38.1,3.56,8.955,26.707,39.59,38762
Stainless Steel 304,101.6,2.11,3.024,15.839,26.28,75363
Stainless Steel 316,76.2,3.05,3.035,17.088,26.32,98092
Carbon Steel,76.2,2.11,9.026,34.404,41.23,48223
Carbon Steel,101.6,5.74,8.983,122.511,45.0,155645
Stainless Steel 304,38.1,3.56,8.989,27.804,56.17,135041
PVC,203.2,2.77,9.003,22.123,32.76,54000
PVC,50.8,1.65,2.957,1.049,11.63,3459
Stainless Steel 304,152.4,3.4,5.989,77.23,47.87,357166
Carbon Steel,25.4,1.65,8.989,8.668,35.31,16628
Stainless Steel 316,25.4,1.65,8.964,8.924,49.03,57693
Stainless Steel 304,101.6,2.11,11.977,63.473,66.06,297266
Carbon Steel,152.4,3.4,11.996,149.253,56.97,189008
Carbon Steel,25.4,2.77,9.044,14.125,36.27,23838
Copper,38.1,2.77,3.023,8.379,22.28,104583
Copper,152.4,3.4,2.971,42.276,31.04,513215
PVC,25.4,2.77,8.953,2.493,26.87,10886
Copper,50.8,3.91,8.99,46.61,49.42,567692
Stainless Steel 316,25.4,3.38,8.993,16.649,53.72,100863
PVC,38.1,2.77,11.999,5.204,36.02,18008
Stainless Steel 316,152.4,3.4,8.998,116.172,61.93,650209
Stainless Steel 316,38.1,2.77,3.032,7.462,22.24,45840
PVC,203.2,2.77,12.048,29.312,39.28,71605
HDPE,254.0,8.56,8.961,56.228,42.2,108836
Stainless Steel 316,76.2,2.11,6.049,23.918,40.68,138675
Galvanized Steel,38.1,1.65,9.013,13.247,41.52,27314
HDPE,38.1,3.56,5.979,2.197,20.59,7526
Carbon Steel,50.8,1.65,3.014,6.076,16.64,10334
Carbon Steel,76.2,5.16,2.956,26.787,23.44,35970
HDPE,38.1,1.65,12.029,2.161,34.31,9619
Stainless Steel 304,76.2,3.05,9.023,50.657,55.79,237613
PVC,50.8,2.77,11.969,7.021,38.39,22028
Carbon Steel,38.1,1.65,12.015,17.921,46.86,29294
Galvanized Steel,101.6,5.74,3.02,40.743,32.87,66122
Carbon Steel,101.6,3.05,8.976,66.753,40.0,87582
Stainless Steel 304,25.4,3.38,2.982,5.666,23.58,29216
Carbon Steel,203.2,3.96,12.045,238.288,58.79,296419
Carbon Steel,38.1,2.77,6.003,14.5,26.96,22537
Stainless Steel 304,152.4,6.35,8.995,209.864,69.84,957128
HDPE,25.4,2.77,8.957,1.659,29.45,7384
Carbon Steel,25.4,2.77,2.953,4.544,17.28,8408
Stainless Steel 316,25.4,3.38,3.011,5.608,26.71,36327
Stainless Steel 304,101.6,5.74,6.036,86.237,46.63,396241
Stainless Steel 304,50.8,1.65,5.957,12.267,34.13,60900
Stainless Steel 304,38.1,2.77,2.993,7.506,24.14,37829
Carbon Steel,25.4,3.38,6.036,11.147,28.86,18928
Carbon Steel,25.4,1.65,3.033,2.941,15.9,6279
Carbon Steel,25.4,3.38,12.013,22.309,49.57,35431
HDPE,38.1,3.56,11.969,4.435,34.99,13448
Stainless Steel 304,25.4,1.65,9.001,8.835,46.08,47567
Copper,25.4,3.38,2.99,6.24,22.59,79737
Carbon Steel,50.8,1.65,3.009,6.035,18.04,10899
Stainless Steel 304,25.4,3.38,5.988,11.2,38.24,58298
PVC,25.4,1.65,6.032,1.038,18.24,6537
Stainless Steel 304,152.4,3.4,11.983,153.665,76.65,704974
Carbon Steel,254.0,3.4,2.967,62.191,26.96,79712
HDPE,203.2,7.04,11.96,49.58,46.91,97280
Carbon Steel,101.6,3.05,8.993,65.774,37.76,86036
Carbon Steel,38.1,3.56,9.023,27.47,40.8,39642
Stainless Steel 304,152.4,2.77,9.029,94.573,57.75,436306
Carbon Steel,50.8,3.91,3.04,13.624,20.34,19379
PVC,25.4,1.65,5.977,1.029,15.84,6467
Stainless Steel 304,76.2,3.05,2.958,16.852,27.3,80858
HDPE,152.4,6.35,12.02,33.074,42.7,67863
Stainless Steel 316,38.1,1.65,5.972,9.098,36.95,55240
Carbon Steel,304.8,4.78,2.998,105.349,34.45,132104
Copper,76.2,3.05,6.047,38.268,38.71,465853
Stainless Steel 304,50.8,3.91,9.022,42.287,53.86,200118
HDPE,203.2,7.04,9.013,37.221,41.64,74288
Stainless Steel 304,38.1,2.77,8.974,22.31,49.86,110083
Stainless Steel 304,38.1,3.56,2.983,9.176,24.88,45597
Stainless Steel 304,254.0,8.56,2.987,154.646,50.3,704134
Stainless Steel 316,101.6,2.11,11.996,62.658,67.63,357096
Stainless Steel 304,38.1,1.65,12.028,18.503,60.39,93649
Stainless Steel 316,50.8,3.91,3.022,13.919,28.33,81473
Stainless Steel 304,25.4,3.38,6.001,11.202,36.26,56201
Stainless Steel 304,25.4,2.77,11.965,19.233,64.09,98248
Carbon Steel,304.8,9.53,8.972,623.004,65.54,759745
Stainless Steel 304,38.1,1.65,3.048,4.555,19.89,23904
Carbon Steel,76.2,3.05,6.034,32.786,30.22,45187
PVC,152.4,2.77,5.987,11.071,23.53,28093
Carbon Steel,50.8,3.91,11.982,53.502,48.71,72615
Carbon Steel,50.8,1.65,8.984,17.827,35.49,27824
Carbon Steel,101.6,2.11,6.039,31.617,27.91,42814
Copper,25.4,3.38,8.956,18.792,48.42,233523
Carbon Steel,38.1,2.77,9.043,21.414,39.16,31263
HDPE,101.6,2.11,6.037,3.839,21.16,10672
Carbon Steel,203.2,7.04,12.046,407.223,65.84,500381
Stainless Steel 304,38.1,2.77,11.987,29.562,68.95,144485
Carbon Steel,38.1,2.77,12.035,28.746,47.07,44390
Stainless Steel 304,50.8,3.91,12.036,55.863,76.43,265505
HDPE,38.1,1.65,12.012,2.134,35.32,9919
Stainless Steel 316,38.1,1.65,3.019,4.506,23.9,28415
Carbon Steel,25.4,1.65,9.034,8.784,33.92,16385
HDPE,76.2,5.16,9.049,9.993,33.64,24354
Stainless Steel 316,50.8,1.65,6.037,12.471,39.85,75590
HDPE,101.6,5.74,8.965,14.849,32.79,33072
Carbon Steel,254.0,4.78,12.044,352.272,58.54,432895
Stainless Steel 304,152.4,2.77,9.017,94.583,58.0,435940
Carbon Steel,203.2,3.96,11.986,235.276,57.08,291982
HDPE,76.2,2.11,11.972,5.587,35.31,16733
Stainless Steel 304,38.1,2.77,9.017,22.222,53.76,110814
Copper,254.0,8.56,8.97,529.659,75.1,6369369
HDPE,38.1,2.77,5.977,1.743,19.94,6427
Stainless Steel 316,101.6,5.74,5.964,83.123,53.21,466692
Stainless Steel 304,76.2,3.05,12.021,67.304,73.37,316058
Stainless Steel 304,76.2,5.16,6.004,55.748,43.71,258010
Carbon Steel,25.4,2.77,9.006,13.806,38.12,22433
PVC,76.2,5.16,9.018,14.659,33.7,37690
Carbon Steel,50.8,2.77,2.991,9.862,18.97,15382
PVC,38.1,2.77,6.003,2.612,19.9,9191
Carbon Steel,25.4,3.38,6.001,10.838,31.51,19215
Stainless Steel 304,101.6,3.05,9.02,68.031,56.03,316172
Galvanized Steel,203.2,7.04,9.048,304.668,63.25,468171
PVC,38.1,2.77,3.034,1.303,11.93,4638
HDPE,50.8,1.65,8.965,2.169,27.2,8868
Copper,50.8,1.65,9.008,20.301,48.77,252075
PVC,76.2,2.11,6.024,4.187,20.61,12256
Stainless Steel 316,25.4,3.38,5.981,11.178,39.57,68530
HDPE,76.2,3.05,8.969,5.962,26.9,16216
HDPE,76.2,2.11,6.037,2.734,19.71,8313
Stainless Steel 316,50.8,2.77,11.96,39.565,72.87,231190
Stainless Steel 304,50.8,2.77,8.972,29.981,51.5,143742
Carbon Steel,304.8,9.53,3.013,209.342,41.81,257613
Carbon Steel,38.1,2.77,2.999,7.242,19.57,13096
Carbon Steel,25.4,1.65,12.039,11.703,43.76,22140
Stainless Steel 304,50.8,1.65,9.027,18.123,51.59,91344
Carbon Steel,76.2,2.11,2.95,11.307,18.12,16305
Carbon Steel,25.4,3.38,11.953,22.085,50.3,35282
Copper,152.4,6.35,5.979,155.362,49.55,1871984
Stainless Steel 316,203.2,7.04,12.014,422.824,84.7,2339833
Stainless Steel 316,254.0,3.4,12.014,251.161,80.99,1395637
Stainless Steel 316,50.8,2.77,2.969,9.994,27.09,60576
Carbon Steel,50.8,1.65,9.04,18.184,40.01,28904
PVC,152.4,6.35,12.05,48.641,43.05,114254
Copper,76.2,3.05,6.039,37.806,37.52,460481
Galvanized Steel,38.1,2.77,3.009,7.317,20.24,14605
Stainless Steel 316,152.4,2.77,12.005,126.603,80.66,709810
Carbon Steel,50.8,2.77,8.992,29.286,37.36,41989
Stainless Steel 304,76.2,2.11,6.002,23.792,35.9,113761
Stainless Steel 304,203.2,3.96,8.977,178.996,61.62,817122
Stainless Steel 304,38.1,2.77,11.974,29.75,65.63,145383
PVC,25.4,3.38,8.986,2.937,27.93,12185
Stainless Steel 304,152.4,6.35,2.958,68.906,41.4,317741
Stainless Steel 316,76.2,5.16,5.97,54.699,46.45,309363
Copper,25.4,3.38,11.959,25.029,59.83,312044
Carbon Steel,76.2,2.11,11.983,45.941,53.51,64131
Galvanized Steel,38.1,1.65,12.016,17.962,53.72,36213
Stainless Steel 316,50.8,1.65,3.034,6.109,20.98,38605
Galvanized Steel,25.4,1.65,3.042,2.939,18.51,7034
Carbon Steel,38.1,1.65,2.998,4.495,16.08,7075
Carbon Steel,25.4,2.77,8.997,14.032,34.77,22634
HDPE,38.1,2.77,11.996,3.485,35.72,12532
Stainless Steel 304,76.2,5.16,5.973,55.024,44.14,256126
Stainless Steel 304,25.4,1.65,8.962,8.911,46.24,48200
HDPE,101.6,2.11,3.033,1.869,13.94,6260
Carbon Steel,254.0,8.56,6.019,312.261,47.25,383554
Copper,254.0,8.56,11.961,710.164,93.12,8538429
Galvanized Steel,38.1,2.77,9.0,21.836,40.92,40256
Stainless Steel 316,76.2,2.11,5.979,23.43,42.41,136166
HDPE,38.1,1.65,5.999,1.091,18.57,4785
Stainless Steel 316,50.8,3.91,6.048,27.521,39.99,158155
Carbon Steel,38.1,2.77,11.973,28.727,44.82,42614
Stainless Steel 304,25.4,3.38,9.011,16.647,52.07,83795
HDPE,38.1,1.65,6.016,1.072,17.41,4307
HDPE,101.6,3.05,6.006,5.382,21.04,13948
Stainless Steel 316,38.1,2.77,11.992,29.221,70.56,173166
Copper,203.2,3.96,9.032,199.042,58.38,2400334
Stainless Steel 304,76.2,3.05,12.012,67.909,67.28,317373
Carbon Steel,50.8,3.91,9.023,40.525,42.88,57341
Stainless Steel 316,25.4,2.77,2.997,4.672,26.17,29878
Copper,76.2,5.16,8.965,93.107,49.04,1126020
Stainless Steel 304,76.2,3.05,5.987,33.707,40.83,159351
Stainless Steel 316,38.1,2.77,8.994,22.277,56.7,132691
Carbon Steel,50.8,3.91,6.028,27.354,30.17,37462
HDPE,50.8,3.91,6.042,3.35,19.79,9552
Carbon Steel,38.1,2.77,11.983,29.276,48.44,43931
Carbon Steel,25.4,3.38,2.959,5.442,18.49,9555
Carbon Steel,25.4,2.77,11.978,18.378,49.98,29874
PVC,152.4,2.77,12.041,22.204,40.47,57330
Stainless Steel 316,50.8,1.65,12.027,25.075,62.83,148978
Carbon Steel,152.4,3.4,11.974,148.242,56.22,188357
Carbon Steel,50.8,2.77,5.958,19.359,28.22,27844
Stainless Steel 316,101.6,2.11,9.046,48.044,58.87,274321
Stainless Steel 316,50.8,3.91,6.035,27.382,44.96,158560
Stainless Steel 316,25.4,3.38,5.953,10.872,39.78,66796
Stainless Steel 304,50.8,1.65,5.982,12.062,33.2,59831
Copper,101.6,5.74,5.964,91.176,44.69,1102763
Stainless Steel 304,101.6,3.05,8.977,67.758,58.39,315566
Stainless Steel 316,25.4,2.77,3.012,4.734,23.26,29999
Stainless Steel 304,50.8,1.65,9.031,18.224,53.09,91038
HDPE,152.4,6.35,2.999,8.195,22.77,18674
HDPE,50.8,2.77,11.988,4.781,36.26,15205
Carbon Steel,203.2,7.04,12.009,409.939,65.36,503678
Copper,76.2,3.05,11.954,76.547,59.62,929719
Carbon Steel,50.8,1.65,11.984,23.99,49.43,38023
PVC,38.1,2.77,12.007,5.192,33.79,16898
Stainless Steel 316,38.1,3.56,6.025,18.577,44.5,110127
PVC,38.1,3.56,3.011,1.633,13.34,5502
HDPE,203.2,2.77,3.048,5.138,18.6,12648
Carbon Steel,152.4,2.77,9.026,93.134,43.65,119707
Carbon Steel,38.1,3.56,6.034,18.157,30.42,27788
Carbon Steel,25.4,3.38,5.991,10.766,28.77,18250
Carbon Steel,101.6,5.74,11.963,164.097,57.28,207842
Carbon Steel,101.6,5.74,12.019,163.047,61.64,206197
PVC,50.8,3.91,11.966,9.569,35.86,27016
Galvanized Steel,76.2,3.05,3.049,16.949,21.58,29559
Carbon Steel,203.2,3.96,9.039,178.336,43.2,221870
Galvanized Steel,76.2,2.11,8.962,34.625,41.83,59612
Carbon Steel,25.4,2.77,5.994,9.291,25.12,13958
Carbon Steel,152.4,6.35,12.04,276.041,59.06,342148
Copper,38.1,1.65,2.979,5.051,16.66,63913
PVC,304.8,3.4,12.037,54.016,46.22,127398
PVC,38.1,3.56,5.977,3.265,21.15,12080
PVC,152.4,3.4,12.049,26.545,40.44,66002
HDPE,304.8,9.53,3.037,25.76,32.07,51955
Stainless Steel 316,76.2,5.16,11.992,110.888,76.83,623226
PVC,101.6,2.11,3.024,2.751,13.28,8475
HDPE,25.4,1.65,2.971,0.347,10.85,2022
Stainless Steel 316,25.4,1.65,8.981,8.752,50.67,57617
Carbon Steel,50.8,2.77,2.97,9.69,19.26,14745
Stainless Steel 316,38.1,3.56,8.994,27.406,56.95,160587
Stainless Steel 316,203.2,2.77,11.976,165.369,90.37,926626
Copper,152.4,6.35,5.985,160.06,51.52,1930548
Stainless Steel 316,304.8,4.78,6.002,214.206,65.48,1189589
Stainless Steel 304,50.8,2.77,11.961,39.449,62.97,188642
PVC,254.0,4.78,3.022,15.894,24.02,39206
Carbon Steel,50.8,3.91,3.009,13.407,21.02,20739
Carbon Steel,25.4,1.65,3.038,2.93,14.44,6374
Stainless Steel 304,25.4,1.65,6.032,5.909,29.65,31580
Stainless Steel 316,76.2,5.16,11.968,109.318,84.44,616341
Carbon Steel,50.8,2.77,8.968,29.902,37.41,42596
HDPE,101.6,3.05,9.042,8.03,29.57,19783
Stainless Steel 304,25.4,1.65,12.014,11.885,63.28,64844
PVC,25.4,1.65,12.012,2.054,30.34,10354
Galvanized Steel,152.4,6.35,2.973,68.056,35.04,108746
Carbon Steel,25.4,1.65,3.019,2.914,15.23,6521
Carbon Steel,152.4,3.4,11.977,151.082,55.45,190559
Stainless Steel 304,25.4,2.77,9.004,14.267,51.27,73202
HDPE,152.4,3.4,11.998,18.486,38.2,39755
Carbon Steel,152.4,3.4,12.005,152.031,58.46,192948
Carbon Steel,152.4,2.77,11.971,121.772,53.61,155662
Stainless Steel 304,101.6,2.11,12.038,63.879,61.97,298632
Stainless Steel 304,76.2,5.16,2.966,27.625,30.87,130323
Stainless Steel 304,50.8,3.91,3.038,14.043,29.11,68620
Carbon Steel,38.1,2.77,2.971,7.017,18.91,11814
Copper,38.1,2.77,6.031,16.654,33.69,206271
Copper,38.1,3.56,6.048,21.3,32.66,260609
Carbon Steel,101.6,5.74,5.973,81.148,37.33,103188
PVC,38.1,3.56,8.964,4.878,27.38,15278
Galvanized Steel,101.6,3.05,9.015,66.568,43.72,107034
Stainless Steel 316,38.1,3.56,9.016,27.803,53.09,162149
HDPE,76.2,5.16,2.954,3.21,15.96,8976
HDPE,76.2,5.16,5.989,6.455,23.34,15219
Carbon Steel,25.4,3.38,2.956,5.454,18.98,10734
Stainless Steel 316,203.2,3.96,5.992,117.7,54.63,656601
Stainless Steel 304,76.2,5.16,2.972,27.701,32.78,130152
PVC,25.4,1.65,3.046,0.525,10.8,3502
Stainless Steel 304,25.4,3.38,12.041,22.711,69.05,115562
Carbon Steel,254.0,3.4,2.988,62.451,30.83,80811
Stainless Steel 316,76.2,3.05,11.963,66.657,75.81,379318
Carbon Steel,50.8,2.77,9.044,29.563,36.62,41768
HDPE,50.8,3.91,11.967,6.582,38.63,19344
PVC,25.4,1.65,5.984,1.044,16.8,4674
Carbon Steel,25.4,3.38,3.009,5.529,19.02,10102
Carbon Steel,101.6,5.74,3.043,41.226,28.13,55159
Stainless Steel 304,101.6,5.74,2.975,41.009,34.89,190382
HDPE,76.2,3.05,11.987,8.04,36.52,20062
Galvanized Steel,25.4,3.38,11.999,21.586,62.42,44263
Carbon Steel,203.2,2.77,5.976,82.371,35.95,105808
Carbon Steel,38.1,2.77,3.016,7.127,18.62,11560
Stainless Steel 304,152.4,6.35,3.027,70.358,42.51,324565
Carbon Steel,38.1,1.65,5.981,8.929,25.78,15675
Carbon Steel,50.8,2.77,3.046,9.851,19.61,14954
Copper,38.1,1.65,9.035,15.622,44.06,195760
PVC,25.4,1.65,2.951,0.513,9.8,2662
Carbon Steel,101.6,3.05,9.039,66.665,40.83,86360
Stainless Steel 304,152.4,3.4,5.991,76.361,46.04,352006
Copper,38.1,1.65,9.035,15.25,42.06,190123
HDPE,304.8,9.53,2.973,25.141,30.31,51526
Carbon Steel,25.4,3.38,12.042,22.387,53.34,36111
Copper,76.2,3.05,2.954,18.318,22.9,224694
PVC,152.4,2.77,12.011,21.979,42.02,55275
Stainless Steel 304,38.1,2.77,12.044,29.381,63.38,143397
PVC,50.8,1.65,5.966,2.133,19.36,8444
PVC,101.6,3.05,9.037,11.936,28.83,30773
Galvanized Steel,50.8,2.77,2.992,9.588,20.42,18330
Carbon Steel,76.2,5.16,11.97,106.673,53.93,138370
Copper,76.2,2.11,5.981,26.682,35.04,326377
Stainless Steel 304,76.2,3.05,11.968,66.068,70.74,309797
Carbon Steel,50.8,2.77,2.958,9.754,19.19,14870
Carbon Steel,25.4,2.77,12.024,18.353,51.55,32022
Stainless Steel 316,203.2,3.96,3.032,60.823,43.75,342042
Carbon Steel,38.1,2.77,3.032,7.266,16.32,11247
Stainless Steel 304,38.1,2.77,9.009,22.212,47.67,108133
Copper,38.1,2.77,12.045,33.609,58.07,413231
Stainless Steel 304,203.2,2.77,5.972,81.825,49.68,377281
Carbon Steel,38.1,2.77,12.049,29.782,47.16,44421
HDPE,76.2,2.11,9.006,4.164,29.87,12828
Carbon Steel,76.2,2.11,9.02,34.116,41.43,48166
Copper,38.1,1.65,9.02,15.285,48.25,191837
Carbon Steel,25.4,3.38,9.016,16.387,40.41,26850
PVC,25.4,1.65,6.002,1.043,18.43,6272
Stainless Steel 304,38.1,1.65,2.978,4.484,19.57,23298
PVC,76.2,3.05,3.049,2.981,15.35,9818
Stainless Steel 316,76.2,3.05,6.027,33.851,46.51,194764
Carbon Steel,38.1,1.65,5.998,8.877,28.12,16004
Carbon Steel,38.1,2.77,2.974,7.045,18.18,11873
HDPE,152.4,2.77,8.973,10.984,33.39,25465
Galvanized Steel,76.2,3.05,8.954,48.94,46.94,82327
Carbon Steel,38.1,3.56,5.972,18.15,29.65,27205
Carbon Steel,203.2,3.96,5.999,114.916,37.03,144520
Stainless Steel 316,101.6,3.05,9.011,67.902,63.71,384376
Galvanized Steel,38.1,2.77,5.996,14.275,31.61,26491
Galvanized Steel,101.6,5.74,11.969,160.745,66.05,252271
Carbon Steel,38.1,2.77,5.989,14.58,26.45,21491
Galvanized Steel,38.1,1.65,9.032,13.567,40.76,27625
Stainless Steel 316,76.2,2.11,12.04,46.947,66.15,270116
Stainless Steel 304,25.4,2.77,2.95,4.652,22.47,24465
Copper,50.8,2.77,6.014,22.638,33.57,278685
Stainless Steel 304,25.4,1.65,6.043,5.962,34.37,32863
Stainless Steel 304,76.2,5.16,5.997,55.21,49.53,257343
Stainless Steel 304,152.4,3.4,8.953,114.487,57.36,524609
Galvanized Steel,76.2,2.11,11.993,44.908,53.57,77039
Stainless Steel 304,254.0,8.56,11.96,630.572,89.01,2853649
Stainless Steel 304,101.6,5.74,2.967,40.762,33.36,189984
Stainless Steel 316,152.4,6.35,5.969,138.706,60.09,773248
Carbon Steel,76.2,5.16,12.037,110.072,55.64,142076
Stainless Steel 304,101.6,3.05,12.005,91.397,59.03,421710
Copper,38.1,2.77,5.976,16.123,37.01,198948
Stainless Steel 304,152.4,6.35,8.999,209.458,64.82,953942
HDPE,50.8,3.91,8.976,4.87,28.22,14414
PVC,101.6,3.05,6.037,7.856,23.4,21502
Carbon Steel,203.2,3.96,12.037,231.409,62.47,289155
Copper,25.4,1.65,5.973,6.545,28.03,83957
Copper,76.2,2.11,5.978,26.359,32.81,321978
PVC,50.8,2.77,5.959,3.437,19.7,10079
Stainless Steel 304,38.1,3.56,11.998,37.923,67.07,182024
Stainless Steel 316,25.4,3.38,5.974,11.084,38.92,67502
Copper,38.1,3.56,5.977,20.502,36.0,252757
Stainless Steel 316,101.6,2.11,12.047,63.468,67.78,361461
Carbon Steel,76.2,3.05,8.995,49.266,42.45,66621
Carbon Steel,76.2,5.16,12.039,107.899,53.63,139556
HDPE,25.4,1.65,3.002,0.348,10.89,1607
Galvanized Steel,50.8,2.77,12.01,39.375,55.39,68584
Stainless Steel 316,101.6,3.05,12.036,90.54,75.05,511748
PVC,38.1,3.56,8.967,4.863,28.32,17060
Carbon Steel,38.1,1.65,5.989,8.941,25.51,15853
Stainless Steel 304,25.4,2.77,12.026,19.112,66.32,99094
Carbon Steel,25.4,1.65,5.954,5.746,25.02,11467
Carbon Steel,50.8,2.77,3.032,9.95,19.6,15767
Stainless Steel 316,50.8,3.91,9.04,42.559,61.87,245715
Stainless Steel 316,101.6,3.05,3.022,22.441,30.86,129179
Stainless Steel 304,50.8,2.77,5.96,19.87,38.34,96448
Stainless Steel 316,38.1,1.65,8.99,13.508,55.71,83695
Carbon Steel,76.2,5.16,6.02,54.027,34.18,71124
HDPE,76.2,5.16,2.982,3.272,16.39,8913
Carbon Steel,25.4,2.77,11.961,18.49,45.31,30704
Copper,203.2,7.04,12.027,465.509,75.31,5599802
Stainless Steel 316,152.4,6.35,12.025,282.083,92.73,1568323
HDPE,50.8,1.65,9.04,2.212,25.76,8914
PVC,25.4,3.38,12.001,3.926,34.15,14919
Carbon Steel,25.4,2.77,2.973,4.605,18.31,8263
Stainless Steel 316,38.1,1.65,11.984,18.132,64.21,110766
Stainless Steel 316,76.2,3.05,11.999,66.256,77.5,378333
Stainless Steel 304,50.8,1.65,11.968,24.342,67.51,121520
Stainless Steel 304,38.1,1.65,12.022,18.385,62.11,93706
Carbon Steel,25.4,2.77,2.996,4.648,18.25,9357
HDPE,254.0,4.78,2.969,10.506,24.43,23234
Carbon Steel,38.1,2.77,2.998,7.37,17.54,11542
Carbon Steel,50.8,2.77,9.009,29.297,40.48,42732
HDPE,254.0,4.78,6.048,21.441,31.64,44946
Carbon Steel,25.4,3.38,11.992,21.949,51.61,36012
HDPE,101.6,2.11,8.959,5.566,31.73,14650
PVC,101.6,2.11,12.002,11.219,35.11,31198
Carbon Steel,76.2,3.05,9.005,49.218,44.7,68548
Stainless Steel 316,152.4,2.77,5.982,62.638,46.07,353108
PVC,25.4,3.38,11.952,3.936,35.29,16006
Copper,25.4,1.65,9.008,9.965,43.03,128826
Stainless Steel 304,76.2,2.11,9.027,35.653,54.39,170662
Stainless Steel 304,38.1,1.65,3.011,4.611,19.72,24108
Carbon Steel,38.1,3.56,3.042,9.273,19.31,14841
Copper,101.6,3.05,12.019,102.046,64.84,1236145
PVC,152.4,3.4,5.971,13.322,23.95,34194
Stainless Steel 304,38.1,3.56,3.044,9.349,26.55,46716
Stainless Steel 304,25.4,3.38,3.035,5.63,24.68,29981
PVC,76.2,5.16,6.021,9.827,25.33,26137
HDPE,38.1,1.65,2.978,0.537,11.46,2309
HDPE,38.1,2.77,5.972,1.726,18.88,6414
HDPE,25.4,3.38,12.0,2.626,36.86,11628
Stainless Steel 304,254.0,3.4,9.003,191.701,61.32,874113
Stainless Steel 304,76.2,2.11,5.999,23.546,38.45,112841
HDPE,203.2,2.77,12.02,20.031,39.65,43130
Carbon Steel,38.1,3.56,2.977,9.049,18.09,14758
Copper,50.8,3.91,11.985,61.845,60.28,753378
Stainless Steel 304,25.4,2.77,3.039,4.761,23.08,25919
HDPE,25.4,1.65,6.017,0.702,18.09,4311
Stainless Steel 316,152.4,3.4,5.981,75.823,50.55,426570
PVC,254.0,4.78,2.989,15.475,23.52,37487
Stainless Steel 304,76.2,3.05,12.038,67.085,71.53,315294
Carbon Steel,38.1,3.56,6.013,18.037,30.52,26409
Stainless Steel 304,25.4,2.77,9.027,14.372,51.11,74389
HDPE,76.2,2.11,2.976,1.387,12.77,5044
Carbon Steel,76.2,3.05,6.013,33.155,31.4,45335
Carbon Steel,76.2,2.11,6.037,23.478,30.87,33691
Carbon Steel,76.2,2.11,5.957,22.713,28.84,33562
HDPE,101.6,2.11,3.048,1.919,14.04,5647
Carbon Steel,50.8,1.65,11.963,24.306,42.76,36595
HDPE,101.6,3.05,2.992,2.691,15.24,7997
Stainless Steel 304,101.6,5.74,12.018,167.335,76.56,766660
Copper,76.2,2.11,3.01,13.279,20.61,163579
HDPE,203.2,7.04,11.98,49.513,46.57,98253
Carbon Steel,76.2,5.16,8.986,82.466,49.66,107793
Carbon Steel,203.2,3.96,2.983,58.521,30.38,76055
Stainless Steel 316,76.2,3.05,12.027,67.044,67.73,380576
Copper,152.4,3.4,5.98,85.993,38.54,1039116
Carbon Steel,38.1,1.65,9.005,13.213,36.3,22328
Carbon Steel,25.4,1.65,5.98,5.822,25.87,11683
Carbon Steel,101.6,5.74,8.987,122.767,43.29,153884
Carbon Steel,101.6,5.74,11.959,161.969,59.32,204264
Carbon Steel,38.1,1.65,2.972,4.42,16.44,8515
Carbon Steel,25.4,3.38,5.998,10.879,29.59,18615
Carbon Steel,25.4,1.65,2.958,2.863,15.02,6684
Stainless Steel 304,38.1,2.77,8.989,22.15,50.03,108349
Stainless Steel 304,76.2,3.05,8.988,50.789,49.66,237762
Copper,38.1,1.65,12.013,20.31,54.67,252772
Copper,25.4,3.38,3.016,6.249,21.79,78397
Stainless Steel 316,50.8,3.91,12.022,55.842,74.49,321745
Carbon Steel,76.2,3.05,9.035,49.667,43.22,67386
PVC,38.1,3.56,2.979,1.602,13.92,5674
Stainless Steel 316,101.6,2.11,5.956,31.464,42.16,180818
Carbon Steel,25.4,3.38,9.021,16.519,40.31,27299
Stainless Steel 304,50.8,3.91,3.013,13.875,30.56,68633
Stainless Steel 316,101.6,2.11,2.98,15.415,27.31,89836
Carbon Steel,38.1,3.56,12.041,36.737,51.46,53000
HDPE,38.1,1.65,11.978,2.151,32.31,8928
HDPE,152.4,3.4,8.992,13.723,33.45,30196
HDPE,50.8,3.91,8.977,4.9,28.14,14464
Stainless Steel 304,254.0,8.56,11.968,639.787,90.2,2895490
PVC,254.0,8.56,11.97,110.631,53.29,253080
Stainless Steel 304,76.2,5.16,5.989,55.387,49.28,258949
Stainless Steel 316,101.6,5.74,11.951,163.1,82.52,911280
Stainless Steel 316,38.1,1.65,3.011,4.572,23.44,28592
Carbon Steel,38.1,3.56,6.045,18.428,28.69,26979
Stainless Steel 316,25.4,3.38,8.981,16.99,56.69,103683
Carbon Steel,101.6,3.05,3.037,22.751,22.34,30925
Stainless Steel 304,38.1,2.77,5.998,14.661,36.69,72543
HDPE,203.2,7.04,8.99,36.478,39.26,72042
HDPE,152.4,6.35,11.997,33.628,42.75,68035
Stainless Steel 316,152.4,3.4,8.955,112.355,65.02,629219
Stainless Steel 304,38.1,2.77,6.021,14.807,38.8,74235
Carbon Steel,101.6,3.05,3.024,22.409,23.02,31654
HDPE,76.2,2.11,8.97,4.221,27.1,13079
Stainless Steel 304,76.2,5.16,6.0,55.506,47.53,257689
Copper,25.4,2.77,6.004,10.565,33.75,132518
Carbon Steel,50.8,2.77,8.999,29.045,40.23,42241
Galvanized Steel,101.6,5.74,11.984,159.677,59.91,250345
HDPE,25.4,3.38,12.008,2.675,33.44,10906
HDPE,50.8,3.91,12.016,6.597,31.67,18491
Carbon Steel,76.2,3.05,5.97,33.005,31.31,45147
Copper,50.8,3.91,5.972,30.425,36.76,372117
Carbon Steel,38.1,3.56,8.961,27.298,39.02,39963
Carbon Steel,50.8,1.65,6.023,12.042,27.3,18940
Copper,50.8,1.65,9.0,20.269,39.97,250457
Carbon Steel,38.1,2.77,3.043,7.344,19.72,11471
Stainless Steel 304,50.8,3.91,5.968,27.758,40.66,132346
PVC,38.1,3.56,9.016,4.876,30.43,16149
Stainless Steel 304,76.2,5.16,11.983,108.86,77.96,503668
Carbon Steel,25.4,2.77,12.038,18.766,50.35,32615
HDPE,50.8,1.65,3.031,0.73,11.43,2909
Galvanized Steel,50.8,3.91,8.979,41.049,45.73,69425
HDPE,254.0,4.78,12.004,42.641,42.99,83748
Stainless Steel 304,101.6,2.11,6.037,32.172,39.55,151972
HDPE,152.4,2.77,8.977,11.092,28.68,24417
HDPE,25.4,2.77,12.021,2.276,34.02,8952
Carbon Steel,76.2,3.05,9.023,49.984,39.92,67708
PVC,38.1,2.77,6.045,2.576,21.34,9770
PVC,76.2,3.05,3.016,2.947,12.82,8271
Stainless Steel 304,25.4,1.65,9.043,8.973,47.53,49609
Copper,152.4,2.77,6.005,71.189,40.37,861853
PVC,25.4,3.38,11.963,3.924,36.2,14775
Stainless Steel 304,38.1,2.77,2.985,7.435,24.37,38094
Stainless Steel 316,76.2,5.16,11.965,110.646,80.86,622753
Carbon Steel,76.2,3.05,2.984,16.626,21.36,23337
Carbon Steel,76.2,3.05,2.956,16.597,19.29,22740
PVC,50.8,3.91,9.045,7.29,29.83,22389
HDPE,76.2,5.16,11.975,12.982,39.71,29835
Stainless Steel 316,152.4,6.35,3.049,71.137,44.18,400013
Carbon Steel,38.1,1.65,6.045,8.968,25.35,14871
Stainless Steel 304,25.4,3.38,6.022,11.165,37.52,56991
Copper,101.6,3.05,9.003,76.773,47.19,928688
Stainless Steel 304,25.4,2.77,9.001,14.061,48.42,71714
Stainless Steel 304,38.1,1.65,5.984,8.996,35.86,46498
PVC,50.8,2.77,2.957,1.706,12.93,6813
Carbon Steel,25.4,2.77,2.977,4.559,16.98,8600
Galvanized Steel,76.2,5.16,11.991,106.908,65.68,172549
Stainless Steel 316,152.4,2.77,5.988,62.974,49.33,355502
Stainless Steel 304,25.4,3.38,5.99,11.186,38.32,57723
PVC,38.1,2.77,3.05,1.293,12.2,4326
Stainless Steel 304,101.6,2.11,11.977,62.584,66.13,293700
Stainless Steel 316,50.8,3.91,11.98,55.443,76.04,318439
HDPE,76.2,5.16,8.963,9.821,32.51,23715
Stainless Steel 304,101.6,3.05,2.976,22.467,29.32,106306
Carbon Steel,38.1,2.77,6.006,14.644,25.8,21979
Stainless Steel 304,25.4,2.77,11.95,18.963,65.62,97100
Stainless Steel 316,152.4,3.4,11.956,151.675,78.73,849089
Stainless Steel 304,50.8,1.65,9.039,18.508,48.77,92300
Stainless Steel 316,152.4,6.35,5.965,139.992,56.97,780112
Carbon Steel,50.8,2.77,11.99,39.247,51.74,55779
Copper,50.8,1.65,11.982,27.899,59.7,345405
Carbon Steel,76.2,2.11,11.989,46.389,50.53,64501
Stainless Steel 304,76.2,3.05,6.031,33.554,39.31,158777
Carbon Steel,25.4,3.38,9.043,16.787,44.68,27821
Carbon Steel,38.1,2.77,6.018,14.593,30.03,21855
Stainless Steel 304,76.2,3.05,2.962,16.692,24.63,79250
HDPE,152.4,2.77,6.018,7.466,24.08,17739
Carbon Steel,25.4,3.38,2.986,5.477,19.17,11362
Stainless Steel 304,152.4,3.4,6.0,78.094,45.64,359805
PVC,50.8,3.91,5.993,4.831,22.1,14927
PVC,38.1,1.65,11.958,3.22,32.56,13316
Copper,25.4,3.38,11.968,25.305,60.29,315513
Stainless Steel 304,38.1,1.65,2.974,4.417,21.5,24293
Stainless Steel 304,50.8,3.91,11.975,55.091,67.36,260363
Stainless Steel 304,76.2,2.11,8.975,34.883,50.57,165775
Stainless Steel 316,101.6,5.74,2.972,40.43,37.29,229909
Carbon Steel,101.6,3.05,11.976,89.374,49.82,115788
Stainless Steel 316,101.6,2.11,12.023,64.559,73.11,367941
Carbon Steel,50.8,3.91,3.008,13.658,20.52,20481
Stainless Steel 304,25.4,1.65,3.036,3.024,21.93,17417
Stainless Steel 304,38.1,2.77,6.019,14.82,34.83,72892
Carbon Steel,152.4,3.4,3.013,38.219,23.42,50448
Stainless Steel 304,38.1,1.65,6.009,9.168,36.26,48484
Stainless Steel 316,38.1,3.56,6.033,18.63,42.35,110431
Stainless Steel 304,76.2,5.16,9.034,83.092,63.19,385018
Stainless Steel 304,25.4,2.77,3.048,4.828,24.4,26331
Stainless Steel 304,76.2,5.16,12.02,110.042,71.38,508226
PVC,152.4,2.77,12.037,22.029,39.14,55729
Stainless Steel 316,38.1,1.65,12.008,18.424,71.3,112562
Stainless Steel 316,25.4,1.65,2.98,2.91,20.29,19760
Stainless Steel 316,25.4,3.38,5.992,11.012,42.86,68338
Carbon Steel,25.4,2.77,3.038,4.691,17.1,7835
Stainless Steel 304,25.4,3.38,12.026,22.655,64.71,113143
Stainless Steel 304,50.8,1.65,2.955,6.012,21.47,29951
Carbon Steel,254.0,3.4,2.994,62.915,30.82,81055
PVC,50.8,1.65,2.962,1.067,11.97,4859
Carbon Steel,25.4,2.77,6.006,9.237,29.79,16816
Stainless Steel 304,50.8,1.65,11.986,24.371,59.22,120819
Stainless Steel 304,38.1,3.56,3.01,9.34,24.36,46126
Stainless Steel 316,25.4,3.38,8.983,16.615,55.54,101316
Stainless Steel 304,203.2,7.04,2.976,103.493,45.96,473902
Stainless Steel 304,50.8,2.77,12.02,40.847,66.86,194957
Carbon Steel,76.2,3.05,5.967,32.59,29.71,44257
Copper,25.4,3.38,3.004,6.284,21.2,79287
Carbon Steel,101.6,3.05,8.996,65.204,45.95,86823
Stainless Steel 304,101.6,3.05,6.013,45.768,41.74,214024
Stainless Steel 304,25.4,3.38,12.035,22.919,68.75,115768
HDPE,25.4,1.65,12.018,1.411,33.32,8892
Stainless Steel 304,38.1,3.56,5.999,18.515,41.54,90748
Stainless Steel 304,25.4,1.65,3.022,2.985,19.31,17154
Stainless Steel 304,152.4,2.77,9.02,91.935,63.0,425220
Stainless Steel 304,50.8,3.91,2.982,13.702,25.39,65938
Stainless Steel 316,38.1,3.56,5.993,18.917,41.89,111533
Stainless Steel 304,101.6,2.11,8.979,47.47,51.0,223183
PVC,101.6,3.05,2.977,3.934,14.87,11336
Copper,101.6,3.05,9.035,76.419,49.61,925664
HDPE,25.4,1.65,9.035,1.062,26.09,7375
Carbon Steel,25.4,2.77,11.99,18.358,50.01,31935
Carbon Steel,101.6,5.74,11.966,163.318,56.62,205743
Carbon Steel,76.2,3.05,6.04,33.508,30.43,45664
Copper,304.8,4.78,5.989,242.005,50.5,2913792
Galvanized Steel,25.4,2.77,8.957,13.711,43.91,28571
Galvanized Steel,101.6,5.74,2.966,40.331,32.67,67019
PVC,101.6,2.11,9.013,8.278,30.48,23617
Stainless Steel 304,50.8,2.77,8.992,29.532,51.4,142270
Carbon Steel,152.4,6.35,3.025,68.849,29.5,88154
Galvanized Steel,76.2,5.16,6.026,53.213,36.47,85977
HDPE,254.0,4.78,2.954,10.534,22.51,23176
Stainless Steel 316,101.6,3.05,2.952,22.196,31.76,127977
Stainless Steel 304,76.2,3.05,3.0,16.992,27.35,81040
Carbon Steel,76.2,2.11,6.037,23.434,27.72,32498
Carbon Steel,254.0,3.4,8.957,186.518,53.27,233441
Stainless Steel 304,76.2,3.05,11.969,67.004,71.18,313651
Stainless Steel 304,76.2,5.16,8.973,82.906,55.19,382967
Carbon Steel,152.4,3.4,11.975,148.586,54.1,187459
Carbon Steel,101.6,5.74,5.989,81.184,39.17,104355
HDPE,50.8,1.65,6.007,1.474,17.89,6229
Carbon Steel,25.4,3.38,6.022,11.249,29.99,18882
Galvanized Steel,101.6,2.11,2.982,15.244,20.95,26645
Carbon Steel,25.4,2.77,8.994,13.941,40.6,23861
PVC,25.4,2.77,9.01,2.453,26.16,10764
Galvanized Steel,76.2,2.11,12.04,46.884,56.63,79725
Carbon Steel,152.4,2.77,8.97,92.258,45.26,119066
Copper,76.2,3.05,3.016,18.844,25.7,231665
Carbon Steel,203.2,3.96,8.963,175.716,52.18,220065
Copper,25.4,2.77,2.977,5.156,21.35,65924
Carbon Steel,76.2,2.11,9.018,34.404,40.82,48014
HDPE,50.8,1.65,11.998,2.96,36.06,12066
Carbon Steel,38.1,2.77,9.045,22.032,38.86,33663
HDPE,152.4,6.35,9.037,25.018,38.96,53027
Copper,25.4,2.77,9.037,16.083,47.94,201314
Stainless Steel 304,152.4,3.4,11.966,155.341,68.61,710925
Stainless Steel 316,101.6,3.05,11.982,90.755,76.51,512978
Carbon Steel,76.2,5.16,9.006,80.531,44.94,105769
Stainless Steel 304,203.2,7.04,12.043,425.911,86.32,1931700
Carbon Steel,76.2,5.16,11.964,107.49,54.99,138585
PVC,50.8,2.77,8.994,5.259,26.34,17878
Stainless Steel 316,101.6,2.11,5.965,31.814,41.82,182689
Carbon Steel,152.4,3.4,11.997,148.555,55.78,188971
Copper,203.2,2.77,11.973,183.296,68.61,2212331
Carbon Steel,152.4,6.35,6.031,137.788,46.78,174316
HDPE,25.4,1.65,9.018,1.063,24.67,6506
Stainless Steel 304,76.2,5.16,8.951,82.389,62.26,381742
Stainless Steel 316,76.2,2.11,9.02,35.404,54.36,205388
Carbon Steel,152.4,6.35,5.977,135.219,44.33,170604
Stainless Steel 316,101.6,2.11,9.034,47.89,58.79,273994
Carbon Steel,25.4,1.65,6.033,5.831,25.96,11760
Stainless Steel 304,203.2,3.96,6.044,118.386,51.53,541563
Carbon Steel,25.4,3.38,6.026,11.176,29.73,18757
Stainless Steel 304,152.4,2.77,5.952,61.819,42.5,285243
HDPE,76.2,5.16,11.981,13.038,37.94,29544
Stainless Steel 304,38.1,3.56,3.016,9.237,24.65,45694
Stainless Steel 316,254.0,3.4,12.006,254.787,89.92,1417382
Stainless Steel 304,152.4,2.77,3.048,32.092,33.01,150219
Stainless Steel 316,25.4,2.77,8.983,14.408,53.73,88589
Stainless Steel 304,76.2,2.11,11.978,46.017,67.32,219092
Carbon Steel,101.6,5.74,11.999,163.948,57.23,207353
PVC,50.8,2.77,8.979,5.258,26.57,15460
Galvanized Steel,101.6,3.05,12.002,88.028,60.09,142301
Galvanized Steel,152.4,2.77,11.955,120.472,60.78,191396
Carbon Steel,50.8,2.77,11.97,39.338,49.85,56410
HDPE,38.1,3.56,9.014,3.341,28.39,11191
HDPE,25.4,3.38,9.024,2.06,27.65,8476
HDPE,152.4,6.35,6.048,16.787,29.44,35250
Stainless Steel 316,25.4,2.77,12.03,19.037,66.73,116808
HDPE,25.4,1.65,5.992,0.695,16.69,5200
Carbon Steel,38.1,3.56,11.966,36.142,49.79,52030
Carbon Steel,50.8,1.65,9.013,17.959,33.75,28553
Stainless Steel 316,203.2,3.96,11.956,239.209,94.84,1333817
PVC,25.4,3.38,3.032,0.977,12.56,4437
HDPE,203.2,7.04,5.986,25.26,33.07,51896
Carbon Steel,152.4,2.77,2.99,30.94,23.97,40951
Stainless Steel 304,101.6,3.05,8.976,68.015,58.07,316647
PVC,38.1,3.56,12.022,6.465,35.18,20102
Stainless Steel 316,50.8,2.77,5.96,20.52,40.92,120318
Stainless Steel 316,101.6,2.11,3.015,16.065,28.56,93797
Carbon Steel,38.1,3.56,3.045,9.29,19.32,14323
Galvanized Steel,50.8,2.77,2.981,9.604,21.66,17457
Copper,38.1,3.56,11.953,41.103,58.55,503826
Carbon Steel,50.8,2.77,9.044,29.467,38.57,42165
HDPE,50.8,3.91,5.981,3.175,21.91,8611
Stainless Steel 304,76.2,5.16,3.018,28.147,33.68,133147
Stainless Steel 304,25.4,2.77,3.041,4.807,25.12,27156
Galvanized Steel,25.4,2.77,3.046,4.719,21.21,10348
PVC,101.6,5.74,5.997,14.748,26.99,36950
PVC,50.8,1.65,11.994,4.212,34.91,15792
Carbon Steel,38.1,3.56,11.953,36.462,55.38,53879
Stainless Steel 304,38.1,3.56,9.015,28.047,50.74,135536
Carbon Steel,76.2,5.16,3.016,27.347,26.86,37823
Stainless Steel 304,152.4,6.35,9.012,206.621,62.01,941177
Stainless Steel 316,101.6,5.74,11.957,166.726,84.5,932717
Carbon Steel,25.4,1.65,5.962,5.759,24.7,11684
Stainless Steel 316,304.8,9.53,2.989,210.964,58.52,1170712
Stainless Steel 316,25.4,2.77,9.029,14.365,49.78,88010
Stainless Steel 316,101.6,2.11,8.961,46.041,53.88,263422
Stainless Steel 316,76.2,2.11,5.954,23.263,39.94,134827
PVC,38.1,3.56,11.956,6.427,34.89,19865
Stainless Steel 304,50.8,2.77,5.973,19.886,40.22,96673
Galvanized Steel,76.2,2.11,12.013,45.438,54.94,78243
Stainless Steel 316,38.1,1.65,3.012,4.551,22.14,29045
Stainless Steel 316,101.6,3.05,12.035,90.17,73.93,508997
Carbon Steel,152.4,6.35,2.986,68.471,28.07,86489
HDPE,50.8,3.91,3.012,1.7,13.98,5082
Carbon Steel,203.2,7.04,12.027,400.064,64.18,491460
Stainless Steel 316,101.6,3.05,9.008,69.568,65.67,394629
Stainless Steel 304,101.6,2.11,8.964,47.102,52.34,221091
Stainless Steel 316,76.2,5.16,2.99,27.387,37.05,157498
Stainless Steel 304,38.1,3.56,9.001,27.714,53.88,134116
Stainless Steel 316,38.1,1.65,6.012,9.13,30.59,56534
Carbon Steel,38.1,2.77,12.05,29.071,46.79,43399
HDPE,38.1,3.56,8.963,3.323,28.47,11192
Stainless Steel 316,50.8,2.77,2.954,9.901,24.89,58791
Copper,101.6,2.11,3.033,17.991,22.81,219600
Carbon Steel,38.1,3.56,2.982,9.123,17.78,13370
Stainless Steel 304,203.2,7.04,6.035,209.523,57.56,953165
Stainless Steel 316,38.1,3.56,6.012,18.571,43.81,110087
Carbon Steel,76.2,5.16,2.958,26.79,24.97,37346
Stainless Steel 316,254.0,3.4,8.98,192.117,68.75,1069053
Stainless Steel 304,76.2,2.11,9.027,35.467,52.0,169568
Stainless Steel 304,101.6,3.05,6.022,45.381,43.63,211787
Copper,76.2,5.16,12.0,123.366,70.58,1492877
Stainless Steel 304,152.4,2.77,2.97,31.017,31.38,145133
Stainless Steel 316,101.6,3.05,11.971,89.617,73.69,506162
Stainless Steel 304,25.4,2.77,11.956,18.662,62.81,95747
Carbon Steel,38.1,3.56,12.012,36.39,47.1,52090
HDPE,38.1,2.77,5.969,1.708,20.71,7360
PVC,25.4,1.65,2.997,0.523,10.19,3363
Carbon Steel,38.1,2.77,2.963,7.156,17.36,11758
PVC,25.4,1.65,2.988,0.509,10.79,2602
PVC,25.4,3.38,12.034,3.914,34.0,15572
Stainless Steel 316,50.8,1.65,12.002,24.303,68.02,145967
Galvanized Steel,101.6,5.74,5.964,81.387,39.11,129175
Copper,38.1,2.77,11.98,32.766,56.24,403428
Carbon Steel,25.4,1.65,3.036,2.988,16.22,6423
Stainless Steel 316,152.4,2.77,2.978,31.02,33.45,177186
Copper,38.1,3.56,8.993,31.853,48.31,391337
Carbon Steel,76.2,2.11,11.996,45.55,46.67,63639
Stainless Steel 304,38.1,2.77,2.996,7.349,25.82,38142
Carbon Steel,76.2,3.05,2.976,16.555,19.66,23369
Stainless Steel 304,50.8,1.65,3.022,6.163,20.14,30441
Stainless Steel 316,50.8,1.65,12.01,24.591,65.89,147462
HDPE,76.2,3.05,6.038,3.983,23.04,10760
Copper,25.4,1.65,3.04,3.33,17.25,43026
Galvanized Steel,101.6,3.05,2.964,21.847,22.97,36255
Carbon Steel,25.4,1.65,8.954,8.726,37.65,18297
Copper,50.8,3.91,11.992,61.474,61.07,748448
HDPE,101.6,3.05,6.005,5.367,22.46,12784
Copper,38.1,1.65,12.027,20.098,60.33,252888
Carbon Steel,76.2,5.16,11.988,109.131,53.4,140147
Carbon Steel,152.4,2.77,3.023,31.089,24.86,41453
Copper,76.2,2.11,9.0,39.972,47.02,488279
Stainless Steel 316,101.6,3.05,2.982,22.658,30.69,129309
Stainless Steel 304,50.8,3.91,6.009,27.984,41.96,134218
Carbon Steel,25.4,1.65,12.044,11.7,47.12,22467
HDPE,38.1,1.65,9.022,1.628,26.99,7316
Stainless Steel 304,38.1,3.56,5.971,18.397,37.51,90620
Carbon Steel,76.2,2.11,3.026,11.659,17.77,17201
PVC,38.1,1.65,11.952,3.166,33.53,13095
Carbon Steel,50.8,3.91,6.013,27.48,31.41,38903
Carbon Steel,50.8,1.65,11.979,23.699,49.62,37937
Copper,25.4,1.65,6.035,6.606,31.83,84532
Carbon Steel,25.4,3.38,5.99,11.07,31.59,19971
Stainless Steel 316,25.4,3.38,6.025,11.21,39.69,69385
Carbon Steel,254.0,4.78,2.963,87.937,34.34,112208
Stainless Steel 304,254.0,3.4,3.041,66.57,37.17,305946
Stainless Steel 316,38.1,1.65,12.034,18.009,66.32,110893
Copper,50.8,3.91,9.024,46.251,56.9,565757
Stainless Steel 304,50.8,1.65,8.998,18.354,50.53,91884
Stainless Steel 316,101.6,3.05,2.981,22.41,27.42,127948
Stainless Steel 316,38.1,3.56,8.993,27.775,56.74,163759
Stainless Steel 304,38.1,2.77,8.984,22.464,49.61,109057
Carbon Steel,152.4,3.4,6.025,75.878,36.72,97157
Carbon Steel,203.2,3.96,9.021,171.852,47.01,213382
Stainless Steel 316,101.6,5.74,6.031,82.862,51.09,464893
Stainless Steel 304,25.4,3.38,12.05,22.524,67.9,113583
PVC,152.4,3.4,9.031,19.932,29.87,50147
Stainless Steel 304,25.4,2.77,3.015,4.704,21.69,25321
Stainless Steel 316,25.4,2.77,12.005,18.772,63.97,116222
Stainless Steel 316,50.8,2.77,8.99,29.714,52.44,173142
Carbon Steel,38.1,2.77,5.984,14.188,30.17,21433
PVC,38.1,3.56,6.008,3.244,21.12,11073
Carbon Steel,38.1,1.65,8.997,13.394,36.3,22505
PVC,50.8,3.91,2.988,2.435,14.84,8244
Carbon Steel,25.4,2.77,3.04,4.654,16.3,8105
PVC,38.1,3.56,9.049,4.876,29.96,16396
Stainless Steel 304,76.2,5.16,5.963,55.051,46.92,256244
Carbon Steel,38.1,2.77,8.952,21.894,37.49,32626
Carbon Steel,25.4,1.65,8.966,8.625,37.84,16192
PVC,101.6,3.05,9.027,11.668,29.95,30931
Stainless Steel 316,38.1,1.65,8.997,13.459,51.18,83990
Stainless Steel 304,50.8,3.91,3.037,13.943,25.5,67614
Stainless Steel 304,76.2,5.16,12.001,111.19,76.53,513747
Carbon Steel,38.1,3.56,3.024,9.312,19.61,15517
Stainless Steel 304,25.4,1.65,2.961,2.917,20.71,17675
PVC,38.1,2.77,6.007,2.59,18.9,8291
Carbon Steel,50.8,1.65,11.991,23.965,50.45,37987
Carbon Steel,25.4,2.77,11.969,18.611,50.19,31786
Carbon Steel,25.4,2.77,8.991,14.151,36.51,23325
Stainless Steel 316,101.6,3.05,9.039,68.263,59.03,385440
Stainless Steel 316,38.1,3.56,12.022,37.307,72.3,217383
Carbon Steel,38.1,1.65,12.023,18.113,44.2,30176
Copper,76.2,5.16,11.956,122.912,65.64,1486886
Carbon Steel,38.1,1.65,6.025,8.968,24.91,15018
Carbon Steel,76.2,2.11,3.036,11.581,18.88,18276
Carbon Steel,152.4,6.35,8.957,206.535,50.2,256917
Copper,203.2,2.77,3.027,46.489,33.14,564236
Stainless Steel 304,203.2,3.96,5.971,117.462,54.33,539552
HDPE,76.2,5.16,3.018,3.317,17.19,8498
Stainless Steel 316,25.4,2.77,2.979,4.68,23.82,29331
HDPE,76.2,3.05,6.0,3.991,22.43,11570
Carbon Steel,101.6,2.11,3.037,15.715,19.17,22785
PVC,203.2,2.77,12.041,29.559,40.35,71827
Stainless Steel 304,304.8,4.78,5.984,215.195,56.17,979460
Carbon Steel,38.1,1.65,8.976,13.372,32.21,21409
Stainless Steel 304,101.6,5.74,2.994,41.347,34.76,191584
Carbon Steel,76.2,2.11,2.954,11.394,19.21,16916
Stainless Steel 304,152.4,3.4,8.956,113.406,64.18,521552
Stainless Steel 304,50.8,1.65,9.046,18.658,46.76,92519
HDPE,50.8,1.65,12.034,2.96,29.79,9478
Stainless Steel 316,101.6,2.11,3.027,15.906,27.58,92224
Carbon Steel,101.6,2.11,6.042,31.395,30.29,43251
Stainless Steel 304,38.1,1.65,9.032,13.724,49.02,71126
Stainless Steel 304,25.4,2.77,11.984,18.851,68.51,96611
PVC,38.1,1.65,3.01,0.798,10.72,3850
Stainless Steel 304,38.1,2.77,12.005,29.438,65.55,144075
Stainless Steel 304,25.4,3.38,5.963,11.148,38.47,56911
Carbon Steel,101.6,3.05,12.018,90.608,50.97,117504
Stainless Steel 304,101.6,3.05,2.956,22.452,30.21,105723
Stainless Steel 316,38.1,3.56,9.02,28.227,54.42,165557
Carbon Steel,76.2,2.11,9.008,34.94,41.26,50183
Carbon Steel,101.6,5.74,5.959,79.838,35.43,102094
Stainless Steel 316,101.6,3.05,12.022,90.626,76.71,511933
HDPE,152.4,2.77,2.956,3.634,17.39,9228
Carbon Steel,76.2,2.11,11.976,46.142,50.23,64461
Carbon Steel,152.4,6.35,9.014,208.135,53.22,259477
Carbon Steel,25.4,1.65,9.037,8.623,36.64,16857
HDPE,101.6,2.11,9.027,5.592,28.8,15126
Stainless Steel 316,101.6,3.05,3.034,22.596,31.6,129971
Stainless Steel 304,152.4,2.77,6.009,62.464,45.49,288916
Stainless Steel 316,25.4,1.65,6.033,5.905,36.9,40817
Copper,203.2,3.96,6.029,134.315,50.27,1620475
Stainless Steel 304,203.2,3.96,12.027,238.897,77.57,1089599
Stainless Steel 304,38.1,2.77,8.989,22.213,43.65,108095
Carbon Steel,254.0,3.4,6.043,126.604,43.13,159225
Carbon Steel,76.2,5.16,11.998,107.929,57.74,140261
Carbon Steel,254.0,8.56,12.012,616.408,70.7,752400
Carbon Steel,101.6,2.11,5.994,31.254,27.48,42657
Carbon Steel,38.1,2.77,8.964,21.684,35.8,32492
Stainless Steel 304,38.1,2.77,6.038,14.717,34.41,72706
PVC,101.6,5.74,9.031,22.008,34.78,54117
Carbon Steel,76.2,5.16,2.961,27.015,24.8,37070
Galvanized Steel,25.4,1.65,8.996,8.589,40.6,20333
PVC,101.6,3.05,8.995,11.997,28.38,30490
Stainless Steel 304,25.4,3.38,9.021,16.97,47.36,85500
HDPE,50.8,1.65,9.028,2.189,26.42,9263
HDPE,25.4,1.65,5.96,0.703,18.31,4244
Copper,76.2,3.05,2.982,18.645,25.57,228408
Galvanized Steel,152.4,3.4,2.961,36.821,27.53,60699
HDPE,50.8,1.65,2.955,0.71,11.52,3098
Stainless Steel 316,101.6,3.05,8.991,68.97,60.84,390390
Carbon Steel,76.2,5.16,9.015,80.761,45.95,104821
Carbon Steel,25.4,2.77,8.959,13.735,40.53,23617
HDPE,203.2,7.04,2.974,12.383,25.25,27519
Carbon Steel,76.2,3.05,3.031,16.709,20.21,23492
Stainless Steel 316,203.2,7.04,3.024,104.747,48.39,585529
HDPE,76.2,3.05,8.979,5.871,30.36,15656
Carbon Steel,25.4,3.38,6.046,11.127,27.83,18378
Carbon Steel,152.4,6.35,12.024,278.52,58.41,344583
Stainless Steel 304,38.1,2.77,3.014,7.398,22.44,38227
Stainless Steel 316,152.4,6.35,11.965,279.999,90.39,1556087
Carbon Steel,50.8,1.65,5.988,12.083,26.92,19030
PVC,25.4,1.65,9.017,1.531,26.96,7782
Carbon Steel,101.6,3.05,8.993,67.176,41.42,88391
PVC,101.6,5.74,9.018,21.929,35.03,54750
HDPE,38.1,1.65,9.045,1.596,26.64,8684
Carbon Steel,76.2,3.05,3.047,16.906,18.87,24163
Copper,25.4,1.65,6.048,6.615,32.16,84656
Carbon Steel,76.2,2.11,6.02,22.801,28.25,31885
HDPE,101.6,2.11,11.987,7.521,36.29,20421
Carbon Steel,101.6,3.05,5.963,44.628,30.04,58992
Carbon Steel,25.4,3.38,9.031,16.49,37.88,25920
PVC,101.6,2.11,6.029,5.641,18.82,15740
Stainless Steel 304,76.2,2.11,2.974,11.604,23.34,56231
PVC,76.2,5.16,12.003,19.6,38.05,49913
Stainless Steel 304,25.4,3.38,2.982,5.622,24.51,30030
Stainless Steel 316,203.2,7.04,5.976,209.484,62.19,1163416
Stainless Steel 316,76.2,3.05,9.004,50.982,57.83,290542
Carbon Steel,50.8,3.91,3.029,13.417,20.87,19900
Stainless Steel 316,101.6,5.74,6.027,81.464,55.12,458378
PVC,152.4,3.4,12.002,26.514,40.52,66044
Carbon Steel,101.6,2.11,6.017,30.671,30.83,42175
Carbon Steel,76.2,3.05,3.015,16.569,21.94,22962
Copper,101.6,3.05,6.043,50.614,41.22,614061
PVC,304.8,3.4,5.99,26.649,30.17,63993
HDPE,152.4,2.77,2.963,3.678,16.75,9431
Stainless Steel 304,76.2,3.05,11.989,66.986,64.71,313277
Carbon Steel,25.4,1.65,8.984,8.719,37.57,18213
PVC,25.4,2.77,11.983,3.27,33.4,13281
Stainless Steel 304,76.2,3.05,9.045,50.313,50.59,234420
Stainless Steel 316,76.2,3.05,5.957,33.909,47.45,195697
Stainless Steel 304,50.8,1.65,8.982,18.222,53.0,91669
Carbon Steel,101.6,5.74,8.978,121.021,49.3,154815
Stainless Steel 304,25.4,3.38,12.034,22.536,63.21,113194
Stainless Steel 304,25.4,2.77,2.962,4.622,21.42,25476
Stainless Steel 304,152.4,2.77,8.962,92.846,57.25,427881
Carbon Steel,50.8,1.65,6.039,12.014,28.01,19831
Stainless Steel 316,38.1,3.56,11.992,36.734,71.22,214596
Carbon Steel,254.0,4.78,6.016,175.418,45.36,219328
Carbon Steel,76.2,3.05,2.991,16.33,19.97,24145
Carbon Steel,50.8,2.77,8.997,29.652,38.53,42487
Stainless Steel 316,101.6,5.74,6.047,84.26,57.64,473406
PVC,25.4,3.38,11.984,3.994,37.83,15069
Stainless Steel 304,38.1,1.65,5.953,8.855,34.78,45996
HDPE,50.8,3.91,3.044,1.664,13.7,5804
PVC,50.8,1.65,3.027,1.078,10.27,4480
Stainless Steel 304,38.1,2.77,9.015,22.19,50.68,109245
Galvanized Steel,76.2,5.16,9.002,79.996,54.01,129587
Copper,38.1,2.77,9.05,25.241,43.36,310219
HDPE,50.8,2.77,9.031,3.601,28.01,10833
Stainless Steel 304,38.1,2.77,12.04,29.301,68.31,143854
Stainless Steel 304,38.1,2.77,8.958,21.531,51.11,106235
Copper,50.8,2.77,9.028,33.743,48.23,412760
Carbon Steel,50.8,2.77,5.957,19.405,30.17,29651
HDPE,38.1,3.56,5.986,2.181,21.79,7527
Galvanized Steel,254.0,3.4,5.971,124.111,45.11,194023
Carbon Steel,50.8,1.65,12.028,23.799,48.09,37565
Carbon Steel,38.1,3.56,2.97,8.996,20.63,14290
Carbon Steel,304.8,3.4,2.97,73.285,33.69,93620
Galvanized Steel,76.2,2.11,9.014,34.569,42.3,59071
Carbon Steel,50.8,2.77,8.968,29.371,40.73,42623
PVC,38.1,2.77,11.958,5.284,34.37,17114
Carbon Steel,50.8,2.77,6.004,19.994,31.22,29526
Carbon Steel,76.2,3.05,5.971,32.709,30.72,45433
Carbon Steel,38.1,1.65,3.01,4.496,15.77,7773
Carbon Steel,38.1,3.56,5.99,17.955,33.1,27477
Carbon Steel,76.2,5.16,8.985,81.024,45.15,104956
Stainless Steel 304,38.1,1.65,2.99,4.555,19.93,23605
Copper,152.4,2.77,6.021,70.567,39.79,854857
Stainless Steel 316,38.1,1.65,3.007,4.536,21.85,28935
Stainless Steel 316,38.1,1.65,12.045,18.218,65.9,111946
Carbon Steel,101.6,5.74,9.01,121.917,43.49,154834
Stainless Steel 316,25.4,2.77,11.971,18.869,71.75,115980
Carbon Steel,50.8,3.91,2.992,13.619,19.09,19561
Carbon Steel,254.0,4.78,9.009,268.5,52.68,332178
Stainless Steel 304,76.2,2.11,5.977,23.088,37.98,110913
Carbon Steel,25.4,1.65,2.97,2.83,14.54,6753
Stainless Steel 304,38.1,3.56,5.983,18.443,38.52,89645
Stainless Steel 316,152.4,2.77,5.957,62.728,48.28,353579
Stainless Steel 304,76.2,3.05,11.993,66.489,70.6,312322
Stainless Steel 316,38.1,1.65,3.004,4.594,20.41,30017
Stainless Steel 304,152.4,3.4,12.04,151.311,78.74,695465
Stainless Steel 304,76.2,2.11,9.043,35.37,58.9,169890
Copper,25.4,1.65,6.014,6.573,32.31,84264
PVC,101.6,3.05,3.004,4.01,14.06,11103
Carbon Steel,25.4,1.65,8.959,8.646,35.61,18053
PVC,50.8,3.91,12.036,9.655,39.46,27849
PVC,76.2,5.16,3.023,4.854,18.33,13360
PVC,152.4,6.35,5.999,24.656,29.76,60061
HDPE,50.8,1.65,8.966,2.145,25.6,8472
Stainless Steel 304,203.2,3.96,2.951,57.614,36.73,265961
Carbon Steel,50.8,3.91,3.035,13.815,20.03,20295
PVC,76.2,5.16,11.979,19.152,41.62,50073
Stainless Steel 316,50.8,2.77,12.004,40.416,73.96,235896
Stainless Steel 304,50.8,1.65,11.997,24.503,66.93,122346
Carbon Steel,50.8,1.65,5.967,11.899,26.9,18456
Carbon Steel,38.1,2.77,8.991,21.783,34.33,32424
Galvanized Steel,76.2,2.11,11.962,46.951,57.56,81097
HDPE,76.2,2.11,9.02,4.292,25.77,12209
Carbon Steel,25.4,2.77,11.972,18.383,52.2,31271
Stainless Steel 316,76.2,3.05,5.991,33.545,49.61,193665
Copper,101.6,2.11,3.046,18.059,23.6,220309
Carbon Steel,25.4,1.65,9.016,8.781,36.27,16568
Stainless Steel 304,25.4,1.65,6.032,6.003,31.19,32376
Stainless Steel 304,76.2,2.11,3.045,11.95,21.8,58162
PVC,38.1,3.56,5.951,3.192,20.4,11306
Stainless Steel 304,76.2,2.11,3.02,11.786,25.48,57714
Stainless Steel 304,25.4,3.38,8.956,16.472,49.66,83022
PVC,38.1,2.77,5.968,2.577,19.72,9660
Stainless Steel 304,101.6,2.11,3.029,15.949,25.23,77030
PVC,38.1,3.56,5.993,3.28,22.65,12389
Carbon Steel,152.4,6.35,8.953,207.033,48.99,257220
Stainless Steel 304,76.2,3.05,12.027,67.893,68.77,317866
Copper,76.2,2.11,8.962,39.713,46.28,484364
HDPE,50.8,2.77,8.957,3.49,27.05,11238
HDPE,76.2,2.11,2.988,1.394,13.54,5320
Copper,38.1,2.77,12.009,32.899,62.89,407118
Carbon Steel,50.8,2.77,2.959,9.778,18.72,15389
Carbon Steel,25.4,3.38,6.037,11.018,27.16,18010
Stainless Steel 316,25.4,2.77,11.96,18.94,69.94,116486
Carbon Steel,25.4,2.77,2.96,4.578,17.58,8236
PVC,50.8,3.91,11.963,9.566,37.88,28367
Stainless Steel 316,254.0,3.4,8.981,192.868,69.71,1073738
Galvanized Steel,50.8,3.91,5.968,26.885,33.57,46766
PVC,76.2,5.16,8.965,14.261,31.45,36620
Galvanized Steel,38.1,1.65,11.996,17.652,49.39,35816
Carbon Steel,50.8,1.65,11.975,23.692,45.93,36660
HDPE,152.4,6.35,11.954,33.454,44.46,67824
PVC,101.6,5.74,5.965,14.468,26.97,36481
Stainless Steel 304,25.4,2.77,2.993,4.727,21.23,25239
Stainless Steel 316,50.8,3.91,6.013,27.838,42.18,160754
Stainless Steel 316,50.8,2.77,2.992,9.961,23.53,58913
Copper,254.0,3.4,3.028,73.006,36.76,882529
Stainless Steel 316,203.2,7.04,9.0,309.111,79.19,1713978
PVC,76.2,3.05,3.042,3.036,15.51,9679
Stainless Steel 316,50.8,3.91,5.985,27.206,41.48,156749
HDPE,25.4,3.38,9.001,1.965,25.19,7769
Stainless Steel 304,254.0,4.78,12.023,361.075,79.75,1638462
Stainless Steel 304,38.1,2.77,5.952,14.413,38.42,71845
Stainless Steel 316,25.4,3.38,2.952,5.425,24.55,33460
Stainless Steel 304,152.4,3.4,9.015,117.236,63.68,538745
Carbon Steel,50.8,1.65,11.962,23.897,45.77,36378
Carbon Steel,101.6,3.05,12.018,90.094,50.63,117008
Carbon Steel,38.1,1.65,11.989,17.922,47.16,30822
Carbon Steel,203.2,2.77,12.01,164.372,55.62,207404
Copper,25.4,1.65,3.04,3.362,17.95,43047
Galvanized Steel,38.1,1.65,3.012,4.371,17.66,9205
Stainless Steel 304,101.6,3.05,8.968,67.691,57.3,315032
HDPE,38.1,3.56,8.968,3.346,30.41,12356
Stainless Steel 304,25.4,2.77,5.952,9.394,33.59,47422
PVC,254.0,4.78,3.046,16.091,23.37,40096
PVC,152.4,3.4,2.983,6.608,18.24,17624
Stainless Steel 316,76.2,3.05,6.028,34.0,43.62,194674
Stainless Steel 316,38.1,3.56,3.033,9.489,25.94,56171
Galvanized Steel,38.1,1.65,8.988,13.411,41.68,27331
Stainless Steel 304,76.2,2.11,2.965,11.611,25.11,57346
Copper,38.1,2.77,5.952,16.151,36.43,201064
Stainless Steel 316,203.2,7.04,11.984,421.899,91.67,2336809
Stainless Steel 304,152.4,3.4,5.991,77.152,46.3,354966
Stainless Steel 304,76.2,3.05,2.977,16.681,27.06,80498
Copper,38.1,2.77,8.985,24.38,46.35,300630
Carbon Steel,304.8,9.53,6.025,420.983,51.26,514452
Carbon Steel,38.1,3.56,2.957,8.991,20.48,15131
Copper,50.8,3.91,5.968,30.765,36.22,376778
Carbon Steel,38.1,1.65,12.008,17.726,44.51,29521
Carbon Steel,76.2,3.05,9.031,50.049,37.21,67489
Carbon Steel,50.8,1.65,6.049,12.347,23.7,18434
Stainless Steel 304,203.2,3.96,12.041,238.444,79.26,1087469
Stainless Steel 316,50.8,3.91,8.988,41.377,57.4,237961
Carbon Steel,25.4,1.65,5.968,5.749,25.92,11165
Stainless Steel 316,50.8,2.77,6.036,20.251,41.57,118279
HDPE,101.6,5.74,8.95,14.737,35.03,32828
PVC,25.4,3.38,9.039,2.956,28.05,12381
Galvanized Steel,38.1,3.56,11.983,35.257,57.61,64035
Carbon Steel,38.1,1.65,8.976,13.511,32.41,21715
PVC,38.1,3.56,12.046,6.469,33.41,19601
Carbon Steel,76.2,3.05,3.03,16.502,20.26,23316
Stainless Steel 316,38.1,3.56,6.019,18.333,42.09,108860
Stainless Steel 304,38.1,3.56,2.959,9.057,25.77,45026
Stainless Steel 304,101.6,5.74,8.954,125.056,64.13,573371
Carbon Steel,203.2,7.04,3.001,102.721,33.29,129565
HDPE,76.2,5.16,11.956,12.899,42.63,30915
PVC,152.4,3.4,6.011,13.361,24.37,34076
Stainless Steel 304,152.4,3.4,5.957,74.248,44.32,342266
Copper,25.4,3.38,5.993,12.72,31.69,157649
Stainless Steel 316,101.6,5.74,5.991,82.39,54.75,463259
HDPE,25.4,2.77,2.951,0.558,12.1,3427
Stainless Steel 304,25.4,2.77,5.99,9.484,37.34,49751
Galvanized Steel,203.2,2.77,6.038,81.473,43.29,129526
Carbon Steel,254.0,3.4,11.986,256.195,62.95,318294
Stainless Steel 304,76.2,2.11,11.982,46.596,64.48,220275
Stainless Steel 316,76.2,2.11,11.953,47.891,68.36,276488
Carbon Steel,50.8,1.65,8.961,18.153,37.85,28155
Galvanized Steel,25.4,3.38,8.975,16.216,41.79,31509
PVC,76.2,3.05,11.972,11.756,37.36,32612
Stainless Steel 304,101.6,3.05,5.984,44.555,39.5,207884
HDPE,38.1,2.77,8.971,2.599,24.75,9431
Carbon Steel,25.4,3.38,12.045,22.068,51.65,35781
Carbon Steel,25.4,3.38,11.998,21.989,46.61,35965
Stainless Steel 304,38.1,3.56,2.953,9.125,24.92,44909
Stainless Steel 304,25.4,3.38,12.018,22.731,63.2,112328
Carbon Steel,38.1,2.77,9.032,22.186,40.02,33950
Copper,25.4,3.38,6.038,12.561,34.07,157159
Copper,101.6,5.74,9.033,141.768,58.32,1710991
Stainless Steel 316,76.2,2.11,6.033,24.076,41.09,139863
Stainless Steel 304,38.1,1.65,11.994,17.903,61.32,90484
Carbon Steel,38.1,3.56,11.964,35.935,53.34,52355
Stainless Steel 304,50.8,2.77,9.02,30.328,45.87,144426
Galvanized Steel,50.8,2.77,6.014,19.506,33.03,34941
Carbon Steel,50.8,3.91,6.007,26.67,31.16,37651
PVC,50.8,3.91,9.044,7.267,27.98,21418
PVC,25.4,1.65,2.988,0.522,11.06,2396
Carbon Steel,50.8,1.65,2.992,6.006,15.07,9985
PVC,76.2,5.16,3.046,4.973,17.04,14201
Stainless Steel 316,50.8,3.91,8.993,41.717,65.13,241322
PVC,254.0,4.78,5.995,31.6,32.85,75852
Stainless Steel 316,50.8,1.65,2.955,5.995,23.12,36820
HDPE,25.4,1.65,5.992,0.699,18.61,4399
HDPE,101.6,3.05,5.969,5.321,20.88,12508
Stainless Steel 304,25.4,3.38,5.976,11.163,37.04,57765
Stainless Steel 316,76.2,5.16,3.029,27.929,31.46,159852
Carbon Steel,254.0,3.4,3.021,63.044,32.05,81804
Stainless Steel 316,50.8,1.65,5.956,12.158,36.26,73930
Stainless Steel 304,101.6,2.11,11.992,61.11,64.26,286878
Carbon Steel,50.8,3.91,8.996,40.735,41.79,56057
Stainless Steel 304,152.4,2.77,5.989,62.481,42.86,288169
Carbon Steel,152.4,2.77,2.967,30.184,22.79,40245
HDPE,50.8,3.91,8.99,4.966,28.84,14470
Stainless Steel 316,50.8,2.77,2.981,9.874,26.41,59305
Stainless Steel 304,38.1,1.65,6.048,9.221,34.59,47129
Carbon Steel,152.4,2.77,2.968,30.335,25.13,40557
Stainless Steel 316,101.6,5.74,9.037,125.509,64.52,701160
Stainless Steel 304,38.1,1.65,11.954,17.969,65.9,94334
HDPE,101.6,3.05,5.976,5.37,22.31,14194
Carbon Steel,25.4,2.77,5.994,9.245,25.62,14198
Stainless Steel 316,76.2,2.11,11.984,46.695,67.78,268927
Stainless Steel 304,25.4,1.65,6.021,5.963,34.61,34263
Galvanized Steel,38.1,3.56,12.03,36.278,55.09,64165
Stainless Steel 316,76.2,2.11,12.044,47.275,66.16,272120
PVC,50.8,1.65,3.033,1.082,10.86,4663
Carbon Steel,101.6,2.11,12.02,62.941,50.53,85065
Stainless Steel 304,38.1,2.77,3.044,7.557,21.87,37626
Stainless Steel 316,203.2,7.04,5.996,207.526,62.62,1153198
PVC,50.8,1.65,2.969,1.072,12.64,4047
Stainless Steel 304,76.2,2.11,6.03,23.514,35.31,112129
PVC,38.1,2.77,5.955,2.567,20.03,10751
PVC,101.6,3.05,11.965,15.893,37.08,42118
Stainless Steel 316,25.4,3.38,6.041,11.654,39.48,70843
Stainless Steel 316,76.2,2.11,5.996,23.797,40.05,138309
HDPE,25.4,1.65,11.99,1.41,32.16,8696
Stainless Steel 304,76.2,5.16,3.046,28.246,33.07,133320
Carbon Steel,101.6,2.11,11.958,62.831,51.02,84062
HDPE,76.2,2.11,5.957,2.791,21.95,8722
Stainless Steel 316,76.2,2.11,6.022,23.791,38.72,137888
Copper,25.4,2.77,8.954,15.634,44.46,195577
HDPE,50.8,3.91,2.998,1.623,15.41,5119
Stainless Steel 316,254.0,8.56,6.013,311.295,71.96,1724346
PVC,38.1,1.65,3.008,0.805,11.82,4460
PVC,38.1,1.65,12.039,3.178,31.09,12060
Carbon Steel,25.4,2.77,8.967,13.992,38.1,23883
Galvanized Steel,25.4,1.65,3.019,2.978,17.18,6972
Stainless Steel 316,50.8,2.77,3.011,10.081,28.0,60229
Carbon Steel,25.4,2.77,3.049,4.701,17.46,8609
Copper,25.4,1.65,3.031,3.278,19.74,42367
PVC,25.4,2.77,6.033,1.65,20.25,7156
Carbon Steel,203.2,7.04,9.018,306.294,54.38,376461
Carbon Steel,38.1,3.56,11.973,36.673,50.83,53552
Carbon Steel,76.2,3.05,2.97,15.977,21.14,22025
Stainless Steel 304,38.1,2.77,5.979,14.833,34.02,73878
Copper,101.6,3.05,11.976,100.919,62.44,1221162
Stainless Steel 304,25.4,1.65,6.03,5.885,32.4,33021
Stainless Steel 304,152.4,3.4,11.986,153.254,78.75,703585
Carbon Steel,101.6,5.74,3.049,41.426,25.73,53715
Stainless Steel 304,152.4,2.77,12.036,127.79,67.22,587653
Stainless Steel 304,38.1,2.77,2.997,7.348,24.08,37363
PVC,152.4,6.35,5.959,24.301,30.21,58198
Stainless Steel 316,25.4,2.77,12.013,19.108,70.43,117250
HDPE,25.4,2.77,3.008,0.567,12.74,2273
Galvanized Steel,50.8,2.77,9.049,29.31,42.71,51416
Galvanized Steel,76.2,2.11,2.957,11.226,18.25,18715
Stainless Steel 304,304.8,9.53,8.959,636.804,89.49,2880939
HDPE,50.8,2.77,12.033,4.759,34.77,15314
Stainless Steel 304,38.1,2.77,11.986,29.406,68.57,144773
Stainless Steel 304,76.2,5.16,11.987,110.956,77.44,513013
Copper,101.6,3.05,8.965,75.938,55.16,921014
Stainless Steel 304,152.4,3.4,8.959,113.119,62.19,519803
PVC,25.4,2.77,9.021,2.501,26.54,10265
Carbon Steel,38.1,1.65,12.044,18.035,47.6,29812
Copper,50.8,2.77,3.007,11.128,23.53,138656
PVC,25.4,1.65,9.049,1.586,26.39,8172
PVC,76.2,3.05,3.044,3.004,14.67,8897
Stainless Steel 316,50.8,3.91,6.014,27.371,46.41,158454
HDPE,50.8,2.77,8.963,3.546,27.29,11830
Carbon Steel,38.1,3.56,8.983,26.916,40.16,38077
HDPE,152.4,2.77,8.987,11.114,35.53,26285
Carbon Steel,50.8,2.77,9.02,29.41,36.8,41642
Stainless Steel 316,101.6,3.05,2.975,22.337,29.33,127993
Stainless Steel 316,50.8,2.77,3.005,10.146,23.87,59851
Copper,203.2,2.77,2.972,46.6,31.4,565255
Stainless Steel 304,38.1,2.77,6.003,14.85,39.24,73302
PVC,101.6,2.11,12.02,11.222,36.43,30740
Stainless Steel 304,101.6,5.74,2.972,41.246,35.69,192442
Carbon Steel,38.1,3.56,5.982,17.886,28.92,26618
HDPE,25.4,3.38,6.015,1.334,19.67,5407
Carbon Steel,38.1,3.56,3.036,9.126,20.91,14931
Carbon Steel,25.4,2.77,12.014,18.518,49.88,32026
Stainless Steel 316,25.4,3.38,2.992,5.555,26.6,35198
Carbon Steel,50.8,1.65,2.955,5.802,16.22,9639
PVC,38.1,3.56,6.025,3.279,23.26,12171
Carbon Steel,76.2,3.05,11.988,65.051,57.63,89551
Carbon Steel,76.2,5.16,8.978,80.756,46.79,105714
Copper,25.4,3.38,9.012,18.861,47.74,234498
Carbon Steel,101.6,5.74,9.006,122.144,49.54,155951
PVC,76.2,5.16,8.991,14.332,34.39,37090
Galvanized Steel,38.1,1.65,8.995,13.444,41.62,28025
Stainless Steel 304,304.8,3.4,8.983,233.194,73.37,1062927
Stainless Steel 304,152.4,3.4,8.972,113.144,59.63,520167
Stainless Steel 304,38.1,1.65,5.985,8.968,33.44,46780
Galvanized Steel,304.8,3.4,12.027,302.131,77.19,468122
HDPE,152.4,3.4,9.044,13.751,33.57,30856
HDPE,76.2,3.05,3.022,2.036,14.42,6383
Stainless Steel 316,25.4,2.77,5.957,9.362,35.93,57616
Carbon Steel,25.4,2.77,9.026,13.954,37.04,23394
Stainless Steel 304,25.4,2.77,5.966,9.339,34.94,47898
Stainless Steel 316,50.8,3.91,11.988,55.088,74.79,315885
Stainless Steel 304,38.1,3.56,8.959,28.123,53.54,136265
PVC,38.1,3.56,8.992,4.899,28.08,16362
Carbon Steel,203.2,3.96,12.003,232.195,59.89,288923
Stainless Steel 304,38.1,1.65,11.964,18.093,59.54,91001
Carbon Steel,76.2,2.11,5.962,22.596,30.24,32363
Carbon Steel,76.2,5.16,5.982,53.911,38.18,71546
Galvanized Steel,38.1,1.65,8.962,13.327,45.83,28231
Stainless Steel 304,38.1,3.56,5.955,18.309,38.97,90013
Carbon Steel,304.8,4.78,12.049,426.988,67.29,524587
Carbon Steel,101.6,2.11,6.028,31.108,31.56,42889
Stainless Steel 304,38.1,3.56,8.962,28.111,57.43,136456
Carbon Steel,152.4,6.35,3.014,68.18,26.61,86522
PVC,50.8,3.91,9.024,7.178,30.04,20880
Copper,152.4,6.35,3.01,77.91,37.46,941870
Stainless Steel 316,38.1,3.56,9.039,27.927,51.15,162914
Carbon Steel,203.2,2.77,11.978,162.866,56.46,206411
HDPE,25.4,1.65,11.99,1.391,31.47,7647
Stainless Steel 316,50.8,2.77,9.015,30.33,56.44,177603
Copper,101.6,3.05,2.997,25.271,25.84,307787
PVC,25.4,2.77,12.032,3.352,37.75,14063
Stainless Steel 316,76.2,5.16,3.047,27.665,32.73,158563
PVC,25.4,1.65,12.015,2.055,31.88,10132
Stainless Steel 304,152.4,2.77,3.02,31.709,31.18,147685
HDPE,50.8,3.91,12.014,6.535,36.51,18188
PVC,38.1,3.56,12.046,6.521,36.95,21805
Copper,38.1,2.77,3.009,8.278,21.53,102753
Stainless Steel 316,50.8,1.65,5.952,12.1,34.4,73175
HDPE,76.2,3.05,11.996,7.917,33.74,21786
HDPE,101.6,2.11,9.04,5.668,30.21,15456
Carbon Steel,101.6,2.11,3.006,15.623,20.73,23264
PVC,76.2,3.05,8.959,8.802,29.07,24378
Stainless Steel 304,76.2,3.05,12.033,66.857,73.23,314285
Copper,76.2,5.16,9.003,93.23,55.18,1128785
Galvanized Steel,50.8,3.91,6.018,26.646,34.67,46005
Galvanized Steel,25.4,1.65,2.983,2.836,16.38,7482
HDPE,76.2,2.11,5.992,2.787,19.5,8561
HDPE,152.4,6.35,6.048,16.667,29.12,34072
Carbon Steel,50.8,1.65,9.001,17.85,37.41,28787
Carbon Steel,76.2,2.11,2.982,11.368,19.38,17701
Stainless Steel 304,50.8,2.77,8.971,30.172,48.34,144337
HDPE,25.4,1.65,9.017,1.048,24.75,5933
Stainless Steel 316,38.1,2.77,5.973,14.718,36.56,88415
Stainless Steel 304,101.6,3.05,5.979,44.345,41.02,207402
Copper,76.2,5.16,12.037,125.4,69.26,1517934
Stainless Steel 304,101.6,5.74,5.991,82.545,47.98,380220
Copper,50.8,2.77,8.991,34.124,49.68,419063
HDPE,101.6,5.74,3.033,4.903,19.94,12838
HDPE,152.4,6.35,6.028,16.746,28.19,35141
Stainless Steel 304,25.4,3.38,8.963,16.318,48.19,81939
Stainless Steel 304,152.4,6.35,12.016,278.431,83.4,1267295
HDPE,25.4,3.38,12.043,2.723,37.48,11840
Galvanized Steel,38.1,1.65,6.011,8.929,30.11,18662
Galvanized Steel,25.4,1.65,8.97,8.622,39.88,20187
Carbon Steel,101.6,5.74,8.955,120.899,48.55,154431
HDPE,76.2,5.16,6.02,6.633,25.57,16670
Copper,76.2,5.16,2.968,30.898,28.21,375419
Galvanized Steel,76.2,5.16,12.029,108.207,56.36,173081
Carbon Steel,152.4,2.77,5.976,61.69,30.97,79798
Stainless Steel 304,50.8,3.91,6.029,28.116,40.7,133627
Stainless Steel 304,38.1,3.56,9.004,27.931,49.66,134627
Carbon Steel,25.4,3.38,2.952,5.361,18.05,8732
Carbon Steel,304.8,4.78,9.014,321.267,57.33,395807
PVC,76.2,3.05,11.986,11.976,33.4,32921
Carbon Steel,101.6,3.05,5.972,43.948,30.76,58716
HDPE,101.6,5.74,2.957,4.881,18.2,11884
Carbon Steel,25.4,2.77,3.048,4.762,17.93,9587
Stainless Steel 316,50.8,1.65,6.02,12.088,36.88,72975
Stainless Steel 316,76.2,3.05,3.012,16.94,29.81,98713
Stainless Steel 304,76.2,3.05,9.009,50.655,55.8,238566
Stainless Steel 304,50.8,2.77,11.982,39.964,63.37,191386
HDPE,101.6,3.05,8.989,7.93,29.53,19475
PVC,38.1,3.56,8.983,4.907,28.52,15956
Carbon Steel,76.2,2.11,9.04,34.612,38.35,49085
Carbon Steel,101.6,5.74,9.005,122.483,49.44,155262
Carbon Steel,50.8,1.65,2.988,6.149,15.48,9872
Stainless Steel 316,50.8,1.65,11.968,24.339,68.12,146139
Galvanized Steel,76.2,5.16,2.969,27.009,26.25,45287
Stainless Steel 316,203.2,3.96,9.011,179.493,64.81,999072
HDPE,25.4,1.65,5.999,0.698,16.31,4132
Stainless Steel 304,254.0,3.4,12.042,255.321,82.81,1164176
Stainless Steel 304,76.2,5.16,12.029,111.472,77.97,515837
Carbon Steel,203.2,7.04,2.955,101.422,34.32,127435
Galvanized Steel,38.1,3.56,3.013,9.081,21.56,17518
PVC,203.2,2.77,6.037,14.569,25.36,36322
Stainless Steel 304,76.2,3.05,5.968,33.659,37.89,158144
PVC,25.4,2.77,11.953,3.281,29.7,12591
HDPE,50.8,2.77,2.956,1.17,13.06,3729
Stainless Steel 316,76.2,3.05,9.023,50.064,56.66,285529
Stainless Steel 304,76.2,5.16,5.974,54.973,41.94,254907
Galvanized Steel,76.2,5.16,3.003,26.736,26.23,45130
Carbon Steel,76.2,2.11,6.014,23.238,26.78,33012
PVC,38.1,2.77,5.98,2.543,18.89,9064
Copper,38.1,2.77,9.018,24.803,48.57,306687
Carbon Steel,38.1,1.65,11.99,17.897,46.13,29648
PVC,38.1,3.56,8.987,4.801,28.61,15664
Carbon Steel,38.1,2.77,3.033,7.304,18.63,12066
Stainless Steel 316,101.6,2.11,5.955,31.68,42.74,181052
HDPE,38.1,2.77,12.0,3.429,36.0,11994
Carbon Steel,76.2,2.11,12.022,47.015,51.49,65681
Stainless Steel 316,25.4,2.77,12.01,18.949,67.64,115962
Carbon Steel,50.8,1.65,5.984,11.952,26.95,18919
Carbon Steel,25.4,3.38,8.988,16.559,41.62,27054
HDPE,25.4,3.38,3.019,0.671,12.98,3890
PVC,50.8,1.65,6.022,2.135,17.8,8527
Stainless Steel 304,101.6,3.05,12.031,89.378,67.09,414025
Carbon Steel,25.4,1.65,2.988,2.877,16.12,6612
Carbon Steel,101.6,5.74,9.049,123.77,47.01,156755
Stainless Steel 304,25.4,3.38,2.954,5.585,22.7,29285
Galvanized Steel,38.1,3.56,5.984,18.135,32.9,33568
PVC,25.4,3.38,3.015,0.977,13.14,3589
Stainless Steel 316,152.4,3.4,6.04,76.742,47.77,431700
PVC,203.2,2.77,2.999,7.304,19.98,19308
Carbon Steel,76.2,5.16,6.01,54.537,35.17,71592
Stainless Steel 304,152.4,3.4,11.999,152.172,68.6,696771
PVC,152.4,2.77,9.022,16.843,28.94,41833
Carbon Steel,25.4,1.65,5.963,5.84,25.21,11787
Stainless Steel 316,25.4,1.65,6.038,5.972,36.51,39827
Stainless Steel 316,38.1,1.65,8.97,13.439,53.51,84499
Carbon Steel,76.2,2.11,8.951,34.43,40.12,49613
Stainless Steel 304,38.1,1.65,5.979,9.154,32.6,46997
Carbon Steel,25.4,2.77,12.016,18.536,49.78,32004
Galvanized Steel,50.8,3.91,2.989,13.242,22.28,23748
Stainless Steel 304,76.2,3.05,3.024,17.235,27.18,81943
HDPE,101.6,5.74,8.976,14.649,31.61,31291
Carbon Steel,101.6,5.74,11.972,162.677,57.36,205522
Copper,152.4,6.35,2.967,78.06,39.63,943287
Stainless Steel 304,101.6,5.74,5.989,82.346,49.63,379836
Stainless Steel 304,50.8,2.77,12.022,40.573,68.39,195050
Stainless Steel 304,38.1,3.56,3.002,9.186,25.25,45750
Copper,25.4,3.38,12.046,25.23,61.08,313032
Copper,203.2,2.77,6.016,93.63,40.34,1131439
HDPE,25.4,3.38,12.016,2.668,36.9,11641
Carbon Steel,38.1,2.77,6.046,14.492,31.11,23012
Stainless Steel 304,25.4,1.65,11.984,11.759,62.69,64917
HDPE,38.1,1.65,11.996,2.109,32.85,8696
Carbon Steel,101.6,2.11,11.975,62.2,51.39,84216
Carbon Steel,76.2,2.11,8.958,35.138,41.52,50172
Copper,25.4,3.38,8.951,18.726,41.85,231162
PVC,50.8,3.91,12.03,9.744,35.76,27396
Stainless Steel 316,101.6,3.05,11.957,90.078,80.79,510057
Stainless Steel 316,38.1,3.56,3.004,9.285,27.43,55832
Carbon Steel,50.8,3.91,9.004,41.07,41.26,56606
Stainless Steel 304,304.8,3.4,5.98,154.917,53.34,706647
Carbon Steel,50.8,1.65,12.019,23.873,47.3,37354
Galvanized Steel,152.4,6.35,12.037,273.356,63.59,421124
Carbon Steel,50.8,3.91,11.976,54.154,46.24,73560
Stainless Steel 316,50.8,2.77,6.031,19.641,41.31,115672
Carbon Steel,50.8,3.91,8.976,41.747,39.99,57705
Stainless Steel 304,50.8,2.77,6.044,19.982,40.14,97397
HDPE,38.1,1.65,9.0,1.583,25.78,7869
HDPE,25.4,1.65,6.011,0.708,18.23,3744
Stainless Steel 316,101.6,5.74,12.044,167.718,84.48,937123
Carbon Steel,38.1,2.77,2.957,7.106,17.24,11483
Stainless Steel 316,25.4,1.65,9.007,8.937,51.99,58834
Stainless Steel 304,76.2,5.16,9.04,83.967,62.27,388515
Carbon Steel,38.1,3.56,2.997,9.175,20.72,14978
Carbon Steel,50.8,2.77,12.026,39.618,49.23,56326
Stainless Steel 304,38.1,3.56,6.005,19.014,40.2,93726
Copper,152.4,3.4,12.035,172.697,69.0,2084997
Carbon Steel,76.2,5.16,3.037,27.574,24.48,38276
Copper,304.8,9.53,8.959,718.419,77.54,8635067
Stainless Steel 316,38.1,1.65,8.974,13.65,55.73,85037
Stainless Steel 304,25.4,1.65,11.959,11.829,57.16,64097
Stainless Steel 304,25.4,1.65,5.985,5.799,29.24,31294
Galvanized Steel,25.4,3.38,11.989,22.084,52.75,42469
HDPE,38.1,1.65,5.97,1.062,17.88,4511
Stainless Steel 316,76.2,5.16,11.995,111.537,72.39,626753
Carbon Steel,76.2,3.05,8.998,49.521,43.61,67818
Galvanized Steel,101.6,2.11,2.961,15.079,20.72,27120
Stainless Steel 304,38.1,2.77,3.035,7.435,22.97,36963
Stainless Steel 316,101.6,2.11,8.971,46.895,55.67,267397
Carbon Steel,25.4,3.38,5.989,11.168,29.9,19094
Carbon Steel,50.8,3.91,5.979,26.888,32.53,38320
Carbon Steel,50.8,2.77,11.978,39.431,47.57,55462
Carbon Steel,38.1,2.77,6.02,14.389,28.5,22701
Stainless Steel 316,101.6,2.11,11.98,63.657,68.2,363054
HDPE,76.2,5.16,9.035,10.014,33.43,23466
PVC,152.4,6.35,12.032,49.076,45.2,116186
HDPE,101.6,2.11,6.011,3.777,22.92,10976
PVC,38.1,1.65,3.025,0.803,10.09,4252
Stainless Steel 316,152.4,2.77,9.009,93.941,61.71,528549
Carbon Steel,254.0,8.56,3.042,158.028,38.64,196548
Stainless Steel 316,25.4,3.38,11.993,22.325,64.83,134243
Copper,25.4,2.77,6.05,10.704,35.1,134543
Carbon Steel,38.1,1.65,9.042,13.719,37.88,23696
Carbon Steel,38.1,3.56,6.008,18.223,32.88,28004
Carbon Steel,203.2,2.77,6.046,81.939,34.75,104320
Stainless Steel 304,152.4,2.77,2.98,31.269,33.15,146331
Carbon Steel,254.0,8.56,9.032,469.165,66.61,574832
Carbon Steel,76.2,3.05,9.044,49.667,41.75,67387
HDPE,101.6,5.74,5.994,9.699,25.38,21750
Stainless Steel 316,50.8,1.65,3.029,6.129,23.82,37917
Copper,25.4,1.65,8.989,9.917,41.87,126055
PVC,38.1,1.65,8.989,2.4,26.34,9798
Stainless Steel 316,38.1,2.77,11.993,29.698,74.34,176523
PVC,101.6,2.11,5.988,5.596,21.55,16514
Stainless Steel 304,25.4,3.38,8.973,16.671,47.85,83480
HDPE,38.1,1.65,5.97,1.069,16.63,4884
Carbon Steel,304.8,4.78,2.989,105.689,32.75,132013
Stainless Steel 304,38.1,2.77,9.029,22.426,50.83,109710
Stainless Steel 304,25.4,2.77,2.976,4.595,23.53,25017
PVC,101.6,2.11,3.003,2.724,13.93,9265
Galvanized Steel,50.8,2.77,8.995,28.789,43.33,50864
Copper,38.1,2.77,3.026,8.237,22.07,103686
Carbon Steel,25.4,2.77,9.026,13.968,38.76,24057
HDPE,76.2,2.11,11.979,5.591,33.13,15367
Stainless Steel 304,203.2,3.96,3.019,58.757,35.68,270766
Carbon Steel,50.8,2.77,11.984,38.917,50.89,56312
Stainless Steel 316,50.8,1.65,6.024,12.268,37.12,74792
Carbon Steel,76.2,2.11,5.965,22.939,29.69,33317
Stainless Steel 304,152.4,2.77,12.023,127.076,65.4,583620
PVC,25.4,1.65,11.991,2.065,35.18,11039
Stainless Steel 316,25.4,3.38,9.029,16.49,51.39,100320
Copper,76.2,3.05,12.034,74.602,60.89,905491
Stainless Steel 304,76.2,3.05,3.009,17.095,26.61,81277
PVC,76.2,3.05,9.044,8.832,27.67,24043
HDPE,76.2,5.16,2.991,3.265,17.41,9090
HDPE,38.1,2.77,6.025,1.769,19.45,5286
Stainless Steel 316,25.4,2.77,8.994,14.247,54.16,87622
Stainless Steel 316,38.1,2.77,3.021,7.356,25.33,45304
Stainless Steel 304,25.4,1.65,11.954,11.622,61.28,63279
Copper,76.2,5.16,6.012,61.84,38.22,749130
Copper,50.8,3.91,12.041,62.136,62.5,756911
Copper,203.2,7.04,8.98,357.803,66.72,4304780
Stainless Steel 304,38.1,1.65,2.999,4.488,20.32,23506
Stainless Steel 316,76.2,3.05,8.964,50.295,59.6,287695
Copper,50.8,3.91,5.961,30.701,38.19,374644
Carbon Steel,25.4,2.77,5.968,9.204,26.78,16314
Carbon Steel,25.4,3.38,2.957,5.401,18.24,9672
Stainless Steel 304,38.1,1.65,2.968,4.462,20.38,24085
HDPE,25.4,3.38,9.017,2.026,27.53,8942
Stainless Steel 304,152.4,2.77,9.03,93.994,56.86,433645
PVC,304.8,3.4,11.992,53.898,44.2,125953
Stainless Steel 304,254.0,4.78,12.037,362.185,77.48,1643454
PVC,25.4,3.38,3.011,0.99,13.2,4730
Stainless Steel 316,152.4,6.35,6.002,140.781,58.92,785197
Carbon Steel,203.2,3.96,11.96,233.033,57.55,290302
Stainless Steel 316,25.4,3.38,11.954,22.149,68.6,134777
Copper,203.2,3.96,12.002,267.114,70.86,3217779
Carbon Steel,25.4,3.38,6.028,10.828,29.51,17638
Galvanized Steel,38.1,1.65,9.006,13.22,38.04,26902
Stainless Steel 304,38.1,2.77,2.989,7.322,24.79,37636
PVC,50.8,2.77,9.038,5.323,26.79,16655
Carbon Steel,76.2,5.16,11.969,107.548,52.17,138070
PVC,25.4,3.38,9.04,2.978,30.57,11645
Carbon Steel,203.2,3.96,6.047,119.642,36.26,150148
Carbon Steel,50.8,2.77,12.049,40.085,43.46,55765
Carbon Steel,38.1,3.56,9.003,26.926,38.59,39184
HDPE,38.1,2.77,5.97,1.756,19.82,7513
Stainless Steel 316,152.4,2.77,2.986,31.047,34.64,176315
Copper,50.8,2.77,11.98,44.385,60.02,543634
Carbon Steel,50.8,2.77,6.039,19.847,27.69,27793
Stainless Steel 304,38.1,1.65,6.041,9.166,37.07,47075
Copper,38.1,3.56,5.987,20.654,39.28,254266
Carbon Steel,203.2,7.04,3.017,104.847,32.68,131509
Stainless Steel 304,38.1,2.77,8.983,22.089,55.31,109754
PVC,50.8,2.77,12.032,7.023,36.01,21433
PVC,50.8,1.65,5.989,2.139,18.13,8332
PVC,38.1,2.77,2.959,1.302,11.91,3998
Stainless Steel 304,38.1,1.65,12.028,18.429,54.19,92513
Stainless Steel 316,76.2,3.05,8.981,50.026,60.9,285585
HDPE,76.2,2.11,8.958,4.17,26.46,11836
Copper,50.8,2.77,8.955,33.586,45.12,411812
PVC,38.1,3.56,3.014,1.623,13.02,6853
Stainless Steel 316,38.1,3.56,6.043,18.833,39.13,110606
PVC,101.6,5.74,2.953,7.206,17.54,19643
Carbon Steel,203.2,3.96,3.035,59.756,27.5,76917
HDPE,76.2,2.11,5.973,2.744,20.62,8477
Stainless Steel 316,50.8,1.65,3.003,6.047,22.18,37458
Stainless Steel 304,203.2,7.04,9.007,314.039,72.25,1425540
Stainless Steel 316,152.4,6.35,5.969,138.49,54.59,772191
Carbon Steel,25.4,3.38,8.964,16.645,40.37,27831
Stainless Steel 304,50.8,3.91,6.024,27.647,40.7,131607
Stainless Steel 304,101.6,2.11,9.035,48.039,51.28,225720
Carbon Steel,38.1,2.77,3.05,7.425,19.46,12360
Stainless Steel 304,101.6,3.05,12.037,89.868,68.99,416066
Copper,38.1,3.56,6.025,21.054,37.67,259576
PVC,152.4,6.35,3.014,12.315,22.37,31648
Stainless Steel 304,50.8,2.77,8.992,30.166,49.99,145041
Stainless Steel 316,76.2,2.11,8.972,35.103,53.93,202900
Carbon Steel,76.2,5.16,11.975,107.658,54.58,139412
Stainless Steel 304,25.4,2.77,6.035,9.529,38.39,49934
Galvanized Steel,38.1,2.77,3.021,7.096,19.96,13754
Stainless Steel 316,101.6,5.74,2.956,40.478,37.72,228474
PVC,101.6,2.11,8.959,8.17,31.18,24048
Stainless Steel 304,25.4,1.65,12.047,11.803,59.47,64219
Carbon Steel,38.1,3.56,5.958,18.068,31.23,27421
Stainless Steel 304,25.4,3.38,6.016,11.213,36.56,57434
Stainless Steel 316,25.4,2.77,5.968,9.399,37.2,58161
Carbon Steel,203.2,3.96,3.025,58.938,27.18,75304
Carbon Steel,76.2,5.16,9.0,81.369,48.77,106420
HDPE,38.1,2.77,11.987,3.45,35.23,12382
Copper,25.4,3.38,9.024,18.871,48.79,235011
Carbon Steel,25.4,2.77,2.974,4.62,18.47,9175
HDPE,101.6,5.74,5.953,9.819,25.61,22208
Carbon Steel,25.4,2.77,5.986,9.234,27.2,15662
PVC,76.2,2.11,8.955,5.973,30.17,18258
Carbon Steel,203.2,2.77,6.007,79.893,37.29,103067
Carbon Steel,25.4,2.77,3.035,4.682,15.99,8473
Carbon Steel,203.2,2.77,2.984,41.083,26.02,53526
PVC,101.6,5.74,2.986,7.375,19.93,19718
Carbon Steel,50.8,1.65,11.967,24.034,49.59,37817
Carbon Steel,38.1,1.65,8.98,13.2,33.73,22754
HDPE,254.0,8.56,8.981,56.259,45.77,109385
Carbon Steel,101.6,2.11,3.021,15.706,20.23,21456
HDPE,38.1,2.77,12.033,3.519,37.33,12102
Copper,25.4,3.38,9.006,18.794,49.57,234693
Carbon Steel,50.8,3.91,9.046,39.884,41.26,55489
Carbon Steel,152.4,3.4,3.05,38.403,25.02,50883
Carbon Steel,25.4,3.38,8.969,16.616,34.34,26514
Copper,152.4,2.77,3.026,35.662,30.21,433337
Galvanized Steel,76.2,3.05,8.959,49.295,47.49,82158
Carbon Steel,38.1,2.77,5.973,14.525,29.95,22832
PVC,25.4,1.65,3.034,0.524,10.11,2460
Carbon Steel,38.1,1.65,2.98,4.469,14.16,8207
Carbon Steel,203.2,2.77,3.041,41.127,28.7,54720
Carbon Steel,25.4,3.38,2.994,5.514,18.5,9593
Stainless Steel 316,76.2,3.05,12.046,67.35,76.92,383793
HDPE,152.4,3.4,6.038,9.375,24.08,20878
Copper,203.2,7.04,3.001,113.721,40.98,1371652
Stainless Steel 316,38.1,3.56,12.018,36.579,78.01,215022
Copper,38.1,2.77,9.022,24.847,42.65,306845
Stainless Steel 304,76.2,3.05,3.043,17.259,26.9,82244
Carbon Steel,76.2,2.11,6.029,23.065,27.91,32274
Carbon Steel,101.6,5.74,3.041,41.15,26.57,54692
Stainless Steel 304,152.4,6.35,3.03,71.711,40.16,329164
Carbon Steel,25.4,2.77,3.019,4.72,18.48,9250
Stainless Steel 304,25.4,1.65,12.018,11.724,64.92,62784
PVC,25.4,2.77,8.958,2.492,25.26,9567
HDPE,254.0,3.4,5.975,15.2,28.07,32307
Stainless Steel 304,25.4,2.77,6.001,9.486,34.89,47500
PVC,38.1,1.65,2.966,0.793,9.66,3696
Carbon Steel,25.4,2.77,8.969,13.852,35.05,23277
Stainless Steel 304,76.2,2.11,8.992,35.13,47.21,167022
Stainless Steel 304,101.6,2.11,6.003,31.763,40.36,150242
PVC,50.8,2.77,2.98,1.732,13.07,5868
PVC,101.6,3.05,3.017,4.012,16.55,12723
Carbon Steel,152.4,6.35,11.998,274.56,67.09,341512
Carbon Steel,38.1,1.65,11.98,17.659,47.03,29895
PVC,76.2,5.16,9.012,14.807,30.45,38906
Stainless Steel 304,152.4,6.35,9.017,210.989,65.16,960150
Stainless Steel 304,101.6,2.11,3.027,15.773,23.61,74908
HDPE,50.8,3.91,12.029,6.607,35.24,18108
Copper,38.1,3.56,12.041,41.593,62.48,511329
Carbon Steel,38.1,3.56,2.976,8.868,19.81,14680
HDPE,152.4,2.77,5.96,7.37,24.77,18691
Stainless Steel 316,25.4,2.77,2.979,4.67,25.5,29732
PVC,50.8,1.65,5.968,2.131,18.23,7805
Copper,76.2,2.11,5.964,25.681,34.13,315075
Carbon Steel,254.0,8.56,11.987,630.186,73.88,769018
Carbon Steel,25.4,3.38,11.977,21.789,49.27,34822
PVC,25.4,3.38,9.049,2.952,26.23,11011
Stainless Steel 316,152.4,3.4,12.049,151.385,79.65,847288
Stainless Steel 304,76.2,3.05,6.024,33.156,40.23,155530
PVC,76.2,5.16,5.981,9.61,24.99,26017
PVC,76.2,2.11,2.956,2.047,12.79,7337
Carbon Steel,101.6,3.05,9.041,67.065,40.24,87803
HDPE,25.4,1.65,8.984,1.065,24.85,6488
Carbon Steel,50.8,2.77,3.042,10.115,18.42,15915
Carbon Steel,38.1,2.77,3.025,7.386,18.18,12920
Stainless Steel 304,76.2,2.11,6.026,23.662,36.64,113507
Stainless Steel 304,38.1,3.56,2.995,9.145,24.65,46667
HDPE,25.4,2.77,12.019,2.234,33.8,9826
Carbon Steel,25.4,1.65,6.001,5.721,25.16,11848
Stainless Steel 304,50.8,2.77,8.967,29.945,53.0,144130
Carbon Steel,101.6,2.11,3.019,15.986,20.31,23412
PVC,76.2,2.11,9.028,6.298,28.39,19158
Stainless Steel 304,101.6,5.74,12.028,164.909,74.15,756116
Stainless Steel 304,38.1,1.65,8.972,13.529,44.26,69150
Copper,38.1,2.77,5.991,16.49,34.95,204932
Carbon Steel,25.4,1.65,3.005,2.915,14.85,5269
Stainless Steel 316,254.0,3.4,2.995,63.905,37.35,358541
HDPE,38.1,1.65,2.965,0.536,11.12,3429
Carbon Steel,38.1,3.56,3.047,9.236,17.67,14124
Galvanized Steel,38.1,2.77,11.987,28.177,55.77,51939
Stainless Steel 304,76.2,3.05,3.032,17.119,26.86,81915
Galvanized Steel,101.6,5.74,11.961,160.819,68.14,254133
Carbon Steel,101.6,2.11,8.997,46.693,37.48,63125
Stainless Steel 316,101.6,5.74,2.973,41.115,37.93,232857
HDPE,152.4,3.4,2.993,4.598,17.39,11311
Carbon Steel,25.4,1.65,9.013,8.597,35.72,17082
Stainless Steel 316,76.2,5.16,9.019,82.593,62.2,465406
Carbon Steel,50.8,3.91,12.035,53.627,56.29,74594
PVC,25.4,2.77,6.046,1.654,20.42,6832
Stainless Steel 304,203.2,7.04,11.986,412.426,87.79,1871584
Galvanized Steel,38.1,2.77,12.046,27.926,54.42,51426
Stainless Steel 304,76.2,5.16,3.007,27.711,31.55,129724
Stainless Steel 304,25.4,3.38,11.995,22.258,60.79,111477
Stainless Steel 316,76.2,5.16,2.968,26.938,33.05,153801
PVC,76.2,2.11,5.967,4.085,19.38,12931
Stainless Steel 316,25.4,1.65,9.041,8.918,54.02,58417
Carbon Steel,101.6,3.05,11.984,88.927,53.74,116382
Stainless Steel 316,50.8,3.91,2.997,13.921,29.12,81762
Galvanized Steel,101.6,3.05,9.034,66.159,44.63,106351
Stainless Steel 304,25.4,2.77,5.967,9.404,30.9,48681
Copper,304.8,9.53,12.023,942.321,90.75,11324385
Galvanized Steel,203.2,2.77,6.039,83.139,38.63,132011
PVC,101.6,3.05,12.038,15.82,39.8,41138
Stainless Steel 316,254.0,4.78,2.964,89.482,45.51,499851
Carbon Steel,152.4,3.4,11.998,148.261,58.83,188980
PVC,203.2,7.04,12.036,72.955,43.38,168749
Stainless Steel 304,76.2,3.05,5.983,33.518,40.76,157576
Carbon Steel,76.2,2.11,2.999,11.451,18.62,17653
Carbon Steel,38.1,3.56,9.031,26.952,45.39,41321
Carbon Steel,38.1,3.56,12.032,36.069,48.14,52541
HDPE,25.4,2.77,2.953,0.545,12.48,3037
Stainless Steel 304,25.4,3.38,6.043,11.424,40.94,58573
PVC,101.6,3.05,2.973,3.896,13.89,11168
Galvanized Steel,25.4,3.38,2.958,5.421,21.22,11199
Copper,203.2,3.96,8.975,194.168,56.32,2339847
Carbon Steel,25.4,3.38,2.991,5.485,17.94,8860
Stainless Steel 304,101.6,2.11,5.956,31.043,40.52,146728
Carbon Steel,25.4,3.38,5.983,11.0,34.0,18906
Stainless Steel 316,38.1,2.77,11.971,29.509,68.31,175154
Stainless Steel 304,25.4,3.38,6.011,11.212,34.5,55541
Galvanized Steel,50.8,3.91,12.022,53.358,53.58,90161
Carbon Steel,38.1,1.65,12.004,17.547,50.23,30328
Copper,38.1,2.77,2.964,8.108,20.25,100411
Carbon Steel,152.4,3.4,11.969,149.162,53.18,188566
PVC,101.6,2.11,2.96,2.733,12.39,8387
Stainless Steel 316,38.1,2.77,6.017,14.849,37.84,88414
Copper,38.1,2.77,8.959,24.699,38.16,303804
Carbon Steel,76.2,2.11,9.027,34.619,41.65,47719
Stainless Steel 316,25.4,1.65,9.03,8.841,54.46,58705
Galvanized Steel,203.2,7.04,2.969,100.485,41.4,157550
Carbon Steel,25.4,3.38,2.993,5.583,19.1,9462
HDPE,50.8,3.91,11.984,6.635,39.47,19319
PVC,76.2,5.16,9.005,14.41,32.32,37880
Stainless Steel 304,76.2,3.05,11.96,66.321,67.13,311800
Stainless Steel 304,25.4,3.38,12.039,22.695,66.02,113790
HDPE,25.4,1.65,5.98,0.704,16.25,4107
Stainless Steel 316,76.2,2.11,6.015,23.944,41.43,138568
Carbon Steel,50.8,3.91,2.962,13.512,18.66,19738
Stainless Steel 304,50.8,1.65,12.038,24.643,57.96,121393
Stainless Steel 304,203.2,3.96,6.027,119.528,50.81,546678
PVC,152.4,3.4,5.976,13.638,22.36,34052
Stainless Steel 304,50.8,1.65,9.042,18.675,49.44,93028
Stainless Steel 316,101.6,2.11,8.985,47.077,54.09,268430
Carbon Steel,25.4,2.77,5.961,9.171,26.33,15401
Carbon Steel,76.2,3.05,11.96,66.109,51.35,88391
Carbon Steel,25.4,1.65,9.039,8.594,34.76,15739
Stainless Steel 304,50.8,1.65,5.995,12.197,32.49,60577
Copper,101.6,2.11,5.965,35.339,38.21,431005
Carbon Steel,152.4,6.35,11.967,267.146,57.03,330559
Stainless Steel 304,152.4,6.35,6.043,142.129,50.03,648820
Stainless Steel 304,76.2,5.16,9.047,82.766,62.79,383751
PVC,254.0,8.56,3.011,28.192,27.98,67226
Stainless Steel 304,25.4,1.65,9.027,8.904,49.6,49446
PVC,50.8,1.65,3.034,1.066,10.91,4276
Stainless Steel 304,25.4,3.38,12.04,22.175,64.04,111111
Stainless Steel 316,101.6,5.74,3.034,41.483,38.97,235101
Copper,50.8,2.77,8.958,34.152,47.15,418404
PVC,101.6,5.74,12.044,29.438,38.86,71522
Stainless Steel 304,101.6,5.74,3.022,42.478,33.68,197342
Galvanized Steel,38.1,2.77,12.008,28.786,51.82,53490
Stainless Steel 316,76.2,5.16,6.031,55.601,48.3,314289
Copper,25.4,2.77,8.995,15.674,42.19,195141
Carbon Steel,50.8,3.91,12.018,54.716,51.92,75053
Galvanized Steel,76.2,3.05,2.987,16.607,20.71,28107
Carbon Steel,203.2,7.04,5.987,204.236,48.82,254296
HDPE,254.0,4.78,12.019,42.601,43.52,84368
Carbon Steel,76.2,5.16,9.041,80.921,47.46,106133
HDPE,152.4,2.77,8.966,10.978,31.99,25801
HDPE,25.4,2.77,12.046,2.273,32.61,9527
Stainless Steel 304,152.4,6.35,9.049,208.632,65.42,951242
Stainless Steel 304,50.8,1.65,11.952,24.198,62.2,120261
Carbon Steel,25.4,2.77,8.971,13.771,39.37,24266
PVC,38.1,3.56,3.031,1.634,13.05,5499
Stainless Steel 316,25.4,3.38,3.014,5.579,25.58,35758
Stainless Steel 304,38.1,3.56,2.952,9.086,24.04,44668
Stainless Steel 304,38.1,2.77,5.966,14.842,34.69,73173
Carbon Steel,76.2,2.11,5.993,22.997,28.22,33845
HDPE,38.1,2.77,11.95,3.527,30.35,11473
Carbon Steel,152.4,6.35,5.977,135.637,42.42,170244
Stainless Steel 304,203.2,7.04,12.0,419.97,82.73,1904810
Stainless Steel 304,25.4,1.65,9.043,8.898,48.98,48748
Stainless Steel 316,25.4,1.65,11.989,11.682,61.05,75222
Stainless Steel 316,38.1,2.77,9.047,22.256,54.41,131801
HDPE,38.1,1.65,6.046,1.085,17.48,5470
Carbon Steel,101.6,3.05,11.956,87.964,52.71,115505
PVC,38.1,3.56,6.016,3.236,21.75,11325
Galvanized Steel,203.2,3.96,6.009,116.874,40.32,182849
PVC,101.6,5.74,12.05,29.952,39.23,73140
Copper,304.8,3.4,6.04,174.104,53.43,2099053
HDPE,25.4,1.65,2.989,0.347,10.61,2779
Stainless Steel 316,76.2,2.11,9.036,35.846,52.74,206405
Carbon Steel,25.4,2.77,6.022,9.339,26.4,16324
PVC,50.8,1.65,3.023,1.078,11.87,3875
Stainless Steel 304,101.6,5.74,9.044,126.769,60.61,581343
Carbon Steel,101.6,3.05,5.99,44.471,33.31,59399
Carbon Steel,50.8,2.77,9.038,29.675,40.72,42880
Stainless Steel 304,203.2,2.77,12.012,169.783,77.66,778037
Carbon Steel,152.4,3.4,8.953,112.055,42.35,141690
Carbon Steel,50.8,3.91,12.024,55.008,53.85,75447
Stainless Steel 316,203.2,3.96,9.02,179.627,69.81,1000473
PVC,38.1,2.77,6.037,2.569,19.1,9635
Carbon Steel,38.1,2.77,6.04,14.723,29.02,22715
Stainless Steel 304,254.0,8.56,8.955,474.389,80.12,2148091
Carbon Steel,50.8,1.65,11.971,23.823,47.03,37136
Copper,101.6,2.11,3.024,17.738,24.73,217775
Stainless Steel 304,25.4,3.38,3.024,5.591,23.59,30223
Carbon Steel,25.4,2.77,3.038,4.662,18.06,10111
PVC,101.6,3.05,5.978,8.129,23.02,21831
Stainless Steel 304,76.2,3.05,2.985,16.687,27.55,80347
HDPE,50.8,2.77,3.039,1.206,13.69,5013
Carbon Steel,101.6,3.05,12.024,88.887,52.37,116158
Carbon Steel,76.2,3.05,2.956,16.294,22.5,23190
Carbon Steel,25.4,1.65,11.997,11.714,44.88,22138
Stainless Steel 304,76.2,2.11,9.04,35.743,53.1,169387
Stainless Steel 316,38.1,3.56,6.004,18.637,39.55,109586
Stainless Steel 316,50.8,1.65,6.026,12.356,36.7,74218
Galvanized Steel,25.4,3.38,5.99,11.018,29.74,21429
Stainless Steel 304,101.6,3.05,2.992,22.864,29.01,108253
HDPE,25.4,1.65,6.013,0.709,20.49,5217
PVC,38.1,1.65,12.022,3.158,33.88,12823
Carbon Steel,50.8,3.91,11.955,53.812,50.45,74433
Carbon Steel,101.6,2.11,6.006,30.888,32.35,42587
Carbon Steel,76.2,2.11,6.032,23.278,28.7,33646
Stainless Steel 304,25.4,1.65,12.024,11.751,67.15,64901
PVC,76.2,3.05,9.002,8.841,28.33,25384
Galvanized Steel,76.2,2.11,8.959,34.069,43.19,58886
Stainless Steel 304,50.8,3.91,8.987,40.973,56.63,195351
Stainless Steel 304,38.1,3.56,11.978,37.155,65.03,178609
HDPE,203.2,2.77,5.983,9.983,26.02,22164
PVC,25.4,1.65,8.977,1.567,24.92,8258
Copper,38.1,3.56,6.002,20.653,39.89,255493
HDPE,76.2,5.16,2.994,3.227,17.68,9673
Carbon Steel,76.2,3.05,2.969,16.104,19.96,23476
PVC,50.8,1.65,6.027,2.158,18.55,8355
Stainless Steel 316,50.8,2.77,12.043,39.536,62.33,228354
Carbon Steel,101.6,2.11,2.957,15.227,17.71,21766
Galvanized Steel,50.8,1.65,12.014,23.965,56.25,45707
Stainless Steel 316,152.4,3.4,8.976,115.432,64.53,647661
PVC,25.4,1.65,2.978,0.517,11.15,3216
HDPE,38.1,1.65,2.987,0.536,11.29,3541
Carbon Steel,38.1,3.56,5.954,18.081,30.66,27779
Stainless Steel 316,76.2,5.16,9.012,83.134,66.44,469368
Stainless Steel 304,38.1,2.77,6.047,14.772,35.91,72540
PVC,50.8,3.91,2.999,2.416,13.96,7480
Carbon Steel,76.2,3.05,2.953,16.201,19.95,22788
HDPE,25.4,1.65,9.023,1.06,25.46,6205
Carbon Steel,50.8,2.77,9.019,29.024,39.44,42105
Copper,76.2,3.05,8.952,56.965,51.79,693318
Copper,152.4,6.35,9.024,234.945,60.7,2829622
Carbon Steel,101.6,3.05,8.961,66.119,40.9,86455
Carbon Steel,101.6,5.74,8.993,120.958,48.16,153685
Stainless Steel 316,76.2,5.16,3.045,28.018,35.91,159867
HDPE,38.1,1.65,12.049,2.172,34.01,9178
Stainless Steel 304,76.2,5.16,9.036,81.476,54.52,376394
Stainless Steel 304,38.1,1.65,11.988,17.505,63.64,89935
Carbon Steel,50.8,2.77,8.961,29.681,39.39,43415
Carbon Steel,50.8,3.91,8.975,40.108,40.78,54378
Stainless Steel 316,203.2,2.77,5.992,82.592,55.56,465345
PVC,38.1,1.65,5.97,1.541,17.71,6673
PVC,25.4,2.77,8.998,2.49,25.3,10854
Carbon Steel,76.2,2.11,3.044,11.557,18.15,17233
Carbon Steel,76.2,3.05,3.008,16.615,18.61,23635
Carbon Steel,38.1,1.65,2.954,4.448,14.76,8098
Carbon Steel,25.4,3.38,8.971,16.311,34.65,25059
Stainless Steel 304,38.1,2.77,12.038,29.227,68.18,144083
Galvanized Steel,101.6,3.05,2.969,21.667,23.28,37302
Stainless Steel 316,25.4,2.77,8.97,14.234,56.66,88949
Stainless Steel 316,38.1,2.77,9.037,21.69,57.08,129949
Carbon Steel,25.4,3.38,3.004,5.501,18.69,9676
HDPE,25.4,3.38,11.965,2.731,36.71,11459
PVC,101.6,5.74,6.044,14.521,27.81,37251
Stainless Steel 316,25.4,1.65,3.01,2.972,20.74,19812
PVC,254.0,4.78,9.011,46.225,37.02,108612
HDPE,203.2,2.77,3.043,5.0,18.99,12210
HDPE,101.6,2.11,6.026,3.742,20.1,10520
Stainless Steel 304,76.2,3.05,12.006,68.166,68.86,318437
Stainless Steel 316,76.2,2.11,6.048,23.741,40.64,137953
PVC,50.8,3.91,8.992,7.349,29.08,21684
Carbon Steel,25.4,2.77,12.038,18.405,51.76,31451
HDPE,50.8,1.65,5.96,1.47,19.15,5242
Carbon Steel,25.4,3.38,6.009,11.246,31.32,19041
Carbon Steel,50.8,3.91,6.047,27.238,29.31,38272
Stainless Steel 304,38.1,1.65,12.048,18.246,58.32,92324
Stainless Steel 304,50.8,3.91,5.959,27.308,37.77,129255
Carbon Steel,38.1,3.56,8.952,27.157,40.69,39846
HDPE,25.4,1.65,5.95,0.687,17.24,4626
Stainless Steel 304,50.8,2.77,9.043,29.766,51.18,143411
Copper,50.8,3.91,3.043,15.751,25.04,192865
Galvanized Steel,76.2,2.11,2.956,11.362,21.09,20685
HDPE,25.4,1.65,9.004,1.044,24.83,5837
Galvanized Steel,50.8,1.65,6.016,12.015,28.97,22981
Carbon Steel,25.4,2.77,9.016,14.002,42.94,24745
Carbon Steel,25.4,1.65,3.035,2.902,14.86,5770
Stainless Steel 316,50.8,1.65,5.99,12.003,36.47,72223
Stainless Steel 304,101.6,5.74,2.969,41.318,34.1,190976
Carbon Steel,76.2,5.16,11.996,109.699,60.55,142372
Stainless Steel 316,101.6,2.11,6.036,31.612,41.47,182218
PVC,38.1,3.56,6.045,3.288,22.26,11033
HDPE,76.2,5.16,2.992,3.251,15.71,8057
Stainless Steel 304,25.4,3.38,6.016,11.382,38.47,57074
Copper,25.4,3.38,5.997,12.585,35.78,157124
Carbon Steel,203.2,7.04,6.027,205.454,49.1,255861
Carbon Steel,38.1,2.77,9.037,21.937,40.9,33101
Carbon Steel,203.2,3.96,3.02,58.761,31.1,75949
Carbon Steel,50.8,1.65,6.042,12.287,27.64,19375
Stainless Steel 316,38.1,2.77,9.024,22.157,54.94,131875
Stainless Steel 304,50.8,1.65,3.015,6.163,20.91,30072
Carbon Steel,76.2,5.16,12.037,108.925,53.77,140121
Carbon Steel,50.8,3.91,8.984,40.404,44.44,55956
Stainless Steel 316,50.8,1.65,2.977,6.02,23.92,37796
Stainless Steel 316,76.2,3.05,5.951,33.425,42.08,191071
Stainless Steel 304,38.1,1.65,3.028,4.58,20.82,24176
Carbon Steel,152.4,2.77,5.974,61.59,34.4,80108
Galvanized Steel,50.8,3.91,5.98,26.912,35.75,47434
Copper,101.6,2.11,12.01,70.994,62.17,863769
Copper,152.4,3.4,11.99,171.245,65.9,2067235
HDPE,50.8,1.65,9.037,2.161,23.75,8415
Stainless Steel 316,76.2,3.05,12.015,67.974,70.46,386462
PVC,38.1,2.77,5.961,2.564,19.21,8744
HDPE,101.6,5.74,9.048,15.023,34.31,33144
Carbon Steel,38.1,1.65,3.012,4.426,16.35,8008
PVC,50.8,3.91,6.028,4.856,22.78,14602
PVC,76.2,3.05,2.968,2.889,14.84,8680
Carbon Steel,101.6,5.74,5.989,80.481,36.42,103321
Carbon Steel,25.4,3.38,11.994,21.619,52.15,35244
Carbon Steel,203.2,3.96,6.015,118.182,38.09,148333
Stainless Steel 316,25.4,1.65,2.977,2.919,21.17,19394
Stainless Steel 304,50.8,3.91,2.963,13.456,27.5,65658
Galvanized Steel,152.4,2.77,12.003,124.416,64.16,197717
Stainless Steel 304,25.4,3.38,8.951,16.836,50.46,84850
HDPE,203.2,7.04,3.005,12.272,26.02,26613
HDPE,25.4,2.77,11.963,2.228,31.94,9913
Galvanized Steel,101.6,2.11,8.974,46.081,45.48,76457
Carbon Steel,25.4,2.77,8.983,13.955,37.1,23659
Stainless Steel 316,101.6,3.05,6.04,45.385,47.34,257752
HDPE,25.4,3.38,2.998,0.657,14.07,4092
Stainless Steel 304,38.1,2.77,12.045,29.61,62.49,145068
Stainless Steel 316,38.1,3.56,9.043,28.226,56.29,165036
Carbon Steel,50.8,2.77,3.02,9.984,20.19,16133
Carbon Steel,76.2,2.11,2.961,11.366,17.5,15929
HDPE,76.2,5.16,2.994,3.268,15.59,9936
Stainless Steel 304,203.2,2.77,3.04,42.595,33.96,198493
Stainless Steel 304,152.4,6.35,6.018,139.561,54.14,637920
PVC,50.8,1.65,6.029,2.125,19.31,7652
Stainless Steel 316,25.4,3.38,11.992,22.353,71.58,136116
Galvanized Steel,50.8,2.77,2.975,9.618,20.33,17632
Galvanized Steel,101.6,5.74,5.999,79.667,44.25,127636
Stainless Steel 316,203.2,3.96,9.027,176.81,70.23,984943
Galvanized Steel,76.2,3.05,3.048,16.859,22.19,28583
PVC,38.1,1.65,9.039,2.346,27.05,10591
PVC,254.0,8.56,3.015,28.156,28.07,66912
Carbon Steel,50.8,1.65,6.046,12.034,27.25,19695
Carbon Steel,76.2,5.16,2.986,27.269,22.93,37071
Stainless Steel 304,25.4,2.77,3.043,4.799,21.83,25552
Stainless Steel 304,38.1,3.56,5.965,18.633,39.71,91850
Stainless Steel 304,25.4,2.77,11.994,19.095,59.59,97000
Stainless Steel 316,50.8,1.65,12.013,24.318,69.91,146226
Stainless Steel 316,25.4,3.38,8.96,16.816,57.54,102644
Copper,101.6,2.11,9.008,53.603,46.33,650985
Stainless Steel 316,25.4,1.65,11.969,11.712,58.09,75404
Stainless Steel 316,38.1,3.56,11.964,36.65,63.69,212808
Stainless Steel 304,38.1,3.56,5.999,18.312,41.11,89438
Stainless Steel 304,38.1,2.77,5.99,14.675,35.78,72002
PVC,203.2,3.96,5.969,20.898,26.61,51623
Carbon Steel,76.2,3.05,9.018,50.02,44.19,68467
Copper,38.1,1.65,9.001,15.166,40.96,189353
Stainless Steel 304,38.1,1.65,6.031,9.17,33.54,46621
Carbon Steel,25.4,2.77,3.04,4.726,18.68,8682
PVC,76.2,3.05,6.014,5.836,23.94,16878
Carbon Steel,38.1,2.77,5.964,14.15,28.59,21118
Copper,76.2,3.05,12.038,74.911,66.18,911508
Stainless Steel 304,76.2,3.05,2.974,16.132,28.5,77641
PVC,25.4,1.65,12.022,2.062,31.82,9556
Stainless Steel 304,50.8,2.77,12.0,40.467,66.0,194783
HDPE,38.1,3.56,12.032,4.397,37.76,14981
Stainless Steel 304,254.0,4.78,5.981,180.779,60.16,824756
Carbon Steel,25.4,1.65,11.966,11.534,48.25,22920
HDPE,25.4,3.38,3.044,0.68,13.55,3920
Stainless Steel 316,50.8,3.91,5.985,27.607,41.15,160513
Carbon Steel,203.2,2.77,2.963,40.794,26.36,53372
Stainless Steel 304,38.1,1.65,11.985,18.227,68.01,93837
Copper,38.1,1.65,12.036,20.131,57.39,251629
PVC,50.8,2.77,5.979,3.483,20.53,11508
Stainless Steel 304,50.8,1.65,12.03,24.722,64.37,122620
Carbon Steel,254.0,3.4,8.979,187.712,50.71,234085
Stainless Steel 316,50.8,1.65,6.048,12.179,37.35,74438
Stainless Steel 316,25.4,3.38,9.02,16.73,51.16,101633
Carbon Steel,38.1,3.56,5.961,17.944,28.4,25435
Copper,152.4,6.35,3.016,78.413,37.88,947127
Carbon Steel,50.8,1.65,12.019,23.919,50.12,37705
Carbon Steel,25.4,2.77,2.964,4.631,17.62,7420
Carbon Steel,25.4,3.38,9.009,16.585,39.1,27514
Stainless Steel 316,38.1,3.56,12.047,38.016,75.56,222337
Carbon Steel,101.6,5.74,11.995,164.284,57.49,207985
Stainless Steel 304,50.8,2.77,6.02,19.865,35.45,95849
Carbon Steel,25.4,1.65,11.996,11.69,46.37,22778
Stainless Steel 316,50.8,2.77,5.959,19.873,41.08,117115
Stainless Steel 304,101.6,2.11,11.996,63.168,58.75,294290
Stainless Steel 304,101.6,5.74,9.044,124.909,62.48,573810
Carbon Steel,101.6,5.74,9.029,121.188,45.21,153347
Carbon Steel,152.4,6.35,5.969,136.573,40.44,171299
Stainless Steel 304,50.8,1.65,5.986,12.147,36.21,60481
Stainless Steel 316,25.4,3.38,6.032,11.276,41.09,68742
Stainless Steel 304,25.4,2.77,2.992,4.664,21.64,25111
Carbon Steel,50.8,1.65,11.985,23.808,50.97,38321
Carbon Steel,38.1,2.77,5.971,14.209,28.63,22836
Stainless Steel 316,76.2,3.05,9.006,50.01,61.99,285930
PVC,50.8,1.65,2.953,1.06,11.57,4363
Stainless Steel 316,50.8,3.91,8.999,41.255,61.58,238920
Stainless Steel 304,38.1,1.65,2.96,4.505,19.8,23981
Copper,50.8,3.91,2.956,15.156,25.19,186009
PVC,203.2,7.04,9.032,55.073,38.21,128714
Copper,76.2,2.11,9.01,39.837,46.77,486699
Stainless Steel 304,25.4,1.65,3.01,2.972,21.03,18054
Stainless Steel 304,38.1,1.65,6.018,9.088,35.66,47693
Copper,76.2,3.05,9.024,57.332,46.54,695983
Carbon Steel,152.4,2.77,5.997,61.296,35.91,79650
Carbon Steel,25.4,3.38,11.984,21.965,53.03,36152
Stainless Steel 304,38.1,2.77,11.952,29.462,62.85,143792
HDPE,76.2,3.05,9.044,6.045,30.36,15806
Galvanized Steel,254.0,8.56,9.005,461.72,67.65,703466
Copper,304.8,4.78,6.04,245.41,53.28,2953991
Carbon Steel,203.2,2.77,5.959,80.26,33.99,102356
Carbon Steel,203.2,2.77,11.98,163.315,60.66,206350
Carbon Steel,152.4,2.77,5.958,59.928,32.61,77134
Stainless Steel 304,25.4,1.65,5.997,5.858,34.55,32328
Stainless Steel 316,25.4,3.38,9.048,16.715,57.72,103164
Stainless Steel 316,25.4,1.65,2.956,2.899,21.96,19864
PVC,50.8,1.65,3.048,1.074,11.48,4071
Carbon Steel,254.0,3.4,5.992,124.625,38.42,156746
Carbon Steel,76.2,5.16,11.958,108.416,57.88,140633
Galvanized Steel,50.8,3.91,6.01,27.16,34.6,46383
Stainless Steel 304,50.8,1.65,11.955,24.394,61.25,120577
Carbon Steel,38.1,2.77,8.987,21.35,41.45,32923
Galvanized Steel,25.4,3.38,6.005,11.114,30.08,22243
PVC,25.4,3.38,3.006,0.992,11.09,3631
Stainless Steel 304,38.1,1.65,12.017,18.009,61.96,92366
Carbon Steel,101.6,5.74,12.039,164.229,60.91,207723
PVC,25.4,3.38,11.959,3.956,37.33,15064
Stainless Steel 304,25.4,3.38,9.015,16.643,57.89,85135
Galvanized Steel,101.6,5.74,12.009,160.17,67.97,253359
Stainless Steel 304,152.4,3.4,2.954,37.289,32.17,173770
Stainless Steel 304,152.4,2.77,11.954,124.467,76.46,573427
PVC,38.1,1.65,2.963,0.787,10.82,3475
Stainless Steel 316,38.1,1.65,8.996,13.46,54.95,83616
Carbon Steel,152.4,2.77,6.039,61.141,37.01,79307
HDPE,50.8,1.65,3.004,0.728,11.4,3905
Carbon Steel,254.0,8.56,11.968,630.905,70.22,769849
PVC,152.4,6.35,3.043,12.386,21.03,31695
Stainless Steel 304,152.4,3.4,6.032,77.628,47.27,357312
HDPE,25.4,2.77,11.981,2.233,35.62,10271
Stainless Steel 304,101.6,5.74,11.981,164.672,77.1,755312
Stainless Steel 316,76.2,5.16,12.024,111.95,72.35,628513
Carbon Steel,25.4,2.77,9.005,14.062,40.43,25004
Carbon Steel,25.4,3.38,12.04,22.38,50.92,35700
PVC,76.2,5.16,8.974,14.376,29.51,36630
Carbon Steel,38.1,3.56,5.973,18.201,28.66,27733
PVC,38.1,1.65,2.968,0.79,11.39,4143
Carbon Steel,50.8,2.77,5.965,19.729,31.95,29198
Carbon Steel,152.4,3.4,3.025,38.113,25.33,50189
HDPE,101.6,2.11,11.988,7.282,34.83,19076
Galvanized Steel,25.4,3.38,2.951,5.395,19.81,10789
HDPE,101.6,2.11,6.016,3.743,19.24,10150
Carbon Steel,25.4,1.65,12.02,11.53,48.87,22368
Galvanized Steel,76.2,3.05,12.037,66.431,61.41,110518
Carbon Steel,25.4,3.38,9.042,16.55,39.31,27092
Carbon Steel,50.8,1.65,5.95,11.579,26.76,19613
Carbon Steel,50.8,2.77,8.996,29.597,37.15,41478
Stainless Steel 316,76.2,5.16,6.038,56.406,46.1,318626
PVC,25.4,2.77,2.969,0.81,11.83,3857
Carbon Steel,76.2,3.05,12.043,66.635,52.89,89985
Galvanized Steel,76.2,3.05,11.976,64.701,54.12,106478
PVC,101.6,5.74,11.997,28.966,38.79,71016
Carbon Steel,38.1,2.77,5.993,14.526,29.17,23014
Carbon Steel,25.4,3.38,3.0,5.447,19.63,10061
Carbon Steel,25.4,3.38,6.01,10.935,28.47,17282
Carbon Steel,76.2,3.05,5.993,32.511,29.87,43835
Stainless Steel 304,25.4,2.77,3.05,4.738,24.04,25389
PVC,76.2,2.11,3.017,2.107,13.38,7666
HDPE,25.4,3.38,2.957,0.65,13.6,3971
Stainless Steel 304,50.8,1.65,9.007,18.084,48.5,89027
Carbon Steel,25.4,1.65,11.991,11.521,47.55,22267
HDPE,50.8,3.91,6.011,3.332,20.54,8527
HDPE,38.1,2.77,2.979,0.866,11.91,3647
HDPE,38.1,3.56,2.995,1.098,12.73,3522
Stainless Steel 304,101.6,3.05,3.028,22.82,30.0,107955
PVC,50.8,3.91,11.994,9.756,34.82,26555
Stainless Steel 316,101.6,5.74,2.983,41.29,37.5,234710
Copper,38.1,1.65,9.015,15.188,45.28,191012
Stainless Steel 304,76.2,2.11,2.999,11.884,24.27,58448
Stainless Steel 316,25.4,1.65,8.981,8.893,49.11,57847
Stainless Steel 316,25.4,1.65,5.995,5.878,36.18,39248
Copper,76.2,3.05,3.047,18.88,25.13,231212
Stainless Steel 304,38.1,2.77,2.96,7.274,23.78,37707
Carbon Steel,254.0,8.56,11.955,617.819,71.74,754512
Carbon Steel,25.4,2.77,12.022,18.751,51.09,31648
Stainless Steel 304,25.4,2.77,11.99,19.109,57.93,97297
Copper,101.6,5.74,9.047,140.384,58.49,1695481
Stainless Steel 316,50.8,2.77,12.018,40.003,66.99,232075
PVC,25.4,1.65,6.039,1.035,17.88,5633
Copper,38.1,3.56,11.962,41.473,64.47,509207
HDPE,38.1,3.56,9.035,3.343,28.95,10935
Stainless Steel 304,50.8,2.77,8.978,29.529,50.1,142600
Stainless Steel 316,76.2,2.11,6.012,23.825,38.8,137687
Galvanized Steel,304.8,9.53,11.969,825.745,82.2,1253959
Carbon Steel,38.1,3.56,5.959,18.307,28.44,26888
Stainless Steel 316,25.4,2.77,5.984,9.659,37.62,59355
Carbon Steel,25.4,2.77,2.994,4.541,17.38,9188
HDPE,152.4,6.35,8.983,24.814,38.63,51826
HDPE,50.8,1.65,2.979,0.729,12.08,4366
Copper,152.4,3.4,12.014,173.461,67.0,2093484
Stainless Steel 304,50.8,1.65,3.005,6.24,20.84,33285
Copper,152.4,2.77,8.966,105.416,53.76,1274888
HDPE,25.4,3.38,9.019,1.99,28.17,8446
Carbon Steel,38.1,2.77,11.966,28.94,52.83,44823
Carbon Steel,50.8,1.65,8.95,17.762,34.48,27489
Stainless Steel 316,76.2,5.16,2.993,27.784,34.13,159901
Stainless Steel 304,38.1,2.77,12.027,29.369,65.67,145127
Carbon Steel,152.4,3.4,11.988,150.211,59.43,191655
Galvanized Steel,25.4,3.38,5.996,10.903,33.46,21760
Stainless Steel 304,50.8,3.91,8.971,41.126,50.77,193641
Stainless Steel 304,50.8,1.65,8.959,18.491,45.83,90944
Galvanized Steel,50.8,2.77,5.99,19.36,31.88,35331
Stainless Steel 304,152.4,6.35,6.045,142.314,52.76,650005
Stainless Steel 304,152.4,2.77,3.014,31.195,27.55,145822
Stainless Steel 316,25.4,2.77,6.01,9.585,34.99,58785
PVC,50.8,2.77,6.003,3.439,20.15,10959
Stainless Steel 304,152.4,6.35,12.038,281.121,78.42,1279022
Copper,25.4,1.65,5.991,6.602,31.45,85485
Stainless Steel 316,50.8,2.77,11.96,39.274,68.19,228318
Carbon Steel,76.2,2.11,3.023,11.847,16.46,16772
PVC,38.1,1.65,2.979,0.778,11.35,4316
Carbon Steel,25.4,2.77,5.974,9.077,28.62,16687
Carbon Steel,25.4,1.65,5.998,5.855,25.82,12281
Copper,50.8,1.65,6.008,13.731,33.89,171044
Stainless Steel 304,50.8,1.65,11.963,24.444,62.52,120538
Copper,25.4,3.38,12.025,25.374,64.26,316040
Copper,76.2,5.16,5.996,62.306,40.0,755622
Stainless Steel 316,101.6,5.74,3.001,41.941,36.54,237588
HDPE,101.6,2.11,2.986,1.868,13.5,6475
HDPE,76.2,5.16,6.027,6.532,25.0,16117
Carbon Steel,152.4,6.35,6.045,137.637,42.98,172307
Stainless Steel 304,25.4,1.65,12.031,11.965,58.58,65245
Stainless Steel 316,203.2,7.04,2.961,102.442,49.88,572682
Carbon Steel,25.4,1.65,12.01,11.755,46.18,22024
HDPE,76.2,3.05,12.039,7.925,38.31,20741
Carbon Steel,50.8,1.65,6.016,12.151,26.36,20303
Copper,101.6,2.11,11.951,69.043,59.97,840351
Copper,25.4,2.77,8.964,16.065,47.28,201050
PVC,25.4,2.77,5.976,1.64,19.54,6584
Carbon Steel,152.4,3.4,3.016,37.483,24.61,49682
PVC,101.6,2.11,12.027,11.228,33.29,30277
Carbon Steel,38.1,3.56,8.98,27.269,40.05,39780
Stainless Steel 316,76.2,2.11,11.95,46.269,69.45,266883
Stainless Steel 316,101.6,5.74,9.026,126.603,66.03,707802
Carbon Steel,152.4,2.77,12.012,123.927,57.14,158670
PVC,50.8,1.65,8.973,3.184,25.62,12481
Stainless Steel 316,76.2,3.05,3.013,16.9,28.62,98687
Stainless Steel 316,152.4,2.77,3.01,30.562,31.88,174702
Copper,76.2,3.05,6.048,37.522,36.68,455920
Carbon Steel,101.6,2.11,2.961,15.435,20.2,22636
Carbon Steel,76.2,2.11,8.984,34.287,39.22,48863
Carbon Steel,76.2,3.05,8.965,50.201,43.03,67466
Galvanized Steel,50.8,1.65,11.985,24.159,48.87,45816
Galvanized Steel,25.4,3.38,5.986,10.636,32.38,22489
Copper,152.4,3.4,5.951,84.475,43.05,1021020
Carbon Steel,25.4,2.77,6.017,9.317,25.93,15771
Carbon Steel,38.1,2.77,9.018,21.678,40.07,32957
Carbon Steel,203.2,2.77,11.959,161.563,62.04,206220
Stainless Steel 316,254.0,4.78,5.986,181.302,56.04,1007578
Stainless Steel 304,50.8,1.65,11.981,25.002,65.63,124930
HDPE,76.2,2.11,11.981,5.587,35.23,16797
Stainless Steel 304,25.4,2.77,5.97,9.343,33.69,48836
Carbon Steel,76.2,2.11,2.982,11.59,18.35,17244
HDPE,101.6,5.74,11.998,19.659,41.6,42704
HDPE,25.4,3.38,3.045,0.682,12.5,3320
PVC,76.2,5.16,5.957,9.462,23.49,24688
Carbon Steel,254.0,3.4,3.034,64.055,30.1,82659
Stainless Steel 316,76.2,3.05,5.976,33.378,42.96,190954
Carbon Steel,203.2,3.96,9.012,171.891,44.54,215115
Carbon Steel,50.8,2.77,3.001,9.823,19.04,15311
Copper,152.4,3.4,5.978,83.738,43.99,1012779
Carbon Steel,101.6,2.11,3.046,15.673,20.52,23110
Carbon Steel,76.2,5.16,3.025,26.953,22.42,36066
Carbon Steel,38.1,3.56,5.986,18.301,30.98,27907
Carbon Steel,25.4,1.65,12.028,11.546,45.73,22331
Stainless Steel 304,203.2,7.04,9.033,310.062,79.2,1409740
Carbon Steel,101.6,5.74,9.019,120.5,47.66,153760
Carbon Steel,25.4,3.38,3.013,5.527,17.1,9439
Carbon Steel,25.4,3.38,9.04,16.526,38.24,26747
Stainless Steel 316,25.4,2.77,9.049,14.174,49.72,85831
PVC,101.6,5.74,8.958,21.759,34.05,53904
Galvanized Steel,38.1,3.56,3.001,9.315,23.7,18469
Stainless Steel 316,25.4,2.77,11.97,18.985,64.01,117247
Stainless Steel 304,50.8,1.65,2.972,6.01,22.11,30624
Stainless Steel 304,152.4,6.35,3.036,70.092,40.16,322022
Carbon Steel,76.2,5.16,2.995,27.241,24.13,36740
Carbon Steel,38.1,3.56,9.028,27.724,39.62,40045
Stainless Steel 316,50.8,3.91,9.045,41.494,60.5,239226
Carbon Steel,50.8,1.65,9.018,18.162,38.9,28703
PVC,101.6,3.05,2.991,3.942,16.53,12058
Carbon Steel,76.2,5.16,6.022,55.021,34.99,71659
HDPE,101.6,2.11,2.955,1.855,13.79,4810
Stainless Steel 316,101.6,2.11,3.002,15.631,27.23,91377
Carbon Steel,50.8,2.77,9.013,30.216,36.13,42692
PVC,76.2,2.11,11.974,8.192,33.18,24098
Copper,152.4,6.35,9.003,235.811,63.85,2840827
Stainless Steel 304,25.4,3.38,12.02,22.425,65.1,112840
Carbon Steel,38.1,3.56,5.999,18.399,31.43,28061
Carbon Steel,76.2,3.05,6.023,33.471,30.66,45866
PVC,38.1,2.77,9.013,3.908,25.58,13344
Stainless Steel 304,76.2,5.16,9.039,83.339,62.42,386854
Galvanized Steel,203.2,3.96,5.981,114.783,46.15,181242
Carbon Steel,38.1,3.56,12.008,36.58,54.02,53806
Stainless Steel 316,25.4,3.38,12.02,22.578,73.19,138002
Carbon Steel,50.8,3.91,6.017,27.551,33.0,38411
Stainless Steel 304,101.6,5.74,8.98,124.11,62.63,569676
Carbon Steel,101.6,5.74,6.002,81.473,40.28,105609
PVC,76.2,5.16,3.027,4.872,18.47,14132
Carbon Steel,152.4,3.4,3.027,37.607,26.11,49125
Stainless Steel 316,38.1,3.56,9.048,28.18,53.3,164708
Stainless Steel 316,76.2,2.11,12.037,46.657,72.75,269513
Stainless Steel 304,76.2,5.16,5.977,55.179,42.94,255275
Copper,76.2,2.11,5.975,25.801,36.61,316095
Galvanized Steel,38.1,2.77,6.029,14.628,33.22,27626
Carbon Steel,25.4,2.77,9.017,13.758,37.84,22322
Stainless Steel 304,203.2,3.96,12.013,236.008,81.75,1077088
Carbon Steel,38.1,3.56,3.047,9.197,19.2,14531
PVC,76.2,3.05,12.038,11.778,33.77,31562
PVC,50.8,3.91,2.977,2.394,14.14,6822
PVC,101.6,3.05,8.957,11.913,32.48,31471
Carbon Steel,25.4,1.65,11.971,11.641,45.6,21879
Stainless Steel 316,203.2,3.96,2.977,59.277,39.86,333699
Stainless Steel 304,76.2,3.05,5.972,33.519,41.88,158204
Stainless Steel 316,25.4,1.65,11.961,11.689,63.32,76166
Copper,50.8,1.65,12.002,27.201,57.29,337610
Stainless Steel 304,50.8,1.65,9.01,18.667,46.99,92718
Carbon Steel,25.4,1.65,5.985,5.755,26.96,11999
Carbon Steel,25.4,2.77,11.974,18.561,47.56,30433
Carbon Steel,101.6,5.74,2.967,39.714,27.47,52804
PVC,38.1,1.65,3.012,0.786,11.25,3609
HDPE,25.4,2.77,12.033,2.274,31.75,9863
HDPE,203.2,3.96,9.024,21.393,36.95,45754
Stainless Steel 316,76.2,3.05,3.014,16.641,28.68,96230
Carbon Steel,152.4,3.4,12.044,152.775,53.03,193315
Stainless Steel 316,50.8,1.65,3.048,6.196,23.11,38591
Carbon Steel,101.6,2.11,9.023,47.502,40.28,64256
Carbon Steel,254.0,8.56,9.048,474.446,59.86,579831
Carbon Steel,38.1,3.56,5.977,18.352,30.42,27018
Copper,38.1,2.77,12.037,32.732,60.26,403804
Stainless Steel 304,203.2,2.77,9.029,125.03,53.11,572619
Copper,25.4,1.65,9.04,9.839,44.4,125622
Stainless Steel 304,203.2,2.77,9.038,125.602,60.44,576012
Stainless Steel 304,76.2,3.05,12.038,67.962,67.3,318085
Carbon Steel,25.4,2.77,5.964,9.392,27.8,16522
Stainless Steel 304,101.6,3.05,2.981,22.929,26.44,107726
Stainless Steel 304,25.4,1.65,11.961,11.769,59.4,63127
Galvanized Steel,38.1,1.65,2.953,4.367,18.15,10421
Copper,25.4,2.77,3.039,5.328,21.67,68000
Carbon Steel,25.4,3.38,9.021,16.675,38.1,26604
Carbon Steel,152.4,6.35,3.011,69.38,31.94,89650
Stainless Steel 304,50.8,1.65,6.004,12.396,34.81,61661
PVC,50.8,3.91,9.035,7.345,29.53,20943
Stainless Steel 304,25.4,1.65,3.009,2.949,19.35,16371
Carbon Steel,25.4,2.77,11.988,18.702,49.43,30510
HDPE,50.8,1.65,6.04,1.466,16.91,5615
PVC,25.4,2.77,9.042,2.464,27.27,9220
Carbon Steel,25.4,1.65,12.006,11.442,45.1,21541
Carbon Steel,203.2,7.04,3.042,102.598,33.01,128783
Stainless Steel 304,101.6,2.11,11.98,62.164,62.58,291188
Stainless Steel 304,38.1,2.77,12.03,29.29,67.11,143319
Carbon Steel,76.2,2.11,8.971,34.49,40.1,48242
Carbon Steel,203.2,2.77,11.966,160.182,52.79,202021
PVC,25.4,1.65,2.974,0.511,10.34,3313
Stainless Steel 316,50.8,3.91,2.979,13.489,28.21,79211
Copper,38.1,2.77,12.031,33.396,55.75,410825
Copper,254.0,3.4,12.047,292.013,79.57,3517466
Stainless Steel 316,38.1,1.65,9.035,13.43,51.5,83466
PVC,50.8,2.77,8.976,5.255,29.21,17128
Stainless Steel 304,25.4,3.38,8.976,16.78,49.99,84589
Stainless Steel 316,38.1,3.56,11.956,36.766,80.59,217051
Stainless Steel 316,152.4,6.35,5.985,136.525,54.73,761475
Stainless Steel 316,25.4,1.65,2.97,2.937,21.45,19442
PVC,25.4,3.38,9.043,2.974,26.61,11606
Stainless Steel 304,38.1,3.56,11.967,37.038,65.07,178371
Stainless Steel 316,101.6,3.05,5.981,45.32,42.78,257587
Galvanized Steel,304.8,4.78,3.005,105.86,40.05,166563
Copper,50.8,1.65,8.953,20.864,43.78,258518
Copper,76.2,5.16,5.972,61.381,43.23,744434
Stainless Steel 316,152.4,3.4,3.007,38.892,35.79,220761
HDPE,101.6,3.05,5.992,5.364,22.69,13569
Stainless Steel 316,254.0,3.4,11.989,258.816,80.93,1437646
Stainless Steel 304,50.8,2.77,9.009,30.569,47.88,146142
Carbon Steel,203.2,7.04,2.985,101.892,36.43,129599
HDPE,76.2,3.05,12.045,8.011,37.19,21369
Copper,101.6,3.05,3.049,25.759,25.44,313344
HDPE,101.6,2.11,12.031,7.573,33.49,19420
Stainless Steel 304,50.8,2.77,6.028,19.967,40.81,97841
PVC,38.1,1.65,12.002,3.137,31.79,13191
Carbon Steel,25.4,3.38,2.996,5.47,19.17,10302
Copper,101.6,5.74,11.976,184.257,73.85,2224038
Stainless Steel 316,38.1,2.77,12.021,29.411,67.09,174347
HDPE,25.4,2.77,11.992,2.256,33.76,9962
Stainless Steel 304,50.8,3.91,9.035,41.253,55.85,196135
Carbon Steel,50.8,2.77,3.019,9.988,18.86,15153
Copper,101.6,2.11,5.988,34.959,37.69,426884
Carbon Steel,25.4,2.77,12.011,18.447,45.39,30512
Galvanized Steel,38.1,2.77,6.021,14.381,29.86,26980
Copper,76.2,3.05,11.999,77.957,62.39,948158
Stainless Steel 304,25.4,1.65,11.963,11.767,64.98,64453
Stainless Steel 316,152.4,3.4,6.026,77.068,53.68,434161
Carbon Steel,152.4,2.77,9.024,92.113,42.92,118145
Stainless Steel 316,101.6,2.11,3.045,15.899,25.04,92185
Copper,38.1,1.65,8.987,14.983,44.71,187612
Carbon Steel,152.4,2.77,3.04,31.112,25.18,41729
Stainless Steel 316,38.1,2.77,3.033,7.371,26.26,45210
PVC,254.0,3.4,12.047,46.198,44.59,109552
PVC,38.1,1.65,11.99,3.123,33.83,13112
Stainless Steel 304,76.2,5.16,5.97,54.382,47.38,253466
Carbon Steel,101.6,5.74,6.009,83.0,37.61,106165
Carbon Steel,50.8,1.65,3.046,6.198,16.45,10714
Carbon Steel,38.1,1.65,8.979,13.163,37.45,23299
Stainless Steel 304,101.6,2.11,3.025,16.186,26.39,77595
Stainless Steel 316,25.4,3.38,2.951,5.498,25.25,35430
PVC,203.2,7.04,11.953,71.872,44.92,165620
Copper,76.2,5.16,8.982,92.89,56.0,1125292
Galvanized Steel,76.2,5.16,8.977,80.527,48.13,130035
Stainless Steel 304,50.8,1.65,3.021,6.113,20.9,30780
PVC,50.8,3.91,11.953,9.519,35.29,27174
Stainless Steel 304,50.8,3.91,8.993,41.606,52.96,197022
Stainless Steel 304,50.8,3.91,11.999,55.066,64.02,258944
Carbon Steel,101.6,5.74,6.006,80.26,35.24,102669
Carbon Steel,203.2,2.77,5.993,83.561,35.13,106588
Stainless Steel 304,25.4,3.38,8.952,16.945,52.88,86125
Stainless Steel 316,76.2,3.05,9.028,49.897,59.37,285878
Copper,101.6,2.11,12.001,71.452,62.85,869268
PVC,101.6,2.11,8.983,8.303,26.3,23324
Carbon Steel,101.6,2.11,9.012,46.483,41.85,63574
Galvanized Steel,101.6,2.11,11.985,61.309,52.79,100770
HDPE,76.2,3.05,3.029,2.015,14.35,5339
Copper,152.4,3.4,12.046,172.328,60.87,2077829
Copper,50.8,1.65,6.02,13.668,31.04,168976
Carbon Steel,25.4,3.38,3.003,5.459,20.21,10197
Copper,203.2,2.77,11.977,187.292,62.91,2258615
Carbon Steel,152.4,6.35,12.05,269.866,62.43,334854
Stainless Steel 304,304.8,4.78,8.952,317.396,76.66,1442426
Stainless Steel 304,76.2,3.05,12.046,66.496,69.2,312147
Galvanized Steel,76.2,5.16,5.975,53.97,36.37,87413
PVC,152.4,6.35,8.971,36.4,37.87,86532
PVC,50.8,2.77,6.043,3.542,20.08,11404
Galvanized Steel,25.4,1.65,12.013,11.572,53.04,27194
Carbon Steel,101.6,5.74,9.01,123.076,49.26,156026
Stainless Steel 316,50.8,2.77,5.975,19.892,40.75,116297
Stainless Steel 304,38.1,3.56,3.008,9.335,24.89,46424
Stainless Steel 304,76.2,3.05,6.008,33.331,38.46,156834
Stainless Steel 304,101.6,5.74,8.99,126.105,66.02,579441
Carbon Steel,38.1,3.56,6.037,18.281,28.52,26071
Copper,38.1,3.56,6.04,20.473,34.89,252283
Stainless Steel 304,38.1,1.65,6.033,8.963,31.96,45825
Carbon Steel,38.1,2.77,9.05,21.711,42.81,33789
Carbon Steel,203.2,7.04,9.019,305.498,55.13,376599
Stainless Steel 316,50.8,1.65,3.005,6.057,23.52,37809
Galvanized Steel,25.4,3.38,9.011,16.27,46.3,33634
Stainless Steel 304,25.4,3.38,8.979,16.787,50.63,85067
Copper,101.6,3.05,12.04,102.249,64.72,1238313
Stainless Steel 316,38.1,3.56,12.003,37.569,67.12,218599
Stainless Steel 304,76.2,2.11,12.04,47.627,60.69,225272
Carbon Steel,76.2,3.05,5.994,32.468,31.25,44573
Stainless Steel 304,25.4,1.65,8.997,8.764,45.24,48134
Carbon Steel,152.4,6.35,9.036,205.854,52.55,256569
PVC,38.1,3.56,2.983,1.635,13.44,5353
Carbon Steel,152.4,3.4,3.026,38.289,23.95,49937
Stainless Steel 316,38.1,2.77,12.028,29.613,69.76,175728
Copper,76.2,3.05,3.023,18.933,24.35,230977
Stainless Steel 316,38.1,3.56,3.023,9.351,25.97,56544
Stainless Steel 304,38.1,1.65,11.965,18.153,61.79,92725
HDPE,50.8,1.65,3.025,0.736,11.25,3206
PVC,38.1,3.56,6.038,3.278,20.56,11343
Stainless Steel 304,50.8,2.77,12.034,40.138,66.23,192427
Stainless Steel 304,38.1,3.56,12.022,36.618,70.19,177132
Galvanized Steel,50.8,2.77,6.007,19.611,29.76,34705
Carbon Steel,25.4,2.77,5.976,9.261,25.72,15955
Carbon Steel,101.6,3.05,3.026,22.126,20.62,30237
PVC,25.4,2.77,12.013,3.331,32.5,13298
Carbon Steel,203.2,7.04,12.025,404.523,69.56,498608
Carbon Steel,76.2,3.05,12.013,64.772,53.13,87162
Stainless Steel 304,76.2,5.16,6.029,54.682,42.84,253804
Galvanized Steel,38.1,1.65,12.022,17.846,52.65,36513
Stainless Steel 304,101.6,5.74,9.005,124.777,64.54,572971
Carbon Steel,25.4,3.38,8.978,16.419,38.23,26455
HDPE,304.8,4.78,6.05,25.969,31.66,52720
PVC,50.8,3.91,9.011,7.368,30.84,21858
Stainless Steel 316,152.4,3.4,5.956,75.514,51.74,424485
Carbon Steel,50.8,3.91,12.014,53.973,52.77,74599
Carbon Steel,101.6,2.11,2.951,15.373,19.25,22856
Carbon Steel,25.4,2.77,9.045,13.936,36.26,23665
Carbon Steel,76.2,3.05,3.014,16.298,21.09,22976
Stainless Steel 304,25.4,2.77,5.974,9.369,37.05,49915
Carbon Steel,25.4,1.65,2.984,2.889,15.78,6705
Stainless Steel 316,76.2,5.16,5.989,54.547,50.43,309269
PVC,25.4,3.38,5.972,1.962,18.97,8273
Stainless Steel 304,25.4,1.65,11.966,11.775,59.6,64066
Carbon Steel,50.8,2.77,2.957,9.711,17.63,14938
PVC,76.2,3.05,3.029,3.0,15.41,9719
Stainless Steel 316,50.8,1.65,2.979,6.014,22.23,36955
Stainless Steel 304,304.8,4.78,9.002,321.842,70.65,1460786
Stainless Steel 304,50.8,1.65,11.975,24.468,61.93,120898
Carbon Steel,152.4,3.4,11.987,149.907,58.33,190353
Galvanized Steel,254.0,3.4,5.991,126.061,45.22,197112
Carbon Steel,203.2,2.77,12.045,164.82,57.59,207494
Stainless Steel 304,25.4,1.65,6.011,5.937,32.1,32013
PVC,25.4,3.38,8.979,2.974,27.2,10953
PVC,38.1,2.77,12.03,5.115,35.07,17532
PVC,101.6,3.05,12.03,15.529,37.51,42332
HDPE,38.1,1.65,8.987,1.631,24.62,7972
PVC,101.6,5.74,12.019,28.926,43.53,72571
Stainless Steel 316,25.4,2.77,2.976,4.67,24.11,30460
PVC,25.4,1.65,5.966,1.041,17.4,5242
PVC,38.1,2.77,8.994,3.845,27.44,13126
Stainless Steel 304,50.8,1.65,2.996,6.262,20.57,31711
PVC,25.4,2.77,5.98,1.638,19.81,7445
HDPE,38.1,2.77,5.953,1.768,20.5,7143
Carbon Steel,38.1,2.77,3.022,7.127,18.42,11742
Stainless Steel 316,50.8,2.77,6.042,20.302,38.3,118841
Carbon Steel,76.2,3.05,6.024,33.062,31.02,44395
Carbon Steel,25.4,1.65,5.975,5.767,24.54,11099
Stainless Steel 304,25.4,3.38,12.002,22.549,70.07,114327
Copper,25.4,3.38,5.997,12.686,35.5,159030
Stainless Steel 316,38.1,3.56,5.956,18.336,41.28,108302
Carbon Steel,25.4,1.65,6.006,5.766,23.73,11314
Carbon Steel,152.4,6.35,11.97,277.035,63.1,344700
Carbon Steel,76.2,5.16,6.045,54.835,32.33,71034
Stainless Steel 316,101.6,3.05,5.962,44.569,45.35,253511
Stainless Steel 316,25.4,1.65,2.979,2.971,22.41,20509
Stainless Steel 304,50.8,2.77,6.04,20.089,40.84,98544
Stainless Steel 304,101.6,5.74,6.0,81.783,49.37,376678
PVC,203.2,3.96,3.011,10.225,20.37,26323
PVC,25.4,2.77,6.008,1.668,19.56,6883
Galvanized Steel,50.8,1.65,8.956,17.893,37.22,33608
Carbon Steel,101.6,2.11,11.977,62.047,55.21,84225
HDPE,50.8,2.77,8.964,3.604,27.51,11723
Stainless Steel 304,101.6,3.05,6.034,44.913,43.87,209547
Carbon Steel,50.8,1.65,8.998,17.86,38.19,27785
Stainless Steel 304,254.0,4.78,2.986,90.122,41.31,413439
Stainless Steel 316,50.8,2.77,12.012,39.733,68.58,230600
Stainless Steel 316,152.4,3.4,5.961,74.856,49.59,420023
PVC,76.2,2.11,9.006,6.181,27.05,19318
Stainless Steel 316,25.4,2.77,12.011,18.982,64.64,115817
Stainless Steel 316,50.8,2.77,9.01,29.791,57.47,174289
Stainless Steel 304,76.2,5.16,12.003,112.507,75.29,518508
Stainless Steel 304,25.4,3.38,8.993,17.032,55.36,87331
Stainless Steel 304,38.1,1.65,12.049,17.927,64.08,92506
HDPE,50.8,2.77,2.953,1.161,14.92,4428
Stainless Steel 316,254.0,4.78,3.013,90.232,44.07,503378
Stainless Steel 304,76.2,3.05,3.028,16.906,27.85,81185
PVC,152.4,6.35,3.02,12.44,22.01,31079
Stainless Steel 304,101.6,2.11,2.96,15.614,26.77,75226
Stainless Steel 304,101.6,5.74,2.988,41.522,36.44,194066
Copper,38.1,2.77,6.047,16.507,35.07,204971
Carbon Steel,50.8,3.91,8.991,40.635,38.97,56468
Stainless Steel 304,38.1,3.56,2.961,8.994,22.78,44736
Galvanized Steel,38.1,1.65,3.021,4.435,16.66,9811
Stainless Steel 304,25.4,1.65,8.956,8.726,47.48,47889
HDPE,38.1,2.77,11.955,3.5,32.48,10808
Carbon Steel,50.8,1.65,6.01,12.083,28.59,19759
Stainless Steel 316,50.8,3.91,8.968,41.695,64.38,241681
Carbon Steel,76.2,2.11,5.984,23.11,29.44,32307
Copper,25.4,3.38,3.021,6.302,22.74,79890
Carbon Steel,203.2,2.77,2.96,40.479,26.66,52949
Stainless Steel 316,25.4,2.77,8.963,14.558,56.84,90207
Carbon Steel,76.2,2.11,9.008,34.658,38.68,49239
PVC,101.6,3.05,2.952,3.947,14.82,10659
PVC,76.2,3.05,11.959,11.761,38.39,33236
Stainless Steel 316,38.1,2.77,12.021,29.912,71.7,177005
Galvanized Steel,38.1,2.77,3.012,7.131,19.45,13615
Stainless Steel 316,38.1,1.65,11.975,18.411,68.52,113942
PVC,152.4,2.77,11.951,21.776,40.86,55440
Stainless Steel 316,76.2,5.16,5.987,55.17,52.61,312326
PVC,152.4,6.35,3.0,12.222,21.87,30885
Stainless Steel 304,25.4,3.38,9.022,16.998,47.23,84973
Stainless Steel 304,38.1,1.65,8.984,13.472,47.7,69579
Carbon Steel,152.4,3.4,12.03,152.668,57.11,193914
PVC,25.4,3.38,8.971,2.923,26.1,11428
Carbon Steel,76.2,5.16,6.015,55.015,36.24,72695
Carbon Steel,152.4,2.77,5.954,60.792,36.27,79832
Galvanized Steel,38.1,1.65,5.95,8.743,30.92,18950
Carbon Steel,25.4,1.65,3.021,2.92,15.23,5578
HDPE,152.4,2.77,9.04,11.075,34.55,25677
Copper,254.0,8.56,8.97,524.428,74.19,6306856
PVC,38.1,3.56,2.995,1.627,13.55,6094
Stainless Steel 304,101.6,5.74,2.987,41.664,34.08,193505
Stainless Steel 304,38.1,3.56,2.962,9.128,27.18,45809
Stainless Steel 304,25.4,2.77,12.046,19.03,60.76,97164
Carbon Steel,38.1,3.56,2.96,9.003,18.69,14873
PVC,38.1,3.56,8.963,4.942,29.25,16207
HDPE,76.2,2.11,9.049,4.268,27.86,12380
Copper,25.4,3.38,2.974,6.231,21.92,78165
Stainless Steel 304,101.6,3.05,2.986,22.752,26.87,107315
Carbon Steel,50.8,3.91,2.973,13.071,21.6,19805
HDPE,76.2,2.11,11.97,5.545,33.44,15814
Carbon Steel,203.2,7.04,9.023,308.419,60.93,380867
Stainless Steel 316,25.4,1.65,8.995,8.831,48.47,57333
Copper,101.6,2.11,5.964,35.276,35.7,429520
Stainless Steel 304,76.2,5.16,9.039,83.879,64.82,389320
Carbon Steel,152.4,2.77,12.04,125.547,53.12,160157
Carbon Steel,101.6,2.11,6.014,30.794,30.68,42157
Stainless Steel 304,25.4,3.38,2.982,5.569,24.47,28937
HDPE,203.2,3.96,3.029,7.086,17.05,16808
PVC,101.6,3.05,12.037,15.999,38.57,41964
Stainless Steel 316,254.0,3.4,5.995,128.77,56.3,718769
Carbon Steel,25.4,2.77,8.986,14.144,36.12,23671
PVC,25.4,3.38,6.038,1.973,21.34,8196
PVC,38.1,2.77,5.952,2.534,19.24,9345
Copper,50.8,3.91,12.024,62.755,59.84,764259
Galvanized Steel,76.2,5.16,8.989,80.371,49.81,129790
Carbon Steel,38.1,3.56,8.978,27.132,42.02,40088
Copper,76.2,3.05,8.981,56.633,49.35,688811
Carbon Steel,38.1,1.65,5.997,9.068,24.42,14982
PVC,254.0,3.4,9.004,33.671,36.43,80094
Stainless Steel 316,76.2,3.05,6.022,33.536,45.64,192236
HDPE,76.2,5.16,5.964,6.481,24.07,16529
Carbon Steel,25.4,2.77,11.963,18.741,45.22,30322
HDPE,304.8,4.78,2.988,12.468,22.54,25881
Stainless Steel 304,38.1,3.56,12.045,37.57,62.18,181130
Stainless Steel 304,25.4,2.77,12.003,18.892,57.9,94895
PVC,50.8,1.65,9.031,3.245,26.76,11739
Carbon Steel,254.0,8.56,9.01,464.047,65.51,569405
PVC,50.8,2.77,12.02,7.007,34.76,21406
Stainless Steel 304,152.4,3.4,5.997,75.725,47.53,348382
Stainless Steel 304,50.8,1.65,3.046,6.262,23.04,32352
Carbon Steel,25.4,2.77,8.976,13.775,37.21,23811
Stainless Steel 316,25.4,3.38,2.974,5.454,24.12,34093
HDPE,50.8,1.65,8.961,2.162,25.28,8382
Copper,50.8,1.65,11.972,27.328,58.99,337859
Stainless Steel 304,38.1,1.65,6.001,8.974,32.66,46686
Carbon Steel,254.0,4.78,2.958,86.769,31.11,109300
HDPE,38.1,1.65,11.951,2.179,34.04,9744
Galvanized Steel,50.8,1.65,2.966,5.891,18.91,12207
Stainless Steel 304,38.1,3.56,3.047,9.344,26.62,46270
PVC,50.8,1.65,9.011,3.246,27.1,11716
Stainless Steel 316,38.1,2.77,11.963,28.887,67.96,169807
Stainless Steel 304,25.4,3.38,9.002,16.944,53.95,86162
PVC,152.4,6.35,6.033,24.618,29.93,59852
Stainless Steel 304,38.1,2.77,6.009,14.767,37.3,73132
Stainless Steel 304,38.1,1.65,8.954,13.57,42.21,68442
Carbon Steel,101.6,2.11,9.0,45.725,43.52,62666
Galvanized Steel,38.1,2.77,9.007,21.775,42.0,40805
HDPE,38.1,1.65,11.974,2.155,33.52,9525
Stainless Steel 316,50.8,1.65,8.998,18.268,49.7,109746
Stainless Steel 316,25.4,1.65,5.953,5.871,33.23,38668
PVC,38.1,2.77,6.027,2.574,18.5,8040
Stainless Steel 304,50.8,2.77,11.956,39.378,67.3,189553
HDPE,76.2,3.05,11.95,7.864,34.21,20878
Stainless Steel 304,50.8,2.77,6.035,20.065,35.11,97346
PVC,50.8,1.65,8.952,3.233,25.74,11267
Carbon Steel,101.6,5.74,8.964,122.402,50.58,156325
PVC,50.8,3.91,5.989,4.89,22.69,14472
Stainless Steel 316,76.2,2.11,2.951,11.738,24.37,68345
HDPE,25.4,3.38,3.012,0.67,12.99,3148
PVC,38.1,1.65,11.954,3.191,32.77,12882
Stainless Steel 304,76.2,3.05,6.048,34.389,36.29,161841
Stainless Steel 304,203.2,3.96,6.028,119.398,54.34,547178
Carbon Steel,50.8,2.77,9.029,29.616,41.22,42943
Stainless Steel 316,101.6,2.11,5.963,31.56,42.54,182298
HDPE,25.4,2.77,5.969,1.132,19.99,5570
Stainless Steel 304,101.6,2.11,8.962,46.47,56.64,219513
Carbon Steel,38.1,3.56,2.961,8.99,18.93,14229
PVC,25.4,3.38,11.952,3.88,33.56,14293
Carbon Steel,38.1,2.77,3.045,7.319,18.28,12768
Carbon Steel,38.1,1.65,12.047,18.004,49.12,30898
Stainless Steel 304,25.4,2.77,8.997,13.947,51.45,71709
PVC,254.0,4.78,6.031,31.343,31.55,74766
Copper,152.4,6.35,2.98,77.836,35.29,939969
Stainless Steel 304,50.8,3.91,9.031,41.46,56.8,196763
HDPE,50.8,2.77,8.996,3.559,24.89,10288
HDPE,25.4,1.65,11.967,1.403,31.87,7327
PVC,76.2,3.05,2.95,2.899,14.58,9025
Carbon Steel,152.4,2.77,12.027,122.326,63.16,158980
PVC,38.1,3.56,11.99,6.587,34.31,20436
Carbon Steel,25.4,3.38,5.96,11.022,30.29,18188
Carbon Steel,50.8,1.65,5.961,11.78,26.81,19265
HDPE,38.1,1.65,2.971,0.536,10.88,2514
Galvanized Steel,25.4,3.38,11.961,21.726,54.51,43204
Carbon Steel,50.8,1.65,12.021,24.23,47.03,37545
Carbon Steel,50.8,2.77,6.006,19.607,28.14,28144
Carbon Steel,38.1,2.77,9.036,21.994,36.46,33756
Stainless Steel 316,101.6,2.11,2.952,15.653,26.44,91044
Carbon Steel,101.6,3.05,12.042,89.689,50.46,116018
Stainless Steel 316,25.4,1.65,8.955,8.94,54.37,58404
Copper,50.8,1.65,3.004,6.877,20.33,86203
Stainless Steel 316,50.8,1.65,8.975,18.245,48.66,109964
Stainless Steel 316,38.1,2.77,8.95,21.63,53.45,128802
Stainless Steel 304,25.4,2.77,5.999,9.423,37.78,49669
Stainless Steel 304,152.4,6.35,3.041,71.979,41.65,331611
Carbon Steel,25.4,1.65,9.009,8.772,37.2,18133
Carbon Steel,203.2,7.04,8.992,309.807,52.74,380327
Carbon Steel,152.4,3.4,3.041,38.093,25.3,49737
HDPE,203.2,2.77,6.013,10.0,25.85,23544
Stainless Steel 304,38.1,3.56,9.024,27.612,49.63,132068
HDPE,50.8,1.65,2.968,0.705,11.87,3499
Carbon Steel,50.8,2.77,12.043,40.263,44.54,56268
Stainless Steel 304,38.1,3.56,12.027,36.752,65.53,177054
